model,mae,rmse
Naive,0.15852281352441688,0.25524200121261986
EWMA,0.15398105268106652,0.24149526941519797
