model,mae,rmse
Naive,0.15990606983297556,0.2778290824627012
EWMA,0.15588225223960295,0.261711557928572
