model,mae,rmse
Naive,0.12758630266914067,0.2034990997988594
EWMA,0.12474457393765585,0.19356146806548322
