model,mae,rmse
Naive,0.41267142590079253,1.2513957288438793
EWMA,0.43367085060436067,1.2233607400343605
