model,mae,rmse
Naive,0.20238673428724022,0.34774682817655655
EWMA,0.2023040805493436,0.3389432974223369
