model,mae,rmse
Naive,0.15363252135115085,0.2357298617493772
EWMA,0.1430918192883843,0.2193818845367497
