model,mae,rmse
Naive,0.1551908290896543,0.25513114275529886
EWMA,0.15588188061343722,0.24553211338943423
