model,mae,rmse
Naive,0.1791273508952191,0.3259026288414907
EWMA,0.17482769173354318,0.31415030249709336
