tree
version=v4
num_class=1
num_tree_per_iteration=1
label_index=0
max_feature_idx=64
objective=quantile
feature_names=log_return volume_zscore_20 volume_zscore_60 volume_ratio_20 volume_spike vp_position vp_width_pct vp_above_va dist_to_sma_20 dist_to_sma_50 dist_to_sma_200 dist_to_ema_20 dist_to_ema_50 sma_20_slope_norm sma_50_slope_norm momentum_10 momentum_20 rsi_14 price_position_ma trend_signal trend_strength day_of_week day_of_month week_of_month is_month_end is_month_start overnight_gap overnight_gap_zscore rv_5d rv_10d rv_20d rv_30d rv_60d ewma_vol_10d ewma_vol_20d parkinson_vol_10d parkinson_vol_20d gk_vol_10d gk_vol_20d vol_ratio_5_20 vol_ratio_park_rv vol_ratio_20_60 up_vol_20d down_vol_20d vol_asymmetry_20d vol_momentum_5d vol_momentum_10d beta_30d correlation_30d index_vol_30d beta_60d correlation_60d index_vol_60d beta_change ivr opm vds pocs irr hvc sector_id sector_encoded liquidity_rank is_blue_chip lot_size_log
feature_infos=[-0.53194433450698853:0.54405128955841064] [-2.9167771339416504:4.2484331130981445] [-2.532334566116333:7.6159577369689941] [-0.93768823146820068:17.269147872924805] -1:0:1 [-37.393833160400391:74.212486267089844] [0:1.0858263969421387] -1:1:2:0 [-0.51774817705154419:0.39768233895301819] [-0.59907764196395874:0.59272325038909912] [-0.70756953954696655:1.1583505868911743] [-0.48010116815567017:0.34518074989318848] [-0.5698128342628479:0.52751505374908447] [-0.07600606232881546:0.02037774957716465] [-0.037335850298404694:0.0092539601027965546] [-0.95609402656555176:0.49995595216751099] [-0.94378799200057983:0.56540507078170776] [0:99.895339965820312] -1:2:0:1 -1:2:0:1 [0:0.39310362935066223] -1:2:3:4:1:0 [1:31] [1:5] -1:0:1 -1:0:1 [-0.12354005873203278:0.10481586307287216] [-7.5462174415588379:7.3526492118835449] [0:6.0937619209289551] [0:4.1158733367919922] [0:2.8651947975158691] [0:2.3821480274200439] [0:1.7323038578033447] [0:4.9097566604614258] [0:3.6837606430053711] [0:3.2581748962402344] [0:2.3732292652130127] [0:3.5000545978546143] [0:2.5602817535400391] [0:2.1449246406555176] [0:2.5692489147186279] [0:1.7259560823440552] [0:1.9645488262176514] [0:1.947406530380249] [0:8.2449407577514648] [-0.7978864312171936:4.3669052124023438] [-0.81826740503311157:5.8367457389831543] [-2.149630069732666:4.7820296287536621] [-0.51312440633773804:0.97729957103729248] [0:1.4185420274734497] [-1.1817560195922852:3.949810266494751] [-0.36254426836967468:0.9650154709815979] [0:1.0910866260528564] [-2.2545194625854492:2.1177244186401367] [0:1.7220042943954468] [-0.051046513020992279:0.029348604381084442] [-3.5092089176177979:3.508314847946167] [-0.61577689647674561:0.83781725168228149] [0:0.68322354555130005] [0:0.44444850087165833] -1:4:1:2:3:8:11:7:10:0:5:6:9 [0:11] [0:28] [0:1] [0:9.2104406356811523]
tree_sizes=6661 6968 7017 6985 6994 6995 6981 6977 6960 7007 6991 6942 6993 7009 6971 6999 7006 7006 6956 7030 6984 7006 6985 6966 6957 6989 6976 6953 6946 6961 7015 7007 7036 6980 6980 7022 7031 6993 7011 7036 7016 7004

Tree=0
num_leaves=63
num_cat=2
split_feature=35 34 34 11 11 38 20 34 38 9 37 11 3 17 11 44 6 60 52 22 52 52 60 52 52 11 5 37 8 52 52 62 37 62 53 41 51 30 20 14 10 46 22 40 30 42 50 9 10 10 48 22 52 10 41 46 3 52 52 39 6 62
split_gain=637.845 118.069 105.874 30.1965 24.4201 20.766 23.8321 16.6723 13.3107 11.797 10.9228 10.3009 10.073 9.03866 8.07241 8.0061 7.69109 7.59809 8.39913 7.51358 7.4462 16.889 8.24508 6.37696 11.001 6.18884 6.14344 5.98299 5.22494 10.4497 10.7382 5.20017 5.14573 5.11641 6.48516 6.37061 7.71752 5.26716 5.63627 4.95709 7.6888 4.87639 4.84647 4.74862 4.73512 4.73112 4.72239 4.54181 5.24666 4.49292 4.39092 4.75636 4.35787 6.96589 4.66218 4.35373 4.32512 4.27939 4.25576 4.00151 3.97699 4.36821
threshold=0.25333061814308172 0.45801284909248358 0.18020115047693255 -0.049755709245800965 0.040367843583226211 0.2318433299660683 0.0045088022015988835 0.32769511640071874 0.1820834428071976 0.12000889331102373 0.14936380088329318 -0.08254691585898398 -0.35369236767292017 1.0000000180025095e-35 -0.028259327635169026 3.1649883985519414 0.080284859985113158 0 0.10859649628400804 14.500000000000002 0.23121363669633868 0.35591617226600653 1 0.35591617226600653 0.2169860973954201 -0.032201670110225671 0.74945616722106945 0.12324490398168565 -0.0018152128322981296 0.10447174683213235 0.099421620368957533 3.5000000000000004 0.20384272933006289 15.500000000000002 0.31063716113567358 1.0938674807548525 0.62819236516952526 0.25463137030601507 0.036015067249536521 0.0024241253267973666 -0.074859317392110811 -0.18095082044601438 22.500000000000004 0.90453845262527477 0.33486795425415045 0.070749919861555113 0.72499942779541027 0.083175953477621092 0.29242774844169622 0.24464473128318789 0.83459389209747326 24.500000000000004 0.16365244239568713 0.13700035959482196 0.88284185528755199 -0.18377034366130826 -0.015306388493627308 0.23121363669633868 0.29113319516181951 1.0130486488342287 0.070885930210351958 4.5000000000000009
decision_type=2 2 2 2 2 2 2 2 2 2 2 2 2 2 2 2 2 1 2 2 2 2 1 2 2 2 2 2 2 2 2 2 2 2 2 2 2 2 2 2 2 2 2 2 2 2 2 2 2 2 2 2 2 2 2 2 2 2 2 2 2 2
left_child=2 3 8 -2 5 6 17 9 13 20 -8 -3 19 -1 -10 -13 23 -4 -19 44 22 -22 -5 24 39 45 42 -15 29 30 -29 52 -20 34 35 49 -37 38 -36 40 -7 -16 -6 -21 -9 -12 -26 48 -27 -24 55 -52 53 -28 -55 -14 -57 -43 -48 -47 -38 -62
right_child=1 11 4 7 26 16 10 12 14 -11 25 15 50 27 41 -17 -18 18 32 43 21 -23 33 -25 46 47 31 28 -30 -31 -32 -33 -34 -35 37 36 60 -39 -40 -41 -42 57 -44 -45 -46 59 58 -49 -50 -51 51 -53 -54 54 -56 56 -58 -59 -60 -61 61 -63
leaf_value=0.22372938874343856 0.22988273128867148 0.24248580834169028 0.22151973769068717 0.22282691895961762 0.22512392120272162 0.22536287978291511 0.21833182447282848 0.22290348410606384 0.22460126280784606 0.22583414539694785 0.22087469547986985 0.23118320479989052 0.22975880877519889 0.21777444779872895 0.2218915455043316 0.2213233065449205 0.22475672438740729 0.22710882651007575 0.21975964680314064 0.22176616713404657 0.22921733930706978 0.22066894518468269 0.22450535835502333 0.22111559308810971 0.22408808126265939 0.22145376652479171 0.22136380414140788 0.22016877979040145 0.21978931674936406 0.22010424653320898 0.22725581909699502 0.22458079010248183 0.22560149952769279 0.22558284327387809 0.2198154866695404 0.22225624322891235 0.22736337779232446 0.22024553102083147 0.22786247506737708 0.2241759395474309 0.22225726544857025 0.22046346453586951 0.22753572748129883 0.22435315698385239 0.22801054343581201 0.22233350276947023 0.2313050467000102 0.22365383857647028 0.22032915419706406 0.22695971503853798 0.22394203936047213 0.2206140944868345 0.22484974728581206 0.22025882049381243 0.2256481902675127 0.22607110068202019 0.22781265601515771 0.22474090240589789 0.2251527987420559 0.22501292394610853 0.2205943731845971 0.2256538091178992
leaf_weight=74.415516972541809 586.63470935821533 765.87917363643646 143.2416335940361 755.05112934112549 160.4209144115448 58.109194576740265 239.83378052711487 44.781761169433594 92.406846821308136 480.65442281961441 48.773402452468872 1903.8322178125381 237.78083121776581 855.25764662027359 347.10157084465027 25.1312255859375 347.51247882843018 162.41386425495148 63.28339958190918 93.476173400878906 312.08120626211166 103.10097187757492 717.21662122011185 182.44527417421341 93.345217883586884 1806.1720513701439 71.254559874534607 171.53744041919708 1014.7467762231827 495.24269479513168 46.144388318061829 364.87096631526947 71.571323871612549 560.7787601351738 27.204863131046295 267.46538132429123 69.467238664627075 52.835946321487427 31.873710155487061 355.19884043931961 1019.2818165421486 816.54334568977356 95.200528800487518 270.30557525157928 233.59578382968903 86.681434154510498 72.59072607755661 93.944489240646362 79.661291480064392 111.63329195976257 47.807505548000336 24.916090071201324 51.693092465400696 40.806849002838135 70.103740453720093 587.24239271879196 910.79810184240341 22.055906891822815 30.243601202964783 96.660546183586121 33.923819541931152 56.169617533683777
leaf_count=75 617 762 159 892 152 68 193 52 101 527 45 1980 252 753 364 22 335 144 55 82 315 114 648 181 104 1689 52 164 936 481 33 385 63 716 25 251 55 43 25 347 1081 850 77 304 248 85 61 80 52 108 35 18 27 21 38 608 943 25 31 95 18 57
internal_value=0.223994 0.233375 0.215118 0.22978 0.219353 0.218031 0.21526 0.228725 0.208765 0.226548 0.213336 0.242198 0.231904 0.206745 0.21297 0.240239 0.221745 0.225958 0.230424 0.226513 0.225415 0.231646 0.224449 0.220436 0.221433 0.21444 0.227167 0.20625 0.207957 0.211265 0.220426 0.224388 0.22145 0.226182 0.22454 0.225572 0.220617 0.213018 0.223369 0.21991 0.218221 0.21186 0.233656 0.221793 0.232698 0.222191 0.232527 0.213534 0.213 0.22813 0.233815 0.221838 0.218578 0.214931 0.22282 0.234319 0.233313 0.209791 0.239913 0.225851 0.229299 0.222416
internal_weight=19152.4 9311.64 9840.77 6616.8 5905.32 5050.96 2892.24 6030.16 3935.45 3579.46 2451.73 2694.84 2450.7 2657.34 1278.11 1928.96 2158.73 440.51 297.269 642.159 3098.8 415.182 2683.62 1811.21 1628.77 2211.89 854.351 2582.93 1727.67 712.925 217.682 598.729 134.855 1928.57 1367.79 1255.88 427.026 111.915 59.0786 1432.59 1077.39 1185.7 255.621 363.782 278.378 232.115 196.18 1979.78 1885.83 828.85 1808.54 72.7236 233.858 182.165 110.911 1735.82 1498.04 838.599 102.834 183.342 159.561 90.0934
internal_count=19119 9717 9402 6953 5620 4868 2660 6336 3782 3794 2239 2764 2542 2442 1340 2002 2208 421 262 686 3267 429 2838 1873 1692 2046 752 2367 1614 678 197 523 118 1946 1230 1137 381 93 50 1496 1149 1239 229 386 300 225 196 1821 1741 756 1856 53 138 111 59 1803 1551 875 92 180 130 75
cat_boundaries=0 1 2
cat_threshold=2408 2825
is_linear=0
shrinkage=1


Tree=1
num_leaves=63
num_cat=3
split_feature=37 34 34 8 8 36 17 34 37 60 22 1 37 44 44 37 48 8 15 60 38 52 10 30 32 48 20 49 8 44 52 8 47 32 47 49 49 17 49 6 44 31 45 61 47 52 48 10 47 62 10 44 0 10 17 60 29 51 10 28 32 33
split_gain=577.02 110.63 100.68 29.0858 24.8101 17.1266 19.4032 16.4636 14.8756 13.4482 12.6516 11.5843 10.6134 10.1625 9.41012 8.69779 8.58963 8.1153 7.63985 7.39006 7.35889 7.23588 9.52133 8.42637 7.18989 7.62368 8.35607 6.92357 6.87947 6.60399 6.46266 6.46052 6.23562 6.00132 5.85407 5.73984 5.4687 6.1699 5.29832 6.81486 5.2679 5.26496 5.2524 6.75351 5.04216 5.01304 4.96958 5.81422 4.96342 5.70316 4.86631 4.84342 4.73082 4.72632 4.72244 4.671 5.09298 5.08697 6.59718 4.61724 4.42206 4.91557
threshold=0.25602342188358312 0.47407391667366033 0.18020115047693255 -0.052612634375691407 0.048850560560822494 0.28078281879425054 12.388206005096437 0.31551249325275427 0.14936380088329318 0 14.500000000000002 -0.6054086685180663 0.34215991199016577 1.2359088659286501 0.36410050094127661 0.1511485502123833 0.78213989734649669 0.05841993726789952 -0.062882468104362474 1 0.22830719500780108 0.35591617226600653 -0.093427959829568849 0.25678482651710516 0.23633949458599093 0.6385006606578828 0.058765854686498649 0.16590104252099994 -0.11009629443287848 2.5944492816925053 0.12824487686157229 -0.039770632982254021 0.98494750261306774 0.50156748294830333 0.59358188509941112 0.22721418738365176 0.31397500634193426 79.858905792236342 0.16647300869226458 0.036356240510940559 1.6096183061599734 0.3015145361423493 0.015133492648601534 2.5000000000000004 1.2733623385429385 0.15983646363019946 0.40638315677642828 -0.30989417433738703 1.4539071321487429 24.000000000000004 0.072975039482116713 1.0456278920173647 0.012032086960971357 0.080116782337427153 66.131793975830092 2 0.19810842722654345 0.63247704505920421 0.13700035959482196 0.34988915920257574 0.23991926014423373 0.16461056470870974
decision_type=2 2 2 2 2 2 2 2 2 1 2 2 2 2 2 2 2 2 2 1 2 2 2 2 2 2 2 2 2 2 2 2 2 2 2 2 2 2 2 2 2 2 2 2 2 2 2 2 2 2 2 2 2 2 2 1 2 2 2 2 2 2
left_child=2 3 9 -2 5 6 -4 17 -8 32 33 46 29 -7 -11 -16 36 24 59 -20 30 22 41 40 42 26 34 55 -14 -3 -21 -17 35 45 -26 -1 37 -13 60 -40 -24 -22 43 51 -33 54 -12 -48 49 -27 -30 -5 -18 -46 -9 57 -57 -6 -59 -10 -32 -62
right_child=1 12 4 7 27 13 8 10 18 14 11 16 28 -15 15 31 52 -19 19 20 21 -23 23 -25 25 48 -28 -29 50 -31 38 44 -34 -35 -36 -37 -38 -39 39 -41 -42 -43 -44 -45 53 -47 47 -49 -50 -51 -52 -53 -54 -55 -56 56 -58 58 -60 -61 61 -63
leaf_value=-0.0051084549725055692 0.0055618994310498247 0.0039169854417945753 0.0024606620136914644 0.0029918007155014022 -0.0021571623000359442 -0.00022166860809680612 -0.0053397572187577321 0.0035877459766122466 -0.00021812959350125472 5.849759821062997e-05 0.0024152222648262975 0.0017407487705349918 0.020253286527616918 0.0051356460154056557 -0.0045888555170565688 0.00051832054077119167 0.00035863773158227179 0.0019217155727427324 -0.0028494274616241463 -0.0015730069600429265 0.0050528519973158841 -0.0049395595718383888 0.00014780864119529752 -0.0020423078925743366 0.00095877844840288196 0.0031380258030462866 0.0025068525969982147 0.0041036041681634487 0.0080840599321691069 -0.0044346859149287489 -0.0037474492936832486 -0.0030355843651190362 0.00062928866809098768 0.00097985398024320598 -0.00098273610734136356 0.0007148312102338919 0.01047473181039095 0.0062894322350621236 0.0016184106848485475 -0.0015508574615631229 -0.0037791033089160917 -0.0002758291136300245 -0.001852317421015523 -0.00085009440779686011 -0.0020581958133775668 0.0056840475276112553 0.0013852503309603323 -0.0016305586323142052 -6.1637581228110583e-05 -0.0012368421256542209 0.0034839211031794551 -0.0036777723270075531 -0.0022504800930619241 0.0039069399749914616 0.00071103516966104514 0.0027527721971273428 0.00035446438938379346 -0.0023398279334160255 0.0015274075579754655 0.0038394453292029049 0.001742769591510296 -0.0016399914880321099
leaf_weight=978.59465360641479 717.27182120084763 71.244009435176849 189.6526312828064 116.73989629745483 158.17914861440659 394.73796445131302 252.65471547842026 304.49889087677002 183.12542694807053 106.3055904507637 120.85754501819611 759.4192401766777 587.93123137950897 138.87383699417114 1066.4629234075546 65.649375021457672 97.242265045642853 556.2860614657402 1111.4846333265305 879.92738509178162 59.037167429924011 47.878968596458435 678.84987497329712 346.6860436797142 259.4494566321373 349.53052598237991 332.29437696933746 172.49069994688034 1604.9427490234375 34.946694076061249 266.11346745491028 1541.6647213101387 21.764697074890137 174.48789244890213 675.35202169418335 18.27484130859375 136.32049709558487 100.75723117589951 40.532310664653778 56.476165533065796 41.518617808818817 27.621560156345367 455.94584512710571 264.33058494329453 76.097533285617828 638.05605965852737 39.107873558998108 317.30347740650177 147.70459586381912 58.477762162685394 180.72018843889236 28.289920508861542 47.765777230262756 23.031821846961975 173.164197742939 110.25664609670639 240.52258211374283 61.494809627532959 87.665852665901184 30.577882707118988 34.026501595973969 293.73593389987946
leaf_count=1101 752 69 182 92 138 409 207 344 184 98 141 832 581 136 812 66 79 604 1226 820 56 39 671 297 304 305 369 139 1652 27 186 1523 24 191 764 20 137 113 31 46 42 28 463 305 83 610 34 313 159 81 220 26 39 14 185 111 239 45 63 26 26 240
internal_value=-3.6201e-05 0.00884925 -0.00851286 0.00558068 -0.00439416 -0.00570598 -0.00670225 0.00446867 -0.00738542 -0.0147499 0.0072006 0.00425131 0.0179028 0.00276042 -0.0128118 -0.0134162 0.00698719 0.00201749 -0.00665719 -0.00716396 -0.00570424 -0.00277278 -0.00197662 -0.00327527 0.000877688 0.00266072 0.000514884 0.00361237 0.0185949 0.00238124 -0.00797946 -0.0111924 -0.0199003 0.0108965 -0.00190181 -0.0206748 0.00864333 0.00715753 -0.0116045 -0.000715271 -0.000185474 0.0139418 -0.00287244 0.0012284 -0.0118086 0.0122459 -0.00228182 -0.00526038 0.00754352 0.0103864 0.0170376 0.00990387 -0.00435747 -0.000822991 0.00834606 0.00126613 0.00513056 -0.00319153 0.00330314 0.0025285 -0.0133744 -0.00945003
internal_weight=19152.4 9350.44 9801.97 6870.65 5904.12 5073.51 4539.9 6153.38 4350.25 3897.85 2908.98 1618.77 2479.78 533.612 2879.21 2772.91 1141.51 3244.4 4097.59 3883.89 2772.4 1201.59 1153.71 1067.05 2688.11 1822.81 1267.1 830.61 2373.59 106.191 1570.81 1706.44 1018.63 1290.21 934.801 996.869 996.497 860.176 690.884 97.0085 720.368 86.6587 865.306 409.36 1640.79 1115.72 477.269 356.411 555.713 408.008 1785.66 145.03 145.008 99.1294 477.663 658.119 350.779 307.34 149.161 213.703 593.876 327.762
internal_count=19119 9791 9328 7242 5587 4852 4307 6490 4125 3741 3018 1688 2549 545 2596 2498 1200 3472 3918 3708 2482 1133 1094 1010 2868 1982 1437 735 2453 96 1349 1686 1145 1330 1068 1121 1082 945 529 77 713 84 886 423 1620 1139 488 347 545 386 1872 118 118 97 529 596 350 246 108 210 452 266
cat_boundaries=0 1 2 3
cat_threshold=1280 2376 1296
is_linear=0
shrinkage=0.05


Tree=2
num_leaves=63
num_cat=1
split_feature=37 34 36 11 11 36 30 60 15 37 22 1 49 14 49 14 11 44 49 6 37 11 36 10 38 32 34 10 10 44 14 47 20 52 10 30 50 32 11 15 5 10 49 14 51 45 39 31 39 37 39 38 31 61 44 64 15 50 6 47 52 62
split_gain=523.224 99.3912 97.6213 23.3427 22.7307 15.7717 15.7461 14.5773 14.5054 14.0867 13.1135 14.0041 12.7681 9.23018 10.6364 8.97532 9.51572 8.75665 8.44127 8.23727 9.58709 8.08103 8.58718 7.59705 7.41091 7.03418 6.74681 6.59243 6.32416 6.24699 6.35142 6.12756 6.03141 9.86756 6.74827 9.38694 5.92275 6.731 5.76022 6.82353 5.68281 5.92745 5.64286 5.56239 5.42664 5.37811 5.28148 5.43644 5.26481 5.1463 9.09737 5.22931 5.13872 5.07055 4.88549 4.87895 4.83122 4.80106 4.74748 5.36941 4.68879 4.61596
threshold=0.25602342188358312 0.18020115047693255 0.43466196954250341 -0.053076226264238351 0.040367843583226211 0.28326085209846502 0.090915646404027953 0 -0.1071186028420925 0.14936380088329318 15.500000000000002 0.38670073449611669 0.21722996234893802 0.0020243370672687892 0.28907994925975805 0.0023238770663738255 -0.02980795223265886 1.2359088659286501 0.2234204784035683 0.0051416694186627874 0.14197953045368197 -0.033724091947078698 0.21709516644477847 0.13444136828184131 0.24238976836204532 0.23069089651107791 0.38490460813045507 -0.29307122528553003 -0.38496848940849299 0.68144842982292186 0.0042996681295335301 0.98494750261306774 0.053622415289282806 0.35591617226600653 -0.067566983401775346 0.25678482651710516 0.98415416479110729 0.29969425499439245 -0.018643234856426712 0.076435081660747542 0.41972216963768011 -0.17245909571647641 0.22721418738365176 0.0024999644374474887 0.079041700810194029 0.069561757147312178 0.69655895233154308 0.22873000800609591 0.89729776978492748 0.35015343129634863 0.564866602420807 0.60490554571151745 0.19910314679145816 2.5000000000000004 2.3289592266082768 1.5455212593078616 0.095503766089677825 1.0685450434684756 0.035273423418402679 1.0855631828308108 0.33358369767665869 9.5000000000000018
decision_type=2 2 2 2 2 2 2 1 2 2 2 2 2 2 2 2 2 2 2 2 2 2 2 2 2 2 2 2 2 2 2 2 2 2 2 2 2 2 2 2 2 2 2 2 2 2 2 2 2 2 2 2 2 2 2 2 2 2 2 2 2 2
left_child=1 7 3 24 5 6 -3 31 -4 -8 12 13 26 14 18 16 -9 61 46 -18 -21 54 58 49 -2 -13 38 -20 -14 -15 43 42 34 48 -24 36 -36 -38 -5 44 -6 -42 -1 57 53 -27 -12 -48 -34 50 -10 60 -43 -40 -11 -46 -49 -31 59 -23 -51 -7
right_child=2 4 8 10 40 17 9 15 23 21 11 25 28 29 -16 -17 19 -19 27 20 -22 22 32 -25 -26 45 -28 -29 -30 30 -32 -33 33 -35 35 -37 37 -39 39 -41 41 52 -44 -45 55 -47 47 56 -50 51 -52 -53 -54 -55 -56 -57 -58 -59 -60 -61 -62 -63
leaf_value=-0.0048530322238802912 -0.0017837585806566502 0.0018286014785530464 0.017369707394041121 0.0029780390094965707 0.0032503765649271516 0.0017936471654022253 -0.0050661725566320832 0.00016852605807752153 -0.0015787699891827356 0.00064164483665284198 0.00079063034918143568 -0.00076801728704963251 -0.00043534594587981703 0.0020166535079479213 0.003236464124778857 -0.00041244407416119735 0.00059162603877991281 0.0049241520977627313 0.0034543632894259908 -0.0048532600843833405 -0.0028844113112243223 -0.0025365129685619081 0.00061287164129316817 0.0033097250480204816 0.0060732590388506667 0.0015722228419035673 0.0032742043491452936 -0.0032538307934420752 0.0049331507552415142 -0.00063132754125314885 0.001808702768757939 0.00059782423468643885 0.001950636888004019 -0.0046958904150796984 -0.0021495952525442548 -0.0024955994337797164 0.0002364241629838948 -0.0024064957126975054 0.0058749025239906646 0.0022395960248873582 0.004029503979564193 -0.0012863115550405938 0.00067908964972219761 -0.0014739597756415605 0.00070277055410803964 0.0040346465986222033 -0.0022989389885241587 -0.0007440482801535156 -0.0012187555702305023 0.0033665493857115512 0.0086107009522150748 0.0084250452350825081 0.00035834521948204342 0.00020288773542752466 -0.0019188710694701091 -0.0007606299648754769 0.0065322284407780514 0.0046796143737061245 -0.0024727451949597165 0.00043424569162752813 0.0068227288659246377 -0.0014372882779882567
leaf_weight=978.59465360641479 45.300561606884003 176.31086158752441 750.85470139980316 243.19697695970535 143.75104016065598 119.77320075035095 255.19162350893021 115.55401504039764 78.480107009410858 264.4564808011055 317.68572527170181 165.61135846376419 74.253677010536194 365.81076800823212 174.41185808181763 164.6614995598793 57.524381577968597 136.86034858226776 41.332342207431793 792.63614988327026 1748.8359192609787 354.06546705961227 219.60660403966904 188.44015842676163 499.05560499429703 351.32206308841705 230.65714037418365 266.27575904130936 710.26143223047256 50.433591544628143 106.30075442790985 21.764697074890137 179.69685846567154 40.62932825088501 526.29100596904755 396.72486871480942 382.49944174289703 91.31284511089325 80.986240386962891 372.98233848810196 26.373549282550812 99.714661538600922 18.27484130859375 233.1901438832283 512.82801651954651 347.15609437227249 170.60254037380219 456.87957113981247 126.50199168920517 404.4945222735405 74.503719508647919 832.31706529855728 651.13661468029022 90.687610983848572 67.689111411571503 504.07724016904831 25.231581211090088 42.487180233001709 1304.8034700155258 114.36492890119553 542.33024364709854 226.36652487516403
leaf_count=1101 42 164 752 267 123 90 210 113 77 270 334 162 69 397 173 144 56 135 39 578 1705 330 216 249 509 374 247 258 696 56 111 24 161 35 578 370 351 96 67 390 21 94 20 252 529 364 183 506 115 435 75 891 579 103 67 577 29 38 1213 95 540 274
internal_value=-7.70869e-05 -0.00814894 0.00838401 0.00498165 -0.00405671 -0.00539081 -0.00631272 -0.0143459 0.0160588 -0.00691063 0.0040714 0.00183272 0.00654218 -0.000242573 -0.00261839 -0.0123479 -0.0130784 0.00318789 -0.00420185 -0.0137028 -0.0141268 -0.00619371 -0.00685828 0.0139365 0.0148937 0.00724331 0.00444913 -0.0114212 0.0119649 0.0040739 0 -0.0196726 -0.00457491 0.00139603 -0.00585916 -0.00714092 -0.00455106 -0.000484281 0.00341577 0.00229656 0.00315609 0.00145897 -0.0204399 -0.00345482 0.000440378 0.00944099 -0.00190729 -0.00448378 0.00448367 0.0148721 0.00601367 0.0156307 0.000632208 0.00866314 0.00126714 -0.000943588 -0.0017562 0.00685664 -0.00938312 -0.00504383 0.0130681 -0.00103279
internal_weight=19152.4 9801.97 9350.44 6479.02 5904.12 4983.14 4500.14 3897.85 2871.42 4323.83 5934.66 3114.73 2819.93 2250.64 1452.42 2879.21 2714.55 483 1278.01 2599 2541.47 4068.64 3736.5 2120.57 544.356 864.09 2035.42 307.608 784.515 798.222 432.412 1018.63 1963.26 346.828 1616.43 1396.83 1000.1 473.812 1804.76 1561.56 920.976 777.225 996.869 326.111 1188.58 698.478 970.399 652.714 306.199 1932.13 152.984 1779.14 750.851 171.674 332.146 1016.91 482.111 92.9208 1773.23 468.43 946.825 346.14
internal_count=19119 9328 9791 6772 5587 4770 4271 3741 3019 4107 6221 3276 2945 2376 1522 2596 2452 499 1349 2339 2283 3897 3560 2267 551 900 2180 297 765 854 457 1145 1922 311 1611 1395 1025 447 1933 1666 817 694 1121 346 1276 738 1052 718 276 2018 152 1866 673 170 337 1106 535 94 1638 425 975 364
cat_boundaries=0 1
cat_threshold=1280
is_linear=0
shrinkage=0.05


Tree=3
num_leaves=63
num_cat=3
split_feature=35 43 36 30 35 33 33 8 8 36 5 47 8 60 22 42 38 14 22 10 8 6 60 37 51 13 62 38 41 35 62 47 32 10 41 20 58 5 10 51 41 10 32 6 41 41 9 10 51 44 43 50 44 35 37 42 6 32 46 14 18 10
split_gain=491.951 94.8223 85.9396 36.2642 26.1812 16.3184 14.5912 14.4408 14.0747 12.7712 10.1404 9.01635 8.59951 8.59938 8.37328 8.11935 8.10278 7.82764 7.7527 10.4906 7.71991 7.0707 6.79786 6.51034 6.59237 6.27192 6.21456 6.11996 6.16056 6.0032 5.97525 5.84178 8.85826 5.46031 5.5808 5.41862 5.41846 5.69664 5.39596 8.02016 5.27385 5.13292 6.80265 5.03439 5.03604 5.45995 8.11851 9.04781 7.36082 5.29008 4.97279 4.95224 5.28831 4.93547 4.90757 4.84553 4.84472 4.76992 4.71205 4.68821 4.68196 5.5396
threshold=0.25333061814308172 0.23291534930467608 0.19416206330060962 1.0000000180025095e-35 0.14804789423942569 0.54767289757728588 0.38644938170909887 0.047837588936090476 -0.052612634375691407 0.30676744878292089 -1.5021854043006895 1.1950085759162905 0.054978258907794959 0 19.500000000000004 0.10941933840513231 0.2318433299660683 0.0038155362708494072 15.500000000000002 -0.19110999256372449 -0.065868388861417757 0.039508666843175895 1 0.19965794682502749 0.69902634620666515 -0.0021355046192184086 2.5000000000000004 0.35697080194950109 1.26095587015152 0.35889452695846563 25.500000000000004 0.41086988151073461 0.22739887982606891 -0.0039362092502415172 1.1899068951606753 0.064780715852975859 0.2210192754864693 -0.14291308820247647 -0.021658579818904396 0.73458832502365123 1.3638170361518862 -0.27054928243160242 0.44061952829360967 0.080284859985113158 0.6921936869621278 0.8617042899131776 0.030268789269030098 -0.069341607391834245 0.71864303946495067 1.134739935398102 0.1184121035039425 1.8694269657135012 0.45010691881179815 0.19294443726539615 0.12324490398168565 0.14051521569490436 0.11175018176436426 0.25675380229949957 0.14718457311391833 0.00036653151619248098 2 -0.17245909571647641
decision_type=2 2 2 2 2 2 2 2 2 2 2 2 2 1 2 2 2 2 2 2 2 2 1 2 2 2 2 2 2 2 2 2 2 2 2 2 2 2 2 2 2 2 2 2 2 2 2 2 2 2 2 2 2 2 2 2 2 2 2 2 1 2
left_child=2 6 3 13 54 18 8 9 -2 10 -4 15 14 -1 27 36 23 22 58 -20 -21 59 -16 24 -12 55 -11 28 35 -7 -19 -24 -33 34 -22 60 -6 -38 -14 -40 43 -34 50 44 -18 49 47 -47 -48 -46 -43 52 -8 -27 -5 -25 -9 -17 -3 -13 -10 -62
right_child=1 5 7 4 11 29 51 56 12 26 16 21 38 -15 17 57 40 30 19 20 33 -23 31 25 -26 53 -28 -29 -30 -31 -32 32 41 -35 -36 -37 37 -39 39 -41 -42 42 -44 -45 45 46 48 -49 -50 -51 -52 -53 -54 -55 -56 -57 -58 -59 -60 -61 61 -63
leaf_value=0.0030039711440171799 0.0047774708141572787 0.0070149844727872245 0.003079778320714831 -0.0054633778693010601 -0.0032637687600299684 -0.0019145743180372162 0.004906315567473991 0.00024628613989670757 0.0022984304568920005 0.0090949754904861065 -0.0027625538968377508 -0.0010931225011116905 0.00469975372217038 -0.0009059477972695241 -0.0036717352213062257 -0.0022089187160194731 -0.0021491768547625776 0.0034409163062460724 0.0054465033880713234 0.005563724968049296 0.0011621108519652451 -0.0023147777446482424 0.0021979884918201784 0.00033128627017810913 0.0011563786251214956 0.0011838768681319903 0.00058420916054408717 0.0041629365441014704 -0.0015077179755138477 0.012100246821767998 -0.0024136478498578058 -0.0026301012468140429 0.002029245863720375 0.0021450814065523448 -0.0019082495767783856 0.002562847790523412 0.0013920443558037754 -0.0030217618456380119 0.0015869188769191398 -0.0033340428200104829 -0.0044673229008484151 0.0022182224487493928 -0.0038515424164413548 0.00050084164207801209 -0.00032050272776745921 0.0007549893357654407 0.00066002212821459358 -0.0024997018087967934 -0.0040065509418363574 0.0019317884308140063 -0.00043508460149168927 -0.00093483409993354587 0.0024525300376301486 -0.0019464740383826466 -0.0035512313809631796 -0.0038183493457770307 0.0031434224908735266 8.4608399688631489e-05 0.003166397991124541 0.0016741887484253003 0.0050397374521158663 -0.00042289751794178656
leaf_weight=139.35651475191116 334.30290842056274 550.3440146446228 58.412503302097321 937.50881463289261 1390.0236403942108 24.065173804759979 333.34634530544281 603.86255621910095 452.13060182332993 37.687241792678833 773.00137692689896 62.924813151359558 175.70691186189651 133.10160577297211 103.30321383476257 598.1650602221489 447.25464379787445 162.14799910783768 352.82793134450912 126.73856353759766 140.03367954492569 164.15897142887115 120.86145102977753 235.53688645362854 54.663499116897583 44.505765438079834 236.24894559383392 390.45668774843216 180.44086641073227 1438.4593542218208 26.523222744464874 177.38109111785889 54.970190763473511 184.81849163770676 99.55453360080719 275.42146557569504 47.200425505638123 34.05259495973587 893.64715546369553 41.129042565822601 49.624758124351501 107.72530561685562 101.55754423141479 257.35334938764572 274.77642285823822 70.765933513641357 349.27309000492096 449.23016160726547 42.911270022392273 112.70619666576385 543.81019216775894 30.609822511672974 757.09705495834351 937.95882827043533 1003.9564485549927 21.165614485740662 84.676736891269684 126.0655625462532 244.57692182064056 62.636918962001801 82.69412636756897 804.95665794610977
leaf_count=114 357 569 64 812 1340 23 366 542 476 24 745 56 180 150 132 519 470 174 349 131 138 142 140 238 44 47 260 436 183 1456 37 158 48 211 100 271 39 36 965 36 43 112 108 246 291 80 338 472 32 132 586 29 803 932 938 19 68 126 240 43 69 834
internal_value=-0.000123137 0.00811453 -0.00791839 -0.0128063 -0.0138963 0.0151525 0.00449575 -0.00344999 0.00334427 -0.00449242 -0.00517863 -0.0104921 0.00263695 0.00488332 0.00144398 -0.0115866 -0.00547289 -0.00157519 0.0118105 0.00862885 0.00430528 -0.0021795 -0.00305577 -0.00768487 -0.0111242 -0.00538291 0.00595614 0.00337739 0.00213984 0.0190303 0.00788715 -0.00180951 -0.00310221 0.00105762 -0.0039092 0.00312089 -0.0137239 -0.00110542 0.00648261 0.00496236 -0.00324429 -0.000873907 -0.00195703 -0.00284214 -0.00380537 -0.00222495 -0.00433913 -0.00843612 0.00108108 0.00273903 -7.23358e-05 0.0096562 0.0102154 -0.00720195 -0.0182505 0.00155965 0.00328424 -0.00723658 0.0154207 0.006726 0.00180288 -0.00030137
internal_weight=19152.4 9311.64 9840.77 4699.15 4426.69 3161.42 6150.22 5141.62 5029.17 4453.08 4179.14 2485.23 4694.86 272.458 3584.38 2195.51 4120.73 1398.28 1698.89 903.973 551.145 289.721 1209.61 2066.83 827.665 1239.17 273.936 2186.1 1795.64 1462.52 188.671 1106.31 985.444 424.407 239.588 1615.2 1471.28 81.253 1110.48 934.776 2053.9 808.063 753.093 2004.27 1746.92 1299.66 912.18 519.996 392.184 387.483 651.535 1121.05 1090.44 982.465 1941.47 256.703 688.539 724.231 794.921 125.562 1339.78 887.651
internal_count=19119 9717 9402 4315 4051 3217 6500 5087 5302 4477 4193 2301 4945 264 3764 2060 4129 1495 1738 929 580 241 1284 2025 789 1236 284 2269 1833 1479 211 1152 1012 449 238 1650 1415 75 1181 1001 2104 854 806 2061 1815 1345 922 552 370 423 698 1198 1169 979 1750 257 610 645 809 99 1379 903
cat_boundaries=0 1 2 3
cat_threshold=146 768 1
is_linear=0
shrinkage=0.05


Tree=4
num_leaves=63
num_cat=0
split_feature=35 43 34 35 12 36 17 49 11 11 12 6 11 52 39 35 22 45 47 6 52 49 34 45 49 14 52 41 52 50 62 14 1 14 32 52 22 42 41 48 38 39 22 56 14 50 50 12 42 6 52 33 51 62 30 30 52 38 13 5 38 61
split_gain=467.754 88.7666 88.1296 18.5666 17.5471 15.4802 16.1841 14.9 13.7609 12.4536 11.7174 11.0925 10.4883 10.4316 9.63831 9.14761 9.11203 10.6814 8.50312 8.47667 8.93853 11.938 8.07829 7.40262 6.99445 7.21588 8.25094 6.86643 6.64521 6.39534 6.25986 6.09319 9.68085 5.92806 5.9198 5.80544 6.14536 5.65754 5.96825 8.82672 5.37122 5.3199 5.05428 5.03833 5.00912 4.95071 4.95051 4.86449 4.83822 5.13753 4.96748 5.15736 4.86627 4.81068 4.77781 5.21771 4.74057 4.66337 4.89279 4.53886 4.60338 4.52205
threshold=0.25333061814308172 0.23291534930467608 0.18585257232189181 0.14517470449209216 -0.11437034606933592 0.23318942636251452 1.0000000180025095e-35 0.25674836337566381 0.052021518349647529 -0.027614917606115338 0.087353285402059569 1.0000000180025095e-35 -0.02980795223265886 0.35591617226600653 0.82373756170272838 0.19677200168371203 14.500000000000002 0.2895426899194718 1.2462626695632937 0.080284859985113158 0.35591617226600653 0.20928391069173816 0.38778460025787359 -0.17801269143819806 0.19119556248188022 0.00041420520574320113 0.092581417411565795 1.2153937816619875 0.15655788034200671 0.72499942779541027 3.5000000000000004 0.0022852615220472221 0.202991858124733 0.0024241253267973666 0.18450326472520831 0.23121363669633868 7.5000000000000009 0.29177953302860266 1.1571618318557741 0.48257011175155645 0.27039287984371191 0.88035196065902721 26.500000000000004 0.37253764271736151 -0.0010750622604973612 1.7999309897422793 1.662858307361603 -0.039134789258241647 0.099402766674757018 0.039508666843175895 0.10250668972730638 0.21072197705507281 0.73148077726364147 2.5000000000000004 0.25678482651710516 0.36523805558681494 0.11104466393589975 0.28738234937191015 0.007146708434447647 0.50957918167114269 0.27757917344570165 1.5000000000000002
decision_type=2 2 2 2 2 2 2 2 2 2 2 2 2 2 2 2 2 2 2 2 2 2 2 2 2 2 2 2 2 2 2 2 2 2 2 2 2 2 2 2 2 2 2 2 2 2 2 2 2 2 2 2 2 2 2 2 2 2 2 2 2 2
left_child=2 7 3 11 45 6 -4 8 9 -2 15 -1 56 22 -9 27 28 37 34 20 21 33 24 -12 25 26 -11 48 -6 -23 -28 -13 -33 54 -14 -16 -37 38 -18 -40 -27 -25 -15 -17 -36 -3 61 -32 52 50 -50 -52 -8 -20 -7 -56 -5 58 -21 60 -42 -10
right_child=1 4 5 12 16 19 10 14 46 13 23 31 18 42 35 43 17 -19 53 57 -22 29 -24 41 -26 40 30 -29 -30 -31 47 32 -34 -35 44 36 -38 -39 39 -41 59 -43 -44 -45 -46 -47 -48 -49 49 -51 51 -53 -54 -55 55 -57 -58 -59 -60 -61 -62 -63
leaf_value=0.00015185547313646686 0.0027350523256010257 0.010222517631192869 0.0026360839286526717 0.0016824378769338317 0.0014117018287656839 -0.00076022857415343362 -0.0037070860506308589 0.00080917147006561308 0.0052231556955984236 0.0036002673682467737 -0.0027678303833949245 -0.0044793077767554422 -0.0033443291170753733 -0.0036589652956192861 -0.0014647606292767332 -0.0014163360956431863 0.002667389319147952 0.013787011843954429 0.0021114293718185097 0.00055154470853526437 -0.0027400973028095053 0.000327544160503028 0.0033171214566102211 0.0030641989136298954 0.0030210471264806704 -0.00057819533064182662 -0.004378093266246514 -0.0055406848733529045 0.007912897234359749 0.0059237017050003914 0.0011944890279780712 -0.0021640336362430831 8.7094286937935502e-06 0.00040718740158707386 -0.0024853901619694158 0.0023968602657290284 0.0066621602909329699 0.0054945980597456666 0.0045633854660447467 -0.0014373229236190818 0.0023971599384480769 0.00038335474575936076 0.0022154759194684993 0.0041846787674313449 -0.0020214860887555852 -0.0011041194511083839 -0.00079651130347229153 -0.0016650614251704791 -0.0030199011977646005 -0.0020498828493666133 0.00025860188361956723 -0.0019721807266907311 0.00054527874791377026 -0.0016953265699150594 -0.0018627420839567089 0.0085900980971363484 -0.0017576053315672688 0.0029982931473427456 -0.0021569660040335185 0.0022048195312182662 5.0191667879007085e-05 0.0017497677767652085
leaf_weight=74.174738585948944 555.83782678842545 1242.0920981168747 159.43140542507172 66.91477632522583 150.53457194566727 540.54732120037079 202.91512501239777 419.85283154249191 266.45169347524643 82.216609179973602 40.917114198207855 1611.2639399766922 1180.0125406980515 141.15382480621338 52.187091469764709 1608.4760484695435 313.02826589345932 207.19124555587769 43.386077880859375 238.68725889921188 170.67772650718689 91.104495823383331 231.93071609735489 71.010781526565552 333.50141441822052 535.12849277257919 45.29452645778656 107.52787727117538 682.53737592697144 104.82264232635498 69.850251376628876 89.290327072143555 22.5267094373703 430.67710787057877 166.89670443534851 130.40172743797302 463.57889443635941 314.05611449480057 65.433104395866394 164.48286336660385 79.628511250019073 162.75642663240433 36.764109194278717 27.416412055492401 853.61099863052368 22.063024461269379 74.501500904560089 478.17829549312592 80.172898054122925 505.51949840784073 160.287950694561 104.10969859361649 22.644815444946289 108.61740326881409 424.9710573554039 19.368458926677704 96.537167429924011 197.12411671876907 56.369530200958252 295.81206554174423 895.46713668107986 962.48233824968338
leaf_count=74 607 1249 152 70 182 594 183 444 294 88 30 1457 1182 149 56 1546 315 205 23 226 164 101 258 56 319 494 24 91 680 82 81 85 17 418 159 133 463 321 75 173 75 130 35 27 862 17 75 545 91 443 133 89 21 115 426 23 98 189 45 322 1007 1031
internal_value=-0.000203576 0.00782894 -0.0078047 -0.0131616 0.0146385 -0.00362359 -0.00583608 0.00432759 0.00319909 0.00166996 -0.00663769 -0.0170476 -0.0103831 0.000476852 0.00970429 -0.00759872 0.0115901 0.00851245 -0.0112343 -0.000456558 -0.00206275 -0.000906649 0.00116565 0.00320631 0.000424658 -0.00048722 -0.00489672 -0.0109516 0.015514 0.0106528 -0.00695882 -0.0178628 -0.00649977 -0.00251076 -0.0120244 0.0135393 0.014945 0.00603946 0.00293637 -0.00316442 0.00115954 0.0066567 -0.0112853 -0.00517016 -0.00922037 0.0192085 0.00763021 -0.00546799 -0.00973745 -0.00799683 -0.0032669 2.16586e-05 -0.0162689 0.000170621 -0.00465199 -0.00849485 0.00183694 0.00534848 0.00135004 0.00293085 0.00127866 0.00839041
internal_weight=19152.4 9311.64 9840.77 4313.23 3161.42 5527.54 3253.19 6150.22 5084.2 3780.76 3093.75 1797.26 2515.98 3224.93 1066.02 2819.07 1897.26 1064.19 2352.52 2274.35 1782.17 1611.49 3047.01 274.684 2815.08 2481.58 675.54 1183.18 833.072 195.927 593.323 1723.08 111.817 1415.56 2200.52 646.168 593.981 857 542.944 229.916 1806.04 233.767 177.918 1635.89 1020.51 1264.16 1303.44 548.029 1075.65 850.09 344.571 264.398 225.56 152.003 984.887 444.34 163.452 492.181 295.057 1270.91 975.096 1228.93
internal_count=19119 9717 9402 4142 3217 5260 2992 6500 5404 4004 2840 1633 2509 3397 1096 2624 1951 1089 2341 2268 1808 1644 3213 216 2955 2636 738 1051 862 183 650 1559 102 1461 2203 652 596 884 563 248 1898 186 184 1573 1021 1266 1400 626 960 756 313 222 204 138 1043 449 168 460 271 1404 1082 1325
is_linear=0
shrinkage=0.05


Tree=5
num_leaves=63
num_cat=1
split_feature=35 36 36 44 35 11 33 47 15 36 17 22 52 10 12 52 32 9 61 44 6 43 44 46 12 17 43 5 61 52 52 36 49 37 52 47 43 20 44 40 51 52 19 44 52 27 10 17 64 20 22 53 28 10 45 2 32 49 52 64 8 53
split_gain=425.279 86.0219 72.8873 38.1863 29.7673 27.5252 13.6321 13.4308 11.7656 10.0467 8.77702 8.26661 8.45845 7.71095 10.2133 9.94446 8.02232 9.05912 7.53447 7.24574 6.78937 6.73363 6.67319 6.95413 6.66206 6.25889 6.30409 6.22707 6.14805 6.02481 6.4639 5.99653 5.89975 5.77647 7.10902 7.44427 5.97728 5.31532 5.14416 5.04065 7.82927 4.9854 5.74239 5.38296 4.98048 4.74241 4.6061 4.59732 6.69841 4.59049 4.51994 4.43796 4.39927 5.32828 4.38851 4.36403 5.16171 4.34672 4.57501 4.18094 4.1569 4.51974
threshold=0.25333061814308172 0.48230117559432989 0.20615565776824954 0.18735265731811526 0.14517470449209216 -0.045782897621393197 0.38644938170909887 1.0118280053138735 -0.021033520810306069 0.28757515549659735 81.770122528076186 19.500000000000004 0.17238476127386096 -0.065900929272174821 0.071220111101865782 0.35591617226600653 0.22512815147638324 0.019179809838533405 5.5000000000000009 0.67653551697731029 0.094468373805284514 0.28892487287521368 1.2277406454086306 -0.075078040361404405 -0.036301996558904641 53.630805969238288 0.15693052113056186 -1.3842727541923521 5.5000000000000009 0.098302587866783156 0.10447174683213235 0.22696429491043094 0.12678595632314685 0.12324490398168565 0.092581417411565795 0.46434333920478826 0.11010169610381128 0.0051764100790023812 0.83494192361831676 0.95860216021537792 0.68274164199829113 0.27488447725772863 0 0.62107548117637645 0.2169860973954201 0.14533969014883044 0.0049505187198519715 75.63641738891603 1.5455212593078616 0.064189698547124877 17.500000000000004 -0.035286607220768922 0.091882877051830306 0.30905142426490789 0.032873392105102546 -0.39017853140830988 0.25587928295135504 0.27514438331127172 0.16384005546569827 3.5065078735351567 0.071650937199592604 0.14451469480991366
decision_type=2 2 2 2 2 2 2 2 2 2 2 2 2 2 2 2 2 2 2 2 2 2 2 2 2 2 2 2 2 2 2 2 2 2 2 2 2 2 2 2 2 2 1 2 2 2 2 2 2 2 2 2 2 2 2 2 2 2 2 2 2 2
left_child=2 5 3 18 33 -2 11 27 -3 13 29 12 -7 15 16 31 17 24 -1 39 22 -8 -11 -24 -15 -14 41 51 -21 -9 -31 -4 -32 -5 35 36 -35 46 -16 40 -13 44 43 -43 -27 -37 54 50 -49 -30 -10 -6 -39 55 -18 56 -54 58 -23 -20 61 -41
right_child=1 8 9 4 7 6 21 10 47 20 -12 19 25 14 38 -17 37 -19 59 28 -22 57 23 -25 -26 26 -28 -29 49 30 32 -33 -34 34 -36 45 -38 52 -40 60 -42 42 -44 -45 -46 -47 -48 48 -50 -51 -52 -53 53 -55 -56 -57 -58 -59 -60 -61 -62 -63
leaf_value=0.0020555906405216881 0.0045843239246422269 0.013002851490258 -0.00073083033936170445 -0.0049662435869982343 -0.0038448780423987724 0.00066499286126183452 0.0027451760575588485 -0.0035398430579296272 0.0069105558134492139 -0.00072929293601480124 0.0012506783457324629 0.00051914613261320607 0.001246948152282823 0.00010531652353042293 -0.00032571902066077493 -0.0027776107215907006 0.0028413615812456538 -0.0010123666317295805 -0.0032814875399348729 -5.9130702111541959e-05 0.0030184737970667765 -0.0018129863538519698 0.0051503889411824875 -0.00068334347669110065 -0.0034503140703455969 0.0013551672890695339 0.0062197454776514397 -0.0025877179035936563 -0.0023539488036656122 0.0016750608550804139 -0.0018687252581981459 0.0020900127538270841 0.00072860749191986252 -0.0031623772656202186 -0.0037724436885300848 0.002366805557582773 0.00095976695656854185 0.00059905706777338148 0.002633124663825444 -9.7549952657266025e-06 -0.0046491584425643788 0.0008589482847509753 0.0029433380041906558 -0.0032170440320901453 0.015806113930463089 -0.0042713523148896976 -0.00092553301044178283 0.012109811607232736 -0.0005645314235268559 0.0017654933702345847 0.0035109179138945595 0.0012820133001966009 -0.00050020523510447277 -0.0025563376139933437 -0.00039696462104553691 -0.00025828672555542042 -0.0018461435872853165 -0.0022866668901612738 0.0056313530202882107 0.0019541979569935477 0.0043253228100449308 0.0027247577791932919
leaf_weight=214.51891893148422 809.76762098073959 1104.0786793231964 144.35844153165817 942.02727788686752 22.454829752445221 2029.6418440341949 1146.2988950610161 196.60742795467377 632.81469714641571 341.32937288284302 47.112452864646912 137.71669864654541 439.44591820240021 75.79026985168457 500.38140934705734 84.228520154953003 78.242051303386688 368.71089029312134 47.295991003513336 1017.197194814682 104.23223960399628 25.182752251625061 79.457373678684235 53.62969183921814 489.7413192987442 97.068415462970734 241.70727640390396 2471.1329306364059 278.20386546850204 74.091812014579773 393.6773453950882 236.93843078613281 117.83143067359924 105.83744597434998 688.10068374872208 35.200474798679352 20.091795265674591 130.29168105125427 115.45079827308655 200.38456702232361 51.487076818943024 48.712904155254364 95.31659209728241 40.682326138019562 65.855686008930206 30.217995464801788 65.238528192043304 74.559186160564423 82.179725110530853 36.814429998397827 362.85204702615738 62.051823437213898 266.19235187768936 76.673434257507324 34.121449708938599 544.86722159385681 477.80075079202652 46.169114768505096 32.171368300914764 24.199901700019836 127.46365767717361 121.23623299598694
leaf_count=188 834 1134 155 827 24 2160 1194 215 656 371 30 146 453 77 436 81 75 368 56 996 94 32 75 62 504 97 227 2408 357 63 324 243 84 118 628 29 23 144 94 225 37 51 95 36 65 22 75 87 84 48 393 58 275 54 37 554 477 39 31 32 145 136
internal_value=-0.000302577 0.00732088 -0.00760231 -0.0114113 -0.0123888 0.00461317 0.00349304 -0.00961164 0.0158241 -0.00269888 -0.00407278 0.0023301 0.00395731 -0.00366034 -0.00452957 0.00234752 -0.00589757 -0.00961262 0.0063629 -0.00019304 0.00342162 0.0081678 0.000870618 0.0103711 -0.0135908 0.00765221 0.0110229 -0.0114069 -0.0022941 -0.00534067 -0.00278614 0.0057917 -0.00479262 -0.0175461 -0.0146077 -0.00603806 -0.0131572 -0.00382009 0.00125498 0.00418408 -0.00264121 0.00668426 0.00102989 -0.00803836 0.0130596 0.00758898 0.00434133 0.0122764 0.00426672 -0.00839731 0.0135317 0.00188655 -0.00479268 -0.00563178 0.0104899 -0.00486381 -0.00735507 -0.00400767 0.00511702 -0.00764519 0.00707072 0.00401858
internal_weight=19105.1 9345.01 9760.13 5492.45 5206.44 7088.52 6278.76 3384.96 2256.48 4267.68 829.32 5028.93 3058.43 3689.03 3223.5 465.525 2607.67 934.242 286.015 1970.5 578.649 1249.82 474.416 133.087 565.532 1028.79 589.343 2555.64 1332.22 782.208 585.601 381.297 511.509 1821.48 879.448 191.348 125.929 1673.43 615.832 638.288 189.204 347.636 184.712 89.3952 162.924 65.4185 177.602 1152.41 156.739 315.018 995.667 84.5067 1495.83 1365.53 112.364 1288.86 743.993 103.523 57.3541 71.4959 449.084 321.621
internal_count=19138 9758 9380 5129 4853 7404 6570 3206 2354 4251 716 5274 3184 3649 3170 479 2640 949 276 2090 602 1296 508 137 581 1024 571 2490 1401 686 471 398 408 1647 820 192 141 1691 530 689 183 344 182 87 162 51 187 1220 171 405 1049 82 1504 1360 112 1306 752 102 63 88 506 361
cat_boundaries=0 1
cat_threshold=4
is_linear=0
shrinkage=0.05


Tree=6
num_leaves=63
num_cat=2
split_feature=34 38 34 11 12 35 11 17 38 42 60 11 10 35 46 37 43 8 1 38 22 46 34 17 32 32 52 60 43 15 17 32 32 53 37 43 14 42 36 30 61 14 52 28 53 51 51 40 49 51 10 64 51 38 37 40 10 34 22 48 10 41
split_gain=399.075 83.9113 72.8128 22.849 17.1177 15.5611 12.3376 12.227 11.7218 16.4122 10.8516 10.6237 9.86977 9.22415 8.54139 7.97431 7.48725 7.26958 7.12893 6.87929 6.84438 6.61086 6.38508 6.34254 5.92188 5.91694 5.76428 5.57921 5.55062 7.86165 5.5151 5.50416 6.09141 5.33667 5.3033 5.28229 5.271 6.16633 5.12426 5.10702 4.97258 4.90591 4.82357 4.80502 4.6552 4.51611 4.48015 5.25036 4.42704 4.38509 4.35063 6.20728 5.04847 4.51893 4.58872 4.30105 4.25485 4.24469 6.37407 5.49818 4.16987 4.00352
threshold=0.25752754509449011 0.45342077314853674 0.18461824208498004 -0.045782897621393197 0.081434201449155821 0.14517470449209216 -0.042920868843793862 1.0000000180025095e-35 0.26524735987186437 0.066083688288927092 0 -0.02980795223265886 0.059949290007352836 0.16894304007291797 1.7669956088066103 0.20562284439802173 0.15973784774541858 0.096310339868068709 -0.6054086685180663 0.12652226537466052 15.500000000000002 0.10525875911116601 0.35039635002613073 12.388206005096437 0.23633949458599093 0.18108087033033374 0.35681150853633886 1 0.083709284663200392 0.037211611866950996 82.922176361083999 0.2702020555734635 0.31582015752792364 0.43737939000129705 0.29887966811656957 0.20821529626846316 2.8643204132094983e-05 0.24292002618312838 0.15280552953481677 0.25333999097347265 2.5000000000000004 0.0017677017604000869 0.11665200069546701 0.38851104676723486 -0.4811327457427978 0.72873729467391979 0.62819236516952526 0.92164599895477306 0.3932673186063767 0.15141404420137408 -0.067566983401775346 1.5455212593078616 0.53078967332839977 0.27527289092540747 0.26163208484649664 1.4319626688957217 0.26726178824901586 0.69031566381454479 23.500000000000004 0.88299706578254711 0.35386268794536596 1.2820229530334475
decision_type=2 2 2 2 2 2 2 2 2 2 1 2 2 2 2 2 2 2 2 2 2 2 2 2 2 2 2 1 2 2 2 2 2 2 2 2 2 2 2 2 2 2 2 2 2 2 2 2 2 2 2 2 2 2 2 2 2 2 2 2 2 2
left_child=2 3 5 14 10 7 45 -1 9 40 12 -7 44 -11 -2 16 23 27 20 -9 35 49 36 -12 46 -13 50 28 -15 39 60 55 -33 57 -29 -10 37 -22 -25 -30 -5 -27 -31 -26 -4 -3 47 -20 -24 -6 51 -17 -52 61 -55 -21 -41 58 59 -8 -23 -54
right_child=1 6 4 8 21 11 33 19 18 13 15 25 -14 17 -16 26 -18 -19 24 31 22 30 48 38 43 41 -28 34 29 42 -32 32 -34 -35 -36 -37 -38 -39 -40 56 -42 -43 -44 -45 -46 -47 -48 -49 -50 -51 52 -53 53 54 -56 -57 -58 -59 -60 -61 -62 -63
leaf_value=0.00015716058218935241 0.0041364744654429604 0.0081458140370669653 -0.0030879656144037859 0.0043290213422105183 0.0044317793844184522 0.00034438308438583483 0.0060785620396306738 -0.004403955269219567 0.00048341413690433242 -0.0056419129532487046 0.0016642287318400903 -0.0030496889118665441 -0.0010781993912929166 -0.0021906202857662495 -0.0038931069370891783 0.0018029889786082528 -0.00399217909815723 0.0042501762431807148 -0.0013887210664191548 -0.0034006005899649885 -0.0014680896827360347 -0.0017679592678128794 -0.0017990291559529083 -0.0046074529447682954 0.0013752345591616451 -0.0022841123770533044 -0.0048062286739465488 -0.001881876937245683 0.0012810023948124393 -0.00057266347641318218 0.0040904328497156223 0.0046775898767907331 -0.0037909484700957732 -8.3121994781799814e-05 0.0024549033896258802 0.0041953582846890047 0.001122262130577331 0.0020633592529982689 -0.0015773978944168369 -0.00098849465458962916 0.001613277922847392 -0.0003468806033456479 0.0025014684306341713 0.0028399453536811221 0.0015883125578472796 0.011297033242328211 -0.0047886392036303391 0.0013497963943930229 0.0042178050290966719 0.0012614396430281885 -0.0018316240949763239 -0.001339261412764738 -0.00046236505828899658 0.0028848431367763496 -0.00073721281719165701 -0.00012049452450421938 -0.0040302580738574645 0.0091660246848717358 0.0020092492960275682 -0.0004914100055931033 0.0006925716675894464 -0.0018780817338549549
leaf_weight=77.898285627365112 702.41489714384079 498.44680213928223 30.542797327041626 98.441311061382294 64.730980515480042 163.4783028960228 804.18477553129196 797.99313843250275 495.42347019910812 46.252580404281616 53.885059595108032 1100.6868162751198 385.72515201568604 47.6446573138237 28.316666185855865 152.25639218091965 201.84502398967743 66.777791976928711 104.73893082141876 777.7389143705368 211.11766749620438 117.91832274198532 219.32109826803207 67.890799701213837 1921.1233317255974 931.2217418551445 65.956225872039795 639.97355103492737 100.19141221046448 45.781144440174103 32.170795023441315 33.502051591873169 33.162810504436493 97.640544593334198 26.562869489192963 189.95912438631058 261.10113644599915 27.267149448394775 1151.0507070422173 210.14356780052185 110.82465821504593 246.24294990301132 97.037058472633362 860.3787527680397 395.95191782712936 666.83101922273636 24.486078202724457 228.24937808513641 27.424728989601135 460.4100798368454 846.37044137716293 174.60539013147354 904.97025191783905 76.772660255432129 82.810727953910828 48.062191843986511 29.443499147891998 326.28462839126587 303.87679660320282 25.930477976799011 38.483876645565033 47.209174454212189
leaf_count=77 713 587 37 80 62 171 864 698 525 41 45 1109 450 36 24 136 181 65 81 735 223 101 217 55 2033 950 64 590 92 52 29 26 28 119 27 191 284 18 1053 191 131 230 87 901 477 610 25 247 27 421 924 200 800 75 87 58 14 355 322 18 31 38
internal_value=-0.000304034 0.00692885 -0.00752386 0.00396523 -0.00365244 -0.0124437 0.0143492 -0.0160204 0.00296154 -0.000840786 -0.00476221 -0.00985058 0.000508342 -0.00292144 0.0123213 -0.00586848 -0.00876906 -0.00211331 0.00422636 -0.0169134 0.00129768 0.00355172 -0.00201071 -0.0073425 0.00556038 -0.0107345 -0.00407159 -0.00301301 0.000841364 0.0024746 -0.00446132 -0.0138762 0 0.0114285 -0.00600888 0.00490686 0.00123147 -0.00413062 -0.00808695 -0.00165041 0.0121534 -0.00825834 0.0123177 0.00633904 0.00576122 0.0182483 -0.00048443 0.00102172 -0.00859192 0.00643894 -0.00364775 0.00168069 -0.00453979 -0.00231778 0.00545398 -0.0149917 -0.00562613 0.0121852 0.0107256 0.0129968 -0.00836022 -0.003626
internal_weight=19105.1 9543.59 9561.54 6820.4 5351.56 4209.99 2723.2 1768.36 6089.66 1519.07 4637.84 2441.63 812.22 1309.81 730.732 3825.62 1474.67 1263.56 4570.59 1690.46 1431.61 713.714 746.232 1272.83 3138.98 2278.15 2350.95 1196.78 530.241 482.597 188.573 892.466 66.6649 1557.92 666.536 685.383 499.486 238.385 1218.94 339.778 209.266 1177.46 142.818 2781.5 426.495 1165.28 357.474 332.988 246.746 525.141 2285 326.862 1958.13 1111.76 159.583 825.801 239.587 1460.28 1133.99 830.115 156.402 952.179
internal_count=19138 9790 9348 6915 5266 4082 2875 1622 6178 1406 4622 2460 964 1195 737 3658 1334 1154 4772 1545 1485 644 769 1153 3287 2289 2324 1089 472 436 161 847 54 1678 617 716 525 241 1108 297 211 1180 139 2934 514 1197 353 328 244 483 2260 336 1924 1000 162 793 205 1559 1204 882 132 838
cat_boundaries=0 1 2
cat_threshold=133 679
is_linear=0
shrinkage=0.05


Tree=7
num_leaves=63
num_cat=5
split_feature=34 34 34 15 36 49 60 17 35 17 6 35 39 52 36 41 42 60 22 49 34 52 10 14 32 35 13 48 44 10 14 49 41 29 62 52 32 40 22 49 49 52 49 31 34 60 5 15 60 36 14 53 48 10 31 45 40 35 35 2 59 60
split_gain=364.17 74.9593 71.1237 16.8671 16.8137 14.1027 12.4375 12.1814 11.8888 11.089 9.38909 9.18384 10.1276 8.09665 8.39232 10.83 10.2132 7.86359 7.75115 7.80159 7.70571 7.32487 8.48595 10.2539 9.29633 7.15293 6.95877 7.99328 7.58193 7.77859 8.38379 9.29071 7.10916 6.94126 6.70489 6.40335 7.74567 6.67044 6.5559 6.39577 6.22691 6.22036 5.91224 5.8137 10.0102 6.72349 5.79016 5.79659 6.42047 7.08171 5.69277 5.57735 5.36669 5.23179 4.99364 4.97209 5.00574 4.94906 6.11944 4.87967 4.84911 4.79782
threshold=0.25752754509449011 0.40554691851139074 0.16560825705528262 -0.10165903717279433 0.21709516644477847 0.26601912081241613 0 82.317512512207045 0.27742470800876623 12.388206005096437 0.11948575079441072 0.40339384973049169 0.57359626889228832 0.35591617226600653 0.26987767219543463 1.4186581373214724 0.096777390688657774 1 26.500000000000004 0.23270576447248462 0.5463271737098695 0.35591617226600653 -0.067566983401775346 0.00038930686423555022 0.21573194861412051 0.17806945741176608 -0.0017553665675222872 0.50230455398559581 1.0843992233276369 0.090431947261095061 0.00018362569971941414 0.11610564216971399 1.0315390229225161 0.22129104286432269 22.500000000000004 0.091452784836292281 0.18108087033033374 1.3358498811721804 15.500000000000002 0.194605328142643 0.11319228261709215 0.27747285366058355 0.31097891926765447 0.19635667651891711 0.21905899792909625 2 -1.0245255231857298 0.035128036513924606 3 0.23083288222551349 1.0000000180025095e-35 -0.27895127236843104 0.51537039875984203 0.25578427314758306 0.21074643731117251 -0.13595923036336896 1.0290238261222842 0.1985486447811127 0.17928700149059298 0.037953188642859466 0.11398679390549661 4
decision_type=2 2 2 2 2 2 1 2 2 2 2 2 2 2 2 2 2 1 2 2 2 2 2 2 2 2 2 2 2 2 2 2 2 2 2 2 2 2 2 2 2 2 2 2 2 1 2 2 1 2 2 2 2 2 2 2 2 2 2 2 2 1
left_child=2 5 6 8 7 13 51 9 -3 -4 21 12 55 14 15 16 -2 -16 -15 -20 59 22 61 24 -24 -18 57 34 29 30 31 -29 33 -31 -28 38 37 -37 -8 46 -34 -41 -13 -25 -45 -46 -27 60 -49 -50 -39 -1 -10 -53 -33 -7 -57 58 -11 -5 -48 -6
right_child=1 3 4 20 10 11 35 -9 52 26 -12 42 -14 18 17 -17 25 -19 19 -21 -22 -23 23 43 -26 39 27 28 -30 32 -32 54 40 -35 -36 36 -38 50 -40 41 -42 -43 -44 44 45 -47 47 48 49 -51 -52 53 -54 -55 -56 56 -58 -59 -60 -61 -62 -63
leaf_value=-0.00089651873553392436 0.0022604322658670187 -0.004993630345198799 0.0019677162006648437 0.0019960610823053699 0.00011203554494933553 -0.0020325259255312487 -0.0022267620330451848 0.0017305059715823801 0.0044845633626152959 -0.00056779015284366674 0.0051721784533987339 -0.0017550133862990439 0.0049531461765665455 -0.0031536076509124573 -0.00095826375483390881 -0.0043346437898076125 -0.0044479603292015548 0.0012637838206165819 -0.0033691856815937799 0.0097960703192729211 0.0058439799313845468 -0.0033373008535972277 -0.0028188997419952666 -0.0019771541934439298 -0.00075258697321908266 0.0032247860029908219 -0.0027066758827143256 -0.0031422941808801497 -0.0024276397653937853 7.1613642302945091e-05 -0.0027300036003966121 -2.247265879121507e-07 -0.0048825241024081419 -0.0028100365286297165 -0.00020504134360708887 -0.0036809012670640678 -0.0017857774899755951 -0.0033200389539230881 0.0015590016478897212 0.0033401965011316385 0.0017469907724837865 -0.0031298556212246489 0.0023521215339851243 0.0012629381189971007 -0.00081988508264844041 0.0011342091207669797 -0.0015591097985224898 -0.00076773713230567087 -0.001363423274508402 0.0021576853047748702 0.00084098510601353371 -0.0035349692164817845 0.016273198324352554 0.00012210653095876683 0.0025475316309057851 -0.0008228429907405102 0.0052457667349543671 0.00021966247168026892 -0.0033088012550349655 0.0043097373789337057 0.0052674812998513912 0.003332319799425304
leaf_weight=53.21464467048645 200.20625030994415 23.71159815788269 94.957061350345612 906.5439800620079 226.20056247711182 83.415546059608459 62.708759844303131 131.27160984277725 142.81282901763916 147.4416179060936 69.200734257698059 135.64879202842712 546.06474149227142 181.81725877523422 253.47217154502869 59.537947535514832 31.414722323417664 2865.0142697691917 28.457445979118347 36.276154637336731 1190.6340526342392 112.8882143497467 351.52039855718613 197.94496786594391 580.03716564178467 68.614450573921204 1030.5326042175293 100.7154141664505 333.63399118185043 214.46832275390625 310.10831958055496 97.810371577739716 24.337021708488464 45.330130457878113 113.62242257595062 716.06996065378189 526.7908838391304 81.29166579246521 97.699720859527588 107.36770534515381 96.579776525497437 22.37159651517868 132.0345144867897 529.77370601892471 889.19162899255753 309.60787904262543 623.17635118961334 284.19207310676575 44.592016637325287 132.55435734987259 60.933377504348755 1332.6195464134216 702.79723227024078 36.435748517513275 38.75364351272583 40.037001013755798 74.324655413627625 262.79920679330826 157.60723340511322 608.86214900016785 17.639692962169647 127.44566684961319
leaf_count=48 198 19 88 960 227 84 59 101 168 135 69 135 535 178 342 45 30 3041 29 34 1243 121 347 221 649 62 1034 110 278 165 260 83 20 37 155 655 493 86 94 91 59 22 140 541 844 323 569 271 35 131 63 1336 691 34 36 40 68 267 153 608 21 157
internal_value=-0.000342082 0.00656724 -0.00723895 0.0122928 -0.00434465 0.00313627 -0.0136675 -0.00694537 0.0183597 -0.0075843 -0.00189086 0.00851785 0.0113759 0.00203688 0.00250004 -0.000451327 0.000359128 0.00400797 -0.00678856 0.00801397 0.0103414 -0.00227181 -0.00182978 -0.00273504 -0.00704214 -0.00122047 -0.00812235 -0.00929847 -0.00654471 -0.00421204 -0.00803022 -0.000932581 0.00126522 -0.00338142 -0.01233 -0.0102916 -0.0114537 -0.0143881 -0.000866595 -0.000646097 0.0112847 0.00987676 0.000555956 -0.000649515 0.000277352 -0.00224903 -0.00181721 -0.00269864 0.00156626 0.00875655 -0.00444535 -0.0171385 0.0193418 -0.0178765 0.00753916 0.00165199 0.00844035 -0.00312976 -0.00746459 0.0079672 -0.00577661 0.0054709
internal_weight=19105.1 9543.59 9561.54 3575.36 6593.78 5968.23 2967.76 3199.97 869.322 3068.7 3393.81 1011.53 743.842 4956.7 4710.15 1591.67 1532.13 3118.49 246.551 64.7336 2706.04 3324.61 3211.72 2858.08 931.558 1331.92 2973.74 2405.89 1261.74 928.103 547.388 237.279 380.715 259.798 1144.16 1545.49 1385.09 858.295 160.408 1300.51 120.917 129.739 267.683 1926.52 1728.57 1198.8 1170.77 1102.15 461.338 177.146 142.225 1422.27 845.61 1369.06 136.564 197.777 114.362 567.848 305.049 1515.41 640.816 353.646
internal_count=19138 9790 9348 3689 6480 6101 2868 2981 878 2880 3499 1002 727 5099 4858 1475 1430 3383 241 63 2811 3430 3309 2925 996 1232 2792 2237 1048 770 489 229 281 202 1189 1450 1297 804 153 1202 79 113 275 1929 1708 1167 1089 1027 437 166 149 1418 859 1370 119 192 108 555 288 1568 590 384
cat_boundaries=0 1 2 3 4 5
cat_threshold=1794 769 2332 2140 794
is_linear=0
shrinkage=0.05


Tree=8
num_leaves=63
num_cat=5
split_feature=35 34 38 8 43 36 8 60 17 3 35 52 34 36 45 52 52 52 61 52 10 12 6 43 35 22 60 53 33 51 60 14 22 17 14 5 40 52 45 8 30 31 34 62 60 64 52 22 52 35 52 5 51 60 12 22 62 62 51 22 9 37
split_gain=333.94 69.6576 69.0274 21.6958 16.0775 20.0491 14.0672 12.3101 12.1378 10.6385 9.32303 9.25976 7.49602 7.32483 7.31171 7.23846 10.5604 7.41799 7.22816 7.07051 11.0436 9.81827 6.63897 6.58483 6.54476 6.46484 5.92772 6.29151 5.81931 5.8088 5.69794 5.623 5.82909 5.74985 5.57173 5.44472 6.3516 5.27341 5.06743 6.20975 4.77401 5.15025 4.50463 4.44511 4.42679 5.37333 4.38665 5.11237 4.41695 7.51276 4.35243 4.24586 4.23074 5.14451 7.97283 4.1847 6.61364 4.40519 6.25198 4.15791 5.53207 4.7365
threshold=0.25333061814308172 0.16560825705528262 0.45342077314853674 -0.048724021762609475 0.039308331906795509 0.21151214092969897 -0.09712303057312964 0 81.770122528076186 -0.36518380045890803 0.14804789423942569 0.089254703372716918 0.3318744450807572 0.30676744878292089 -0.057659018784761422 0.1278863921761513 0.097742259502410903 0.13528500497341159 5.5000000000000009 0.35591617226600653 -0.072819188237190233 0.045333940535783775 0.02303204964846373 0.28892487287521368 0.14517470449209216 12.500000000000002 1 0.37489274144172674 0.14027030766010287 0.72873729467391979 2 0.0044842958450317391 19.500000000000004 76.686271667480483 0.0023238770663738255 -1.5021854043006895 0.83958396315574657 0.10121818259358407 -0.014627368189394472 0.02796333841979504 0.28723700344562536 0.27304878830909735 0.27907979488372808 10.500000000000002 3 5.7619376182556161 0.10447174683213235 12.500000000000002 0.11642127484083177 0.17248950153589251 0.12483786791563035 -1.3842727541923521 0.69484263658523571 4 -0.088271453976631151 19.500000000000004 9.5000000000000018 18.500000000000004 0.69709023833274852 19.500000000000004 0.020635814405977729 0.28228501975536352
decision_type=2 2 2 2 2 2 2 1 2 2 2 2 2 2 2 2 2 2 2 2 2 2 2 2 2 2 1 2 2 2 1 2 2 2 2 2 2 2 2 2 2 2 2 2 1 2 2 2 2 2 2 2 2 1 2 2 2 2 2 2 2 2
left_child=1 7 3 52 18 8 -4 -1 10 31 -6 14 30 19 -9 16 -12 -17 -3 20 44 28 -18 40 34 -25 38 -28 -22 -29 37 32 -5 -34 -13 -30 -37 -11 39 -8 -14 43 -32 -42 -7 -46 -24 48 -48 -50 -49 -26 53 54 -2 57 -57 58 -19 61 -61 -39
right_child=2 4 6 9 5 13 26 11 -10 12 15 24 23 -15 -16 17 22 55 -20 -21 21 -23 46 25 51 -27 27 29 35 -31 42 -33 33 -35 -36 36 -38 59 -40 -41 41 -43 -44 -45 45 -47 47 50 49 -51 -52 -53 -54 -55 -56 56 -58 -59 -60 60 -62 -63
leaf_value=-0.0037388292412617028 0.0016896590629865565 0.001780109673805009 0.015849229874900436 0.00010590101601967646 -0.0038288015757898587 -0.00065136134535982628 0.0028378608498235234 -0.0027809475662758905 0.0015559492682465108 0.0038054092246039917 -0.0025356121840202557 -0.0033369130983390209 0.0041198767762391448 0.0016973272760358157 0.0024819240939487259 -0.0033947120834869958 0.0031900711521873504 0.00033433867755476858 -0.0024163652521498194 -0.0025600034514038851 0.0036733258992638004 9.9377238195560993e-05 0.00094580996995480163 0.0032630157851311391 0.00055620920256253337 -0.0022811494674041042 0.0058342218452641847 0.0043405882786116418 0.0021734237201611753 -0.0027542728414919923 0.0015715085036716093 0.0016893033062387612 -0.0015373305228340039 0.0010229580598118896 5.5011538348571307e-05 -0.0031504058603129704 -0.0012231344027194046 -0.00082636533303842975 0.002795716513107155 -0.0038230255995359234 -0.0014740492586936037 0.0022287535213932445 0.00038996528431146514 0.0025566868453988437 0.0030633363615503156 -0.00070118752366989535 -0.0034123396655629532 -0.00039455458199956972 0.00050663758808869991 -0.0022290635571326116 0.0025979655408823171 -0.0021562872690441422 0.0058195139256022365 0.0033723596876626297 -0.0025188704887520231 -0.0036680523532352676 -0.00098430696320315494 -0.0033138709820863784 -0.002313264661379572 -0.0027184110635932049 -0.00012378114033938914 0.0010662882488203227
leaf_weight=919.7367154955864 57.670471668243408 168.77690708637238 630.93937122821808 648.1582635641098 334.93134218454361 123.1266918182373 73.869665145874023 42.16348123550415 127.23987400531769 133.09297776222229 405.23114854097366 844.5554039478302 136.71035343408585 334.52137118577957 99.086969375610352 243.99803274869919 46.716284573078156 245.59570819139481 59.795877635478973 185.25537449121475 33.832699835300446 1091.08289706707 142.24417847394943 22.013221621513367 24.47195029258728 55.734828352928162 1644.1785571575165 86.765189945697784 29.647547721862793 32.970308721065521 602.7600229382515 145.96212714910507 479.46562242507935 36.634594798088074 34.775172650814056 106.87788659334183 1619.7547161579132 292.36742925643921 195.48491054773331 44.353820979595184 49.67093813419342 1450.7247545719147 724.75502127408981 34.159760415554047 176.84388476610184 37.345809936523438 151.25010275840759 483.89392775297165 49.236708760261536 100.31152403354645 25.07890123128891 983.15341579914093 236.86152720451355 428.49936538934708 86.580731868743896 187.45682752132416 128.80388402938843 92.639479577541351 80.694066345691681 184.39829021692276 282.34251630306244 547.88413000106812
leaf_count=1032 55 140 634 707 282 121 94 42 94 132 444 665 147 351 97 207 27 215 73 174 40 993 133 20 23 49 1690 110 32 34 670 163 506 37 26 91 1684 271 247 53 34 1457 787 41 183 46 146 446 36 92 22 959 203 495 82 125 160 123 56 196 282 562
internal_value=-0.000387477 -0.00685601 0.00636786 0.0036214 -0.00407614 -0.00452928 0.0130949 -0.0132778 -0.00769257 0.00255454 -0.00840004 -0.0108859 0.00370553 -0.00212013 0.00137592 -0.00729785 -0.00498924 -0.010602 0.00895024 -0.00281494 -0.00226609 -0.00326942 -0.00222035 0.0062692 -0.0118642 -0.00791744 0.0111027 0.0122238 -0.00554824 0.00118049 0.00208341 -0.00140931 -0.00257248 -0.0065375 -0.0150256 -0.00594624 -0.00631338 -0.000105797 0.00425617 -0.00374771 0.0069326 0.00612888 0.00442929 -0.00588369 0.00628746 0.0103677 -0.00312841 -0.00455412 -0.00972385 -0.00358346 -0.00148773 -0.00909905 0.0112922 0.00894654 0.000298355 -0.0080807 -0.0124317 -0.00478189 -0.00203023 -0.00107574 -0.00486095 0.00102124
internal_weight=19105.1 9760.13 9345.01 6636.45 6812.18 6583.61 2708.56 2947.94 2845.32 5826.83 2718.08 2028.21 4516.61 3738.29 141.25 2383.15 1403.96 979.188 228.573 3403.77 3218.51 2881.2 998.732 1749.01 1886.96 77.748 2077.62 1763.91 1790.11 119.735 2767.6 1310.22 1164.26 516.1 879.331 1756.28 1726.63 1440.09 313.708 118.223 1671.27 1534.56 1327.52 83.8307 337.316 214.19 952.015 809.771 300.798 149.548 508.973 1007.63 809.612 572.751 144.251 735.19 316.261 418.929 326.29 1306.99 466.741 840.252
internal_count=19138 9380 9758 6896 6536 6323 2862 2844 2608 6061 2514 1812 4648 3715 139 2232 1346 886 213 3364 3190 2840 902 1748 1673 69 2228 1834 1847 144 2900 1413 1250 543 691 1807 1775 1443 394 147 1679 1532 1457 75 350 229 875 742 274 128 468 982 835 632 137 679 285 394 271 1311 478 833
cat_boundaries=0 1 2 3 4 5
cat_threshold=1280 3872 2841 1288 272
is_linear=0
shrinkage=0.05


Tree=9
num_leaves=63
num_cat=2
split_feature=35 34 34 11 12 11 17 38 60 43 22 43 14 50 38 47 35 11 32 34 32 2 48 12 2 62 14 6 41 48 5 8 8 51 62 50 62 43 41 20 32 11 31 12 14 42 32 16 9 6 45 46 60 51 35 16 3 42 62 37 42 32
split_gain=311.477 72.0507 56.4476 19.331 15.3409 12.7154 12.6311 14.3117 12.1883 9.45733 8.85339 11.0088 9.71997 8.14566 7.93905 7.66854 7.60842 7.58042 7.15705 6.96889 6.63126 6.59126 6.48059 6.4791 6.37187 6.33979 6.30406 6.24593 5.99544 8.11184 5.98239 5.88852 5.43729 5.41778 8.49365 5.40241 6.03778 5.30529 6.68649 6.04092 5.22152 5.0357 5.0249 4.87704 4.70903 5.1102 4.8699 4.66567 4.66199 4.56658 4.54949 5.61901 4.40059 5.34409 4.33647 4.32949 4.22716 4.54562 4.17336 4.15617 4.1495 4.51251
threshold=0.24204471707344058 0.40554691851139074 0.16560825705528262 -0.042920868843793862 0.081434201449155821 -0.06125198304653167 9.6090183258056658 0.20857746899127963 0 0.17598314583301547 14.500000000000002 0.20991902798414233 0.00026460851950105285 0.3202753365039826 0.12652226537466052 0.37112039327621466 0.3306045681238175 0.055507864803075797 0.224118746817112 0.5463271737098695 0.23862368613481524 0.20937586575746539 0.49279990792274481 -0.033323451876640313 -0.81728219985961903 27.500000000000004 0.0028118883492425088 0.11175018176436426 0.6921936869621278 0.5621992051601411 0.10031487792730333 -0.033524326980113976 0.051545694470405586 0.72873729467391979 12.500000000000002 1.0643355846405032 2.5000000000000004 0.089040204882621779 1.0694119930267336 0.03669846989214421 0.26291473209857946 -0.030661353841423985 0.15565625578165057 -0.040116673335432999 0.0023238770663738255 0.069429758936166777 0.13336554169654849 -0.0047981538809835902 -0.0086144916713237745 0.02371194772422314 -0.17801269143819806 0.17365995794534686 1 0.57905909419059765 0.13151150941848758 0.016689918003976349 -0.21141517907381055 0.22889114916324618 12.500000000000002 0.30632834136486059 0.15804956853389743 0.23419653624296191
decision_type=2 2 2 2 2 2 2 2 1 2 2 2 2 2 2 2 2 2 2 2 2 2 2 2 2 2 2 2 2 2 2 2 2 2 2 2 2 2 2 2 2 2 2 2 2 2 2 2 2 2 2 2 1 2 2 2 2 2 2 2 2 2
left_child=2 5 8 21 6 -2 -4 9 -1 22 11 41 15 -10 -15 30 -13 18 -17 -5 23 33 31 -9 -20 -21 32 37 48 47 -12 -8 -25 34 56 -31 -37 38 50 -39 55 -7 -24 -18 45 46 -16 -30 -22 -44 -6 -52 53 -51 -48 -14 57 -3 -50 -26 61 -54
right_child=1 3 4 19 27 10 7 20 13 -11 12 16 40 14 44 17 43 -19 24 25 28 -23 42 26 59 -27 -28 -29 29 35 -32 -33 -34 -35 -36 36 -38 39 -40 -41 -42 -43 49 -45 -46 -47 54 -49 58 52 51 -53 60 -55 -56 -57 -58 -59 -60 -61 -62 -63
leaf_value=-0.0035508436801197835 0.003260290395368415 -0.0033413150986028916 0.0014117167667153097 0.0020980767270164127 -0.0023566706289147319 0.0029270092768828694 0.00021238669337575249 0.0004779486027244165 9.6656065781264297e-05 -0.0036986129417189957 0.0017610654816781369 0.0057294499295662661 -0.0011861752116317738 -0.0031404464681604027 0.0040123867193529537 -0.0025115308260965242 -0.00096296101238914637 0.0044865003069695765 -0.0027965686892291427 0.0063003646826181791 -9.9963708944573895e-05 0.013332384648843227 -0.003768710094727764 -0.0019759087967655786 -0.001415183660251629 -0.00098862613034123026 0.0015616711276827989 0.0031573810773197516 0.00029915933632524631 0.0024567641720782182 -0.00098190129416456389 -0.0025915512783718734 0.0032752643926625361 0.0070806531569511007 0.0055013034760207722 -0.00089420805542007951 0.0007362813743765226 -0.0021141286675268613 -0.0025171766562020769 0.0022635418819539413 0.0012078453174745611 0.00061846626190504162 0.0008800856052790058 0.0035329144847821266 0.00020323349642099864 -0.0027500436351500599 -0.0041147083130131578 -0.0010619863607613579 -0.0030424356383471716 0.0017242643429840514 0.0022139853867240919 -0.0020264026299871112 -0.0016337923086199978 -0.0039214960003687563 -0.00067456665729412606 0.0001909032065483013 0.0035416341864232537 0.00076781425929782607 -0.0012254210810896491 0.00037046702009589237 -0.0033537045887798312 0.00016434697601970985
leaf_weight=916.06236451864243 289.09370416402817 33.985907196998596 177.9359809756279 1289.3232200741768 50.230096638202667 187.97743427753448 72.399950921535492 153.21772032976151 155.11249554157257 155.65555256605148 160.4447945356369 200.41316503286362 185.5632495880127 376.56579053401947 23.769598662853241 243.17768144607544 75.70012491941452 68.076787710189819 175.75415933132172 772.77345192432404 232.9683638215065 525.30385529994965 94.634801924228668 993.15935790538788 313.19190311431885 54.120041608810425 69.189772129058838 79.835918664932251 295.57027864456177 203.20004212856293 123.64219790697098 837.92065215110779 38.491654932498932 502.64813834428787 244.84710419178009 124.54227769374847 274.54561561346054 56.07390570640564 60.959971785545349 215.63611930608749 1315.6208825111389 2165.2553765773773 72.563898503780365 100.99155551195145 84.606454849243164 1073.7950153946877 88.934916317462921 388.32351779937744 120.85925525426865 87.640946865081787 136.55765700340271 28.846596777439117 565.66492235660553 49.733102202415466 216.81215196847916 614.55523818731308 57.777926385402679 31.372607886791229 152.31183135509491 414.70887178182602 78.894540905952454 155.59306573867798
leaf_count=1027 301 29 173 1337 45 202 67 168 180 125 173 192 196 237 24 234 85 69 187 804 242 517 72 994 349 76 55 61 334 173 130 873 36 462 315 65 281 52 49 183 1387 2260 52 105 76 980 81 431 100 87 109 22 447 53 225 623 62 26 194 446 52 146
internal_value=-0.000397369 0.00560133 -0.00719175 0.0113925 -0.00441954 0.0025346 -0.00528089 -0.00572828 -0.0128775 -0.00883213 0.0020663 0.00421546 0.000441508 -0.0105003 -0.0114682 -0.00263704 0.0121497 -0.0043685 -0.00533404 0.00837407 -0.00351477 0.0159638 -0.00791006 -0.00630479 -0.00327685 0.0119632 -0.00764689 0.00297022 -0.0015596 0.000250855 0.00474894 -0.0110389 -0.00862899 0.0132755 0.0086336 0.00448536 0.00109161 0.0010567 -0.00380624 0.00602503 0.00262504 0.00294141 -0.00532654 0.00454469 -0.00981822 -0.0105093 -0.00503457 -0.00347117 -0.00616928 -0.00428666 0.000306901 0.0043325 -0.00522531 0.00299707 -0.00674245 -0.000554492 -0.00204185 -0.0107765 -0.0106014 -0.00120545 -0.00659841 -0.00547832
internal_weight=19105.1 10146.3 8958.82 3512.15 6023.16 6634.17 5395.02 5217.08 2935.66 2170.7 6345.07 2730.34 3614.74 2019.6 1864.48 1499 377.105 1214.91 1146.83 2116.22 3046.38 1395.94 2015.05 1254.06 903.655 826.893 1100.84 628.14 1792.32 1286.18 284.087 910.321 1031.65 870.632 367.984 602.288 399.088 548.304 276.594 271.71 2115.74 2353.23 1104.73 176.692 1487.92 1403.31 329.517 683.894 506.139 1010.09 215.634 165.404 937.527 137.374 305.747 800.118 123.136 65.3585 273.171 727.901 800.153 721.258
internal_count=19138 10567 8571 3628 5741 6939 5220 5047 2830 1974 6638 2844 3794 1803 1623 1588 382 1285 1216 2217 3073 1411 1849 1253 982 880 1085 521 1820 1284 303 940 1030 894 432 519 346 460 225 235 2206 2462 909 190 1386 1310 330 765 536 837 176 131 785 140 306 819 117 55 294 795 645 593
cat_boundaries=0 1 2
cat_threshold=1280 13
is_linear=0
shrinkage=0.05


Tree=10
num_leaves=63
num_cat=3
split_feature=35 34 34 11 35 11 60 36 17 60 42 22 52 14 52 43 43 28 41 10 5 56 52 52 16 62 41 40 22 47 3 38 50 3 48 8 47 62 48 47 17 51 60 10 3 63 14 14 20 12 53 11 39 10 8 29 5 41 5 11 14 46
split_gain=291.029 65.7024 53.5861 20.2374 16.2325 13.4962 11.3892 11.3444 8.71868 8.34638 8.94362 8.22548 9.97031 9.93928 9.25614 7.89244 7.67834 7.10953 7.0967 6.7111 6.56047 6.43201 6.22733 6.82868 6.14464 5.94501 5.93857 5.84905 5.79147 5.73568 5.60635 5.68671 5.59589 7.27978 5.56759 6.85637 6.17487 6.25965 5.45218 8.29617 8.39132 5.99774 5.41379 6.04321 5.62509 5.38014 5.28419 5.28363 6.07647 5.85556 5.2244 5.4991 5.10531 5.10195 7.60036 7.23337 5.10124 5.04866 5.05247 4.98512 4.77604 4.71456
threshold=0.24204471707344058 0.39500762522220617 0.18129304796457293 -0.08254691585898398 0.11966245248913766 -0.057053195312619202 0 0.28223110735416418 1.0000000180025095e-35 1 0.062158787623047836 14.500000000000002 0.19009562581777575 0.0004797018191311509 0.27623905241489416 0.039308331906795509 0.13279671967029574 0.39863713085651403 1.2555816173553469 0.23887448757886889 -1.0474238991737364 -0.07222419977188109 0.28706425428390508 0.2098333612084389 0.11269593238830568 5.5000000000000009 1.3250247836112978 1.226067900657654 18.500000000000004 0.4464265257120133 -0.097006492316722856 0.36169731616973883 0.98025062680244457 0.026381508447229866 0.51026374101638805 0.026350558735430244 1.2878868579864504 5.5000000000000009 0.45416221022605902 0.78663673996925365 73.535755157470717 0.67287042737007152 2 -0.36187312006950373 -0.10960713401436804 1.0000000180025095e-35 0.0012449509813450279 0.0045759270433336505 0.13568157702684405 -0.045831127092242234 0.31784211099147802 -0.021191412582993504 1.2447953224182131 0.29242774844169622 0.042713601142168052 0.24617589265108111 0.20360475033521655 0.70388975739479076 -0.96512448787689198 -0.0057386909611523143 0.0039419590029865512 1.4871966242790224
decision_type=2 2 2 2 2 2 1 2 2 1 2 2 2 2 2 2 2 2 2 2 2 2 2 2 2 2 2 2 2 2 2 2 2 2 2 2 2 2 2 2 2 2 1 2 2 2 2 2 2 2 2 2 2 2 2 2 2 2 2 2 2 2
left_child=2 5 4 28 8 52 7 26 -1 27 57 12 50 18 -14 -8 -9 61 29 21 -12 -10 23 -19 25 38 34 -6 42 56 31 -31 33 -24 -4 -36 -37 -38 -22 41 59 -40 43 44 -3 -28 -29 49 -49 -17 51 -7 -2 54 55 -51 -13 58 -11 -41 -15 -5
right_child=1 3 6 17 9 11 15 16 19 10 20 13 14 60 -16 47 -18 22 -20 -21 24 -23 32 -25 -26 -27 45 46 -30 30 -32 -33 -34 -35 35 36 37 -39 39 40 -42 -43 -44 -45 -46 -47 -48 48 -50 53 -52 -53 -54 -55 -56 -57 -58 -59 -60 -61 -62 -63
leaf_value=5.5353688407633331e-05 0.0043055159121264813 -0.0030051882085871244 -0.0016443645476518444 0.0023115154371723709 -0.0029190513114915814 0.0020060147114749171 0.0014426284662583751 -0.0032220799855215243 -0.00066243551948698377 -0.0024325789798755699 0.00096123789289366687 0.001537560612927764 0.0091051352315229313 0.0002466652047611248 0.0016363001467743195 0.0024342849902534869 0.0019032680573369963 0.0033702021973519209 -0.0020479718991270671 0.0013973927922431115 -0.0034278160014412323 -0.0040925346567560958 0.0022379772318351365 -0.00069056136502314161 0.0018779928807188381 -0.0014398186566707666 0.0020389425285129367 -0.0025069252495016751 0.020893017962392506 -0.0022693199620199395 0.00030365521445335775 0.00041123547765408027 0.0083846588893588519 0.010023092813381335 -0.0011831060950324866 0.0011050340611776881 -0.0026336629043568461 0.00069946730565769583 7.0879448829937326e-06 -0.001747007559471132 2.6791837709042706e-05 -0.00198228897866438 0.0085549268371419695 0.0034637444500546042 0.0037160786688424431 -0.0042643650570867711 0.003309149015526354 0.0037474577203629139 -0.0032959953928984836 -0.0010444873183198201 -0.0016126139325181588 0.00050125371491701318 0.00050406393977949491 -0.0019403306038872289 0.0019577649761755092 0.0010422609110752531 -0.00093880455512107834 0.0031623961301030165 0.0011110778943951751 -0.0029628499527695109 0.0015020104304678721 -0.0035185574249325322
leaf_weight=65.123208403587341 225.67617738246918 38.753552556037903 1335.4339483976364 1140.8825226426125 770.16160804033279 264.03628522157669 103.47384917736053 46.401994943618774 47.27510541677475 33.569459915161133 69.611724674701691 198.30455434322357 176.04548752307892 1512.8331799507141 473.08600002527237 80.379579901695251 210.42798751592636 549.19410985708237 175.49877220392227 19.758617281913757 206.67105972766876 822.00621634721756 358.43711054325104 165.91226124763489 26.2871173620224 743.07891499996185 23.951310753822327 323.61946451663971 462.71718460321426 410.26958161592484 493.11151224374771 146.08414644002914 413.42992657423019 246.87485593557358 1033.5151988863945 328.52835917472839 99.129559278488159 61.624797880649567 155.72090184688568 97.402904272079468 54.009668707847595 69.86384916305542 217.03145653009415 55.130038917064667 27.101660072803497 125.28943252563477 39.727401554584503 78.087150692939758 27.921714127063751 1047.4673077464104 171.46758639812469 1569.9346023201942 89.562247037887573 117.77826350927353 190.01757597923279 178.59799063205719 119.18933755159378 54.846347093582153 72.014056086540222 330.75531601905823 463.52841991186142 23.325190424919128
leaf_count=65 236 34 1339 1191 921 282 95 48 36 28 61 218 177 1560 466 93 203 619 179 14 141 736 373 174 15 825 31 412 460 439 510 150 394 249 896 265 62 63 103 67 30 44 232 50 26 101 47 74 16 1079 175 1651 94 101 187 169 126 45 63 190 497 22
internal_value=-0.000508716 0.00529404 -0.00701291 0.0106126 -0.0113424 0.00226133 -0.00360678 -0.00536761 -0.0170406 -0.00955614 -0.00739069 0.00174498 0.00384632 0.000158264 0.00923411 -0.000420463 0.00469 0.00866466 -0.0028481 -0.0183342 -0.00846407 -0.0189913 0.0106973 0.00710395 -0.00908723 -0.0094697 -0.00624614 -0.0130268 0.0176547 -0.00162824 -0.00341228 -0.00685289 0.0132138 0.0101289 -0.00573529 -0.00366237 0.00120511 -0.00680878 -0.0121747 -0.0100711 -0.0137751 -0.00212924 0.0126363 0.00293021 -0.00699615 -0.0159859 -0.00788135 -0.00123243 0.00956754 -0.00194532 0.0020995 0.00288177 0.0123535 -0.00263758 -0.00180136 -0.00324637 0.0042523 0.00384715 -0.00250633 -0.0161201 0.00250715 0.00563256
internal_weight=19276.9 10187.4 9089.53 3698.79 4001.5 6488.63 5088.03 3264.3 954.163 3047.34 1913.83 6173.39 2654.57 3518.82 649.131 1823.72 256.83 2898.06 1542.46 889.04 1753.4 869.281 1733.85 715.106 1683.79 1657.5 3007.47 1133.51 800.734 1366.96 1049.47 556.354 1018.74 605.312 2858.23 1522.8 489.283 160.754 914.424 707.753 482.168 225.585 338.017 120.985 65.8552 149.241 363.347 1720.25 106.009 1614.24 2005.44 1833.97 315.238 1533.86 1416.08 1226.07 317.494 160.43 105.584 428.158 1976.36 1164.21
internal_count=19249 10584 8665 3824 3843 6760 4822 3008 851 2992 1612 6430 2751 3679 643 1814 251 3022 1622 786 1476 772 1809 793 1415 1400 2757 1380 802 1443 1099 589 1016 622 2625 1286 390 125 575 434 287 147 342 110 60 132 459 1719 90 1629 2108 1933 330 1536 1435 1248 344 136 91 257 2057 1213
cat_boundaries=0 1 2 3
cat_threshold=3416 3840 20
is_linear=0
shrinkage=0.05


Tree=11
num_leaves=63
num_cat=7
split_feature=34 33 35 60 38 6 15 12 15 41 11 60 38 38 7 3 44 60 50 62 38 35 26 60 15 39 22 60 20 60 50 22 47 29 6 10 43 9 43 42 22 50 32 62 44 33 14 10 17 38 42 10 62 31 47 9 9 62 52 28 6 52
split_gain=264.688 62.9352 51.184 21.0157 16.8779 13.6287 11.548 11.5346 9.74315 9.66607 9.4969 9.39948 8.85988 8.77118 7.5382 7.21849 7.17839 6.98953 6.92173 6.85182 6.76757 6.41365 6.27699 5.89645 7.37726 5.95634 5.78911 5.6453 5.16206 5.16147 5.38153 4.86901 4.81827 4.79158 4.76775 5.57731 5.54982 5.79022 5.12196 4.76269 4.67996 4.53698 4.51528 4.43123 4.39541 4.38263 4.28037 4.53451 4.52981 4.27818 4.23349 4.53313 4.16719 4.15628 4.06715 4.0495 4.04706 3.99507 4.98367 4.77529 8.60532 6.02482
threshold=0.24528653174638751 0.48828198015689855 0.14517470449209216 0 0.26414422690868383 1.0000000180025095e-35 -0.083829581737518297 0.080109298229217543 -0.17893622070550916 1.4484220147132876 -0.012550629675388334 1 0.45342077314853674 0.21526220440864566 2 -0.064646217972040163 2.884153008460999 3 1.4260298609733584 27.500000000000004 0.12652226537466052 0.22847683727741244 -0.0025975451571866866 4 0.10882071405649187 0.92232713103294384 18.500000000000004 5 0.0047089080326259145 6 0.64012116193771373 7.5000000000000009 0.4532779753208161 0.10127872601151468 0.039508666843175895 -0.05093881115317344 0.12335600703954698 -0.030624566599726673 0.15381887555122378 0.055610992014408119 3.5000000000000004 0.93762105703353893 0.20277817547321322 11.500000000000002 1.1660487055778506 0.36927792429924017 0.0033493817318230872 -0.29983417689800257 34.603357315063484 0.2318433299660683 0.12191085889935495 0.090431947261095061 5.5000000000000009 0.53523743152618419 0.85950756072998058 -0.056090118363499634 -0.057437170296907418 6.5000000000000009 0.13297368586063388 0.22150917351245883 0.027171401306986812 0.11295875161886217
decision_type=2 2 2 1 2 2 2 2 2 2 2 1 2 2 9 2 2 1 2 2 2 2 2 1 2 2 2 1 2 1 2 2 2 2 2 2 2 2 2 2 2 2 2 2 2 2 2 2 2 2 2 2 2 2 2 2 2 2 2 2 2 2
left_child=2 4 5 21 9 -1 -6 10 26 14 34 15 23 22 46 16 56 18 -16 -13 -7 33 -12 24 25 32 -3 42 -15 30 -14 -24 -8 -4 35 -5 37 -36 44 52 43 -42 49 -31 -38 -43 47 -2 -49 54 51 -19 -22 -32 -9 -47 -10 58 59 60 -33 -62
right_child=1 8 3 7 6 20 12 27 11 -11 13 19 29 28 17 -17 -18 50 -20 -21 39 -23 31 -25 -26 -27 -28 -29 -30 40 53 57 -34 -35 36 -37 38 -39 -40 -41 41 45 -44 -45 -46 55 -48 48 -50 -51 -52 -53 -54 -55 -56 -57 -58 -59 -60 -61 61 -63
leaf_value=0.00034848702622122785 0.001827717774508404 0.0069971912987391808 0.00033928883671035804 -0.0011686820450479802 0.0040070843794919519 -0.0035649711506549652 0.0020689558084700009 -0.0035363934728115578 0.0022471266723879113 -0.0043491814250560508 0.00017783045277632709 0.007124583082753439 -0.004552457641792987 0.0010693692842349679 0.002300066288516115 0.0061711261952356712 -0.0033829726530390375 0.0013025843056678208 -0.0010309331992359894 0.00035819191292302824 0.0016598920587412389 -0.001118135971438275 -0.0025709593942439598 0.0012344832332024326 0.0033369926485419272 0.00053523460006857794 0.02063043797623107 0.0035343303531440943 -0.000768088200218911 -0.0024648532641001423 0.0075191116768392159 0.0010484118434994731 -0.0011223567642344823 -0.0028069836745491673 -0.00026093244628207869 0.00084217453144225804 -0.00073319102046820049 -0.0026003096181180687 -0.0013446433318004868 -0.0027141768871292134 0.0051110317571877398 -0.0017133398143359302 -0.00050776530236795714 0.0025863363357788772 0.0014612517643256412 0.00094507171017988193 0.00065293843082180341 0.00080806236466951097 -0.0018001561549590599 0.003088480165459948 -0.00052640638191051861 -0.0051067204122674835 -0.0015408759587669575 -0.0016622295759602613 0.0015309230499417558 0.0061033014086441933 -0.00074803837506703941 -0.00096666824789754945 -0.0026535599572258487 -0.0022395242426825309 -0.0029068406663149814 -4.6168399653873508e-05
leaf_weight=120.64895415306091 41.578040540218353 114.49517345428467 69.26133918762207 136.7935294508934 442.6625651717186 849.9000678062439 68.379429340362549 27.571095585823059 260.99587631225586 47.693242430686951 146.88029992580414 927.40886610746384 33.197884798049927 203.08731162548065 298.68661767244339 296.84136915206909 27.557409107685089 267.39384841918945 60.429437458515167 89.725332140922546 35.972765564918518 316.15101653337479 366.15107625722885 3495.534129858017 108.2827507853508 604.31479561328888 309.50214117765427 157.99379760026932 1417.5726813673973 33.745420277118683 55.723923802375793 48.296079993247986 571.49914491176605 1122.1304467916489 215.17376238107681 256.57603842020035 139.87945175170898 168.57891619205475 161.98781162500381 945.37303388118744 430.14281421899796 73.223661661148071 345.36348795890808 49.316786050796509 213.84650832414627 79.151613831520081 125.49860924482346 50.552860975265503 589.03809744119644 70.883232593536377 630.10118001699448 19.933980464935303 49.920772135257721 26.47828733921051 29.741333067417145 119.24814963340759 109.01999098062515 536.33501726388931 301.16789186000824 63.54424512386322 149.37072730064392 153.44060051441193
leaf_count=115 27 115 89 124 471 725 84 20 247 33 117 979 41 214 265 290 21 265 59 126 23 401 311 3431 131 731 302 137 1398 27 71 30 689 1381 214 231 138 158 153 883 470 86 303 63 219 75 99 46 532 65 625 17 58 34 21 125 106 613 189 42 96 98
internal_value=-0.000570563 0.00480975 -0.00695052 -0.00488529 0.00284394 -0.0139812 0.00416515 -0.00338235 0.0124673 -0.000992223 -0.00424531 0.0107785 0.00356451 -0.00563745 -0.000479691 0.00597953 0.00164525 0.0019085 0.00770985 0.013854 -0.0150263 -0.0100861 -0.00807751 0.00271697 -9.57803e-05 -0.00118993 0.0192684 0.00294891 -0.00297637 0.00812244 -0.00190741 -0.00897624 -0.00455428 -0.011835 -0.000595392 0.00399038 -0.0026067 -0.00716012 0.000772627 -0.0122866 0.00950682 0.010957 8.77954e-05 -0.00154047 0.00415309 0.00586318 -0.00426494 -0.00583128 -0.00687639 0.00810978 -0.000436783 0.00458076 -0.000949693 0.00474269 -0.00197056 0.00972833 0.0034927 -0.00748353 -0.00993329 -0.00635418 -0.00405054 -0.00718872
internal_weight=19276.9 10457.4 8819.59 6817.78 8321.81 2001.82 6190.9 5310.23 2135.55 2130.91 4678.68 1711.55 5748.24 3385.85 2083.21 694.415 397.573 1276.55 359.116 1017.13 1881.17 1507.54 1765.19 4848.01 1352.48 1244.19 423.997 631.553 1620.66 900.229 115.4 1618.31 639.879 1191.39 1292.84 393.37 899.466 383.753 515.714 1031.27 784.828 701.766 473.559 83.0622 353.726 271.623 806.668 681.169 639.591 128.196 917.429 287.328 85.8935 82.2022 57.3124 198.4 370.016 1252.15 715.82 414.652 351.107 302.811
internal_count=19249 10683 8566 6762 8497 1804 6529 4891 2186 1968 4345 1769 6058 3108 1935 664 374 1231 324 1105 1689 1871 1496 5066 1635 1504 417 546 1612 992 146 1379 773 1470 1237 355 882 372 510 964 846 756 409 90 357 286 704 605 578 106 907 282 81 105 41 200 353 1068 455 266 224 194
cat_boundaries=0 1 2 3 4 5 6 7
cat_threshold=3840 2865 2 674 2821 84 2880
is_linear=0
shrinkage=0.05


Tree=12
num_leaves=63
num_cat=4
split_feature=35 38 35 6 60 8 15 37 15 60 47 36 6 9 52 38 22 14 60 17 52 52 22 52 52 48 6 2 10 31 10 50 48 11 17 52 50 12 60 29 10 31 28 30 52 22 9 56 10 31 35 20 14 11 13 22 62 22 52 30 14 17
split_gain=245.41 52.9147 50.4619 19.5823 18.6085 14.3557 14.2614 12.4731 9.4063 11.4517 12.6946 7.13759 7.92846 6.99754 6.70765 8.33373 6.94379 6.77749 6.66489 7.0009 6.42918 13.8381 6.21751 8.2321 7.62387 6.19765 6.03061 5.98368 5.96136 5.79428 5.73205 5.65919 5.48027 5.23374 5.22073 5.20607 5.18566 5.18266 5.1354 5.56733 5.11292 4.9628 4.68502 4.57986 4.50537 4.3933 4.37042 4.28363 4.32324 4.22652 4.15101 4.13814 7.723 4.08978 4.68339 4.79566 5.9159 5.58704 5.35471 4.95705 4.72266 4.45569
threshold=0.24204471707344058 0.45342077314853674 0.15690249949693683 1.0000000180025095e-35 0 -0.048724021762609475 -0.1071186028420925 0.12324490398168565 0.097803320735692992 1 0.97087937593460094 0.22882518172264102 0.018662795424461368 -0.045350346714258187 0.091452784836292281 0.26160854101181036 19.500000000000004 0.00043594272574409848 2 73.270439147949233 0.29386767745018011 0.18186561018228534 24.500000000000004 0.17540802806615832 0.37356825172901159 0.55732432007789623 0.098984193056821837 0.49469697475433355 -0.071004461497068391 0.24328359961509707 0.028797278180718425 0.77671238780021679 0.62447485327720653 0.050967611372470863 91.867729187011733 0.11766673997044565 1.2421755194664004 0.081434201449155821 3 0.60625430941581737 -0.46472573280334467 0.264963909983635 0.65811297297477733 0.25678482651710516 0.13148085027933124 15.500000000000002 0.0028511952841654424 -0.13082689046859738 0.24464473128318789 0.41764198243618017 0.2604923695325852 0.071407947689294829 -0.0035220014397054906 -0.012550629675388334 0.001643112220335752 18.500000000000004 6.5000000000000009 7.5000000000000009 0.14962037652730945 0.21997826546430591 -0.00070692552253603924 68.995018005371108
decision_type=2 2 2 2 1 2 2 2 2 1 2 2 2 2 2 2 2 2 1 2 2 2 2 2 2 2 2 2 2 2 2 2 2 2 2 2 2 2 1 2 2 2 2 2 2 2 2 2 2 2 2 2 2 2 2 2 2 2 2 2 2 2
left_child=2 5 3 -1 13 38 32 47 14 10 -10 12 -6 -4 -7 17 25 28 19 -8 21 37 23 -18 27 26 -17 -25 -16 -24 -20 -19 36 41 53 -11 -3 43 -2 -40 -27 -15 -34 -13 -42 -30 -22 -5 -49 -32 -31 52 -46 -14 55 57 60 58 -55 61 -57 -59
right_child=1 6 4 7 11 8 18 -9 9 35 -12 20 34 33 15 16 22 31 30 -21 46 -23 29 24 -26 40 -28 -29 45 50 49 -33 42 -35 -36 -37 -38 -39 39 -41 44 -43 -44 -45 51 -47 -48 48 -50 -51 -52 -53 -54 54 -56 56 -58 59 -60 -61 -62 -63
leaf_value=0.00048918894787131691 0.0034166785676245787 0.0071511651040705422 -1.0332154222286728e-05 -0.0010667619966306056 0.00256850476494696 0.0030001212530767971 0.0024655369287443531 -0.0020037980074922648 -0.0028307704748961231 0.00079652779318324098 0.0022256558019246009 0.00029060240934235954 -0.00016944392463168756 -0.0025411569696052669 0.0005652730413888557 -0.00031156663926028283 2.1418618752136466e-05 0.0010515102349467314 0.0057044536481602737 -0.0010042780121168949 0.00041240235296344241 0.0049469662937437157 -0.0022124240781012383 -0.0035209581153108518 0.0040727421990820667 -0.0016096715993371093 0.0019308890831626472 0.0020000083609173131 -0.00088249584648452957 0.0023490908084775083 0.007835416752994288 -0.00041648532717203406 0.0097302463050887439 0.00052730869475700289 0.0020171704206651177 0.003469430034191227 -0.0034899112153444277 0.0013863654609053511 0.0018129482378048318 -0.0031259838656108561 -0.00010174465860435106 -0.00067496241134693414 0.018812776541474431 -0.00089591015881572216 -0.0024411850196021574 -0.0026743790449288568 -0.0022916874111158702 -0.0037952343138101252 -8.7633303580933469e-05 -0.00040502460572065802 0.00030557616848649884 0.0052265807533675018 0.0020405397952929587 -0.0029995786958601509 -0.00064789159100405217 -0.0014568538984666424 -0.0013698774549824573 -0.00019338128806085098 6.4123027711428322e-06 0.0017114679875680984 -0.0026399904500600505 -0.0032621939220902011
leaf_weight=206.81507676839828 523.5467529296875 113.82906728982925 266.24894261360168 46.222795784473419 51.61203920841217 381.98382079601288 874.46926361322403 1591.6108202338219 121.34944051504135 166.93673861026764 99.624045848846436 544.70982855558395 654.50614017248154 1532.1096030473709 105.76743292808533 846.74632155895233 410.76211184263229 200.71318805217743 852.15069144964218 89.839388430118561 53.508203685283661 141.28832900524139 95.283714354038239 240.023033618927 50.263372659683228 43.468880832195282 301.52061480283737 29.330944955348969 138.28547370433807 81.098377883434296 38.843816757202148 636.65547013282776 211.77445048093796 61.66176825761795 23.368947982788086 422.43527436256409 17.264358699321747 245.9342645406723 319.71438157558441 30.547328174114227 224.91968810558319 220.53561413288116 371.12757921218872 418.83994561433792 37.61900383234024 224.57994371652603 80.096543431282043 880.84958839416504 29.908115088939667 128.79282981157303 646.57931661605835 174.58829057216644 934.98335134983063 193.49057912826538 911.69098275899887 34.102290511131287 216.89429992437363 292.78680992126465 65.983404159545898 51.196499347686768 226.13034570217133 47.427184581756592
leaf_count=206 548 138 290 34 42 394 845 1506 100 189 87 576 601 1714 104 993 460 217 970 83 49 121 105 232 51 32 344 29 145 88 53 555 197 66 14 455 15 205 323 28 257 250 369 395 38 222 75 774 18 174 700 166 878 160 766 23 249 250 55 47 139 40
internal_value=-0.000632926 0.00469564 -0.00660564 -0.012255 -0.00414719 0.00253181 0.0106998 -0.013456 0.00173521 0.00678224 -0.00296948 -0.00223074 -0.00373574 -0.00801332 0.00102973 0.000577591 0.00168227 -0.00290096 0.00851324 0.00532835 0.000558585 0.00159691 -0.000953238 -0.00431297 -0.0103299 0.00328095 0.000546522 -0.0136716 -0.00771531 0.00202262 0.0113555 -0.000200037 0.0167669 -0.00916274 -0.00410612 0.0103221 0.00745884 -0.000129228 0.00855622 0.00348104 0.0054953 -0.00966746 0.01885 -0.00178694 0.00603276 -0.010762 -0.00989503 -0.0179752 -0.0187299 0.00297443 0.00354608 0.00730153 0.00601923 -0.00431202 -0.00541596 -0.00757235 -0.0113875 -0.00476668 -0.0104567 -0.000980149 -0.0164783 -0.00317584
internal_weight=19276.9 10187.4 9089.53 2755.41 6334.12 7489.33 2698.09 2548.59 6615.52 810.345 220.973 4253.57 2769.19 2080.56 5805.17 5423.19 4117.19 1306 1984.1 964.309 1484.38 1350.77 1553.34 730.379 319.617 2563.85 1148.27 269.354 468.633 822.961 1019.79 837.369 713.995 1814.31 2717.58 589.372 131.093 1209.48 873.808 350.262 1415.58 1752.65 582.902 963.55 1372.11 362.865 133.605 956.98 910.758 167.637 727.678 1147.19 972.602 2694.21 2039.7 1128.01 477.127 650.884 259.474 391.41 260.233 340.214
internal_count=19249 10584 8665 2538 6127 7740 2844 2332 6841 831 187 3807 2386 2320 6010 5616 4373 1243 2125 928 1421 1297 1665 772 312 2708 1337 261 471 893 1197 772 719 2030 2344 644 153 1176 899 351 1371 1964 566 971 1339 367 124 826 792 227 788 1082 916 2330 1729 963 411 552 215 337 162 290
cat_boundaries=0 1 2 3 4
cat_threshold=3848 272 2872 238
is_linear=0
shrinkage=0.05


Tree=13
num_leaves=63
num_cat=2
split_feature=35 49 35 44 60 28 60 37 45 15 11 49 52 52 52 3 22 49 14 38 43 6 12 5 9 2 44 59 32 20 9 52 52 38 41 52 8 46 52 52 41 32 43 20 49 2 31 43 29 46 10 49 51 35 22 31 53 31 52 52 61 29
split_gain=225.949 51.3732 46.0331 18.5446 17.601 15.4202 11.9989 11.4253 10.173 8.22195 11.5495 7.90533 7.91743 8.78628 9.96642 7.51761 6.83865 7.89059 6.81491 6.92328 6.70364 6.63351 6.87032 8.2388 6.55825 6.34524 5.93536 5.85917 5.7247 6.68642 5.56422 5.479 8.45178 5.33966 5.25116 6.59706 5.24802 5.1691 5.07362 5.74794 5.61126 5.04547 5.60485 5.97238 5.03949 5.00582 4.92505 4.90099 4.80585 4.79983 4.78715 4.8036 4.6547 4.62995 4.66635 5.01919 4.60968 5.72085 4.5765 4.55509 4.3838 4.37216
threshold=0.24204471707344058 0.3052018284797669 0.15690249949693683 0.18735265731811526 0 0.27256104350090032 1 0.12324490398168565 0.45269507169723516 0.093222256749868407 -0.032201670110225671 0.27245976030826574 0.35591617226600653 0.22682581841945651 0.1788681894540787 -0.17663840204477307 14.500000000000002 0.15447345376014712 0.0040062491316348323 0.53515934944152843 0.1642270311713219 0.018662795424461368 0.080109298229217543 0.85975682735443126 -0.045350346714258187 0.63142278790473949 0.67204082012176525 0.10290441289544107 0.23633949458599093 0.0056174555793404588 -0.054405927658081048 0.1645256578922272 0.12714371085166934 0.28738234937191015 1.0573574900627138 0.12824487686157229 0.059686224907636649 -0.2235334366559982 0.27747285366058355 0.22923538088798526 1.0534995794296267 0.26405665278434759 0.15551995486021045 0.008102279622107746 0.11610564216971399 -1.0760860443115232 0.26070238649845129 0.13655882328748706 0.10127872601151468 0.7768228054046632 0.15678083151578906 0.15611815452575686 0.70311090350151073 0.21447181701660159 16.500000000000004 0.19910314679145816 -0.035286607220768922 0.66456392407417308 0.10347217693924905 0.27623905241489416 3.5000000000000004 0.14770946651697162
decision_type=2 2 2 2 1 2 1 2 2 2 2 2 2 2 2 2 2 2 2 2 2 2 2 2 2 2 2 2 2 2 2 2 2 2 2 2 2 2 2 2 2 2 2 2 2 2 2 2 2 2 2 2 2 2 2 2 2 2 2 2 2 2
left_child=2 6 3 -1 24 20 9 -5 25 10 -2 12 13 14 21 16 17 31 19 37 -3 -6 28 34 -4 45 33 41 30 46 -23 32 58 -18 -24 -36 47 -12 39 49 -41 42 43 -17 -43 -7 -30 48 -26 -39 51 60 -13 54 55 -25 57 -47 -8 -19 -46 -32
right_child=1 5 4 7 11 8 15 -9 -10 -11 18 52 -14 -15 -16 27 26 59 -20 -21 -22 22 23 53 36 -27 -28 -29 29 -31 61 -33 -34 -35 35 -37 -38 38 -40 40 -42 44 -44 -45 50 56 -48 -49 -50 -51 -52 -53 -54 -55 -56 -57 -58 -59 -60 -61 -62 -63
leaf_value=0.00046398711588926538 0.0036936503655229549 -0.0024811145874219539 -9.8155465111729456e-06 -0.0034691307573952099 0.0024400795266996118 -0.00044734185661256254 -0.0011867896749688954 -0.001903608107117652 0.020415812805559846 0.0032125542148469053 0.0019394879610721033 -0.00029861688786656936 -0.0026781697711114483 0.0028030684977765606 -0.0042345891672828477 0.0027840862278221607 -0.0017282599722819479 0.003866472192120639 0.0022700760504213574 0.0094410238994919807 0.0016488710918621725 0.00073475041481802232 0.0028634913197528294 -0.0015932636335243223 0.00055470495734172016 0.0095128973031740789 -0.0015921970338609163 0.0059680570163461793 0.0019594329625498702 -0.00044975356308892407 -8.3130304446717076e-05 0.0029218646812901265 -0.0029137901850545492 0.0014949354460437325 0.0041355296503172182 -0.0015012518579078336 0.00064604450638103695 -3.9882234863303226e-05 -0.00179933605540899 0.008077148289697772 -0.0035484291853177699 -0.00047152458216908889 -0.0014185527678741178 -0.0001755645135864542 -0.0025761548294284042 0.0014431951024149515 -0.00091998958138000411 -0.0011027670764348347 -0.0025090895533874239 -0.0016480392220569713 0.0030944004131603729 0.0015721663812992227 0.0058954158847147366 -0.0015412654921946811 -0.0021991702972924076 0.0011966056977797761 0.0052471602394021299 0.0057617133106203705 0.0017592969641997578 -0.00017423394188586657 0.00042612127883828412 -0.0015510120378663659
leaf_weight=211.15600502490997 559.00784385204315 95.775763094425201 266.24894261360168 954.77588844299316 51.61203920841217 75.131698250770569 38.839438498020172 1589.4745028018951 282.65741378068924 473.60263872146606 166.51412957906723 30.89437460899353 107.44018942117691 147.06979519128799 102.94822078943253 258.90368396043777 102.96931177377701 258.32421332597733 348.40313303470612 59.876296579837799 411.04405361413956 92.669795989990234 167.65053141117096 42.343663215637207 52.635369837284088 406.87616127729416 753.18077892065048 61.040396153926849 146.97674596309662 1214.1461954712868 341.7886506319046 50.607609748840332 197.0659989118576 216.37204432487488 46.959702849388123 56.882593035697937 62.109190821647644 1185.4661306738853 151.54929327964783 64.859482884407043 21.789324641227722 153.22095185518265 295.56346994638443 597.18839639425278 82.210507154464722 323.93317019939423 43.996946930885315 270.34084725379944 1429.2215775251389 46.099100768566132 237.37467658519745 746.86348450183868 49.423337519168854 137.98225873708725 33.40008270740509 54.031876027584076 891.21071195602417 166.01407927274704 106.12656766176224 124.04447466135025 177.71133023500443 1385.3496385216713
leaf_count=210 598 103 290 825 42 75 47 1503 288 508 183 32 98 137 83 261 105 258 403 77 414 91 129 31 64 396 786 70 145 1211 303 52 217 226 45 39 66 1276 133 54 19 177 307 636 70 321 49 294 1606 37 252 731 35 108 28 40 870 175 120 126 213 1161
internal_value=-0.000630243 0.00448267 -0.00636126 -0.011757 -0.00401311 0.0104672 0.00237501 -0.012939 0.0123205 0.00477054 0.00368055 -0.00214935 -0.00245458 -0.00209892 -0.00255031 0.00070784 -0.0017295 0.00184442 0.00193598 0.000624297 0.00260994 -0.00213439 -0.00237983 0.00283864 -0.00777306 0.0109729 -0.00431661 0.00243772 -0.00325404 -0.00085226 -0.00510562 -0.00312515 -0.00540784 0.00138244 0.00897975 9.45477e-05 -0.0088859 9.67492e-06 -0.000933372 5.92182e-05 0.0125026 0.00206853 -0.000377857 0.00166714 0.00408819 0.00942134 0.00783629 -0.00939325 -0.0105242 -0.00081314 0.00514379 0.00362986 0.013364 -0.00337048 0.00337944 0.00899012 0.0101059 0.00618741 0.00372847 0.00696004 -0.00221011 -0.00574768
internal_weight=19276.9 10187.4 9089.53 2755.41 6334.12 2652.64 7534.77 2544.25 2145.82 3077.17 2603.56 4253.57 4173.25 4065.81 3918.74 4457.61 1847.53 775.008 2044.56 1696.15 506.82 3815.79 3764.18 539.251 2080.56 1863.17 1072.52 2610.08 3224.93 1405.12 1819.81 392.64 342.032 319.341 271.493 103.842 1814.31 1636.28 1469.76 1318.21 86.6488 2549.04 1151.66 856.092 1397.38 1456.29 190.974 1752.2 1481.86 1231.57 1244.16 1006.79 80.3177 267.758 129.776 96.3755 1381.16 489.947 144.966 382.369 259.922 1727.14
internal_count=19249 10584 8665 2538 6127 2642 7942 2328 2125 3288 2780 3807 3740 3642 3505 4654 1937 820 2182 1779 517 3422 3380 420 2320 1837 1117 2717 2960 1405 1555 436 384 331 213 84 2030 1702 1519 1386 73 2647 1204 897 1443 1441 194 1964 1670 1313 1266 1014 67 207 99 71 1366 496 167 384 283 1464
cat_boundaries=0 1 2
cat_threshold=3848 1162
is_linear=0
shrinkage=0.05


Tree=14
num_leaves=63
num_cat=3
split_feature=34 49 37 2 60 60 14 6 22 2 44 52 20 39 47 49 52 60 49 49 50 8 62 5 14 20 32 16 37 36 52 52 14 6 49 14 37 43 39 62 37 20 27 32 62 9 44 22 16 49 13 38 1 31 44 32 64 31 15 38 30 47
split_gain=209.229 54.7311 38.956 18.3599 16.6845 12.5413 11.1766 10.4244 10.2128 9.65758 8.95119 8.40053 8.34609 8.19143 8.03982 7.60197 7.95642 7.301 7.11566 6.98407 6.94716 7.39095 7.1022 6.67742 6.41914 10.8279 6.33183 6.24543 6.23937 7.20813 6.81078 8.32324 6.17476 5.98638 5.97288 6.49942 6.23066 5.77286 5.73478 5.653 5.599 5.57439 5.58943 5.53039 5.48284 5.40625 5.36569 5.3393 7.73894 7.68028 6.72501 5.28111 5.22594 5.09004 5.08085 6.32041 5.09383 7.61385 5.14986 5.01007 4.9528 7.06035
threshold=0.23614494502544406 0.26601912081241613 0.14936380088329318 0.37185701727867132 0 1 -0.0053829690441489211 1.0000000180025095e-35 16.500000000000004 -0.48349253833293909 3.9016538858413701 0.27623905241489416 0.040454076603055007 0.6006014645099641 0.91457828879356395 0.16168561577796939 0.12580803036689761 2 0.11610564216971399 0.14250929653644565 1.3144956827163699 -0.029888603836297985 14.500000000000002 -1.2907888293266294 0.0019918376347050075 0.021651302464306358 0.44919967651367193 -0.26121132075786585 0.20384272933006289 0.17542678862810138 0.12824487686157229 0.1244647763669491 0.0033104441827163105 0.050077039748430259 0.10774463042616846 0.0012928599026054146 0.24335373193025592 0.22433525323867801 1.2447953224182131 1.5000000000000002 1.9479379653930666 0.077332552522420897 0.42555223405361181 0.49560411274433142 9.5000000000000018 0.098808575421571745 1.3150881528854372 24.500000000000004 -0.19423270970582959 0.3249634206295014 0.00094476068625226628 0.20485044270753863 1.0000000180025095e-35 0.29464878141880041 1.2359088659286501 0.32685495913028723 1.5455212593078616 0.29766778647899633 0.15445556491613391 0.30801597237586981 0.1447623670101166 0.88760411739349376
decision_type=2 2 2 2 1 1 2 2 2 2 2 2 2 2 2 2 2 1 2 2 2 2 2 2 2 2 2 2 2 2 2 2 2 2 2 2 2 2 2 2 2 2 2 2 2 2 2 2 2 2 2 2 2 2 2 2 2 2 2 2 2 2
left_child=2 5 7 6 23 9 40 -1 14 33 11 15 28 -10 43 16 18 53 34 -20 45 46 38 -4 44 -26 -15 -16 30 -30 31 -6 37 -2 36 -36 -7 -13 -23 -14 41 42 -3 -8 -9 -11 -22 49 -49 50 -5 -25 -27 -18 55 56 58 -58 -17 -56 -32 -62
right_child=1 3 4 47 12 10 8 24 13 20 -12 32 39 26 27 54 17 -19 19 -21 21 22 -24 51 25 52 -28 -29 29 -31 60 -33 -34 -35 35 -37 -38 -39 -40 -41 -42 -43 -44 -45 -46 -47 -48 48 -50 -51 -52 -53 -54 -55 59 -57 57 -59 -60 -61 61 -63
leaf_value=0.0001674844150630418 -0.0017603103157928152 -0.00052078749785141459 0.0020959622755399908 0.001107948406719799 -0.00095704427364408243 -0.0010128524780293941 0.0023221718779381172 -0.0029450933297042871 -0.0015713077480148275 0.0011349471415394718 -0.0037789341277627455 -0.0021498287995295492 0.0019485572296473715 -0.00026309357775100892 -0.0016057520898587196 0.0018624709997331779 0.0010733863602860854 -0.0012630694128909921 0.0020387055146864077 -0.0012428172124245658 0.0062927970950274921 -0.0044086706556649207 0.00048981508921007173 -0.0025296551302873647 0.0031678342867450084 -0.0025320724929472284 0.0038218688487126305 0.0052740887248761848 0.00446126231953881 -0.00055403722966818341 -0.0029628068315990879 0.0018033268941169971 0.0019274727054589354 0.00015542927857613577 -0.0032220033353735052 0.00063084578729595835 0.0015355719002601938 0.0044257223231448928 -0.00074553350258748329 -5.6079272367335157e-05 0.018830883441191233 0.0046412003286261331 0.0033735866560919551 -0.00014701991841233332 -0.0017520752824631545 0.0033242466642228589 -0.00097762331079279444 0.012739218295823208 0.001266108228361737 0.015909845586742303 0.0097459851905162907 -0.0016420972394938283 0.00021849434180006184 -0.00085514004211697115 0.0046036153849329624 0.0034262626349810519 -1.2978497621631003e-05 -0.0033452253160721245 -0.002773069325072112 0.00057177910154641582 -0.00060257914259121553 -0.0029542136877345263
leaf_weight=114.47024846076965 150.60588544607162 121.14444380998611 40.940203726291656 124.42817777395248 1012.4697393774986 198.54048103094101 345.78446519374847 1371.8532180190086 272.72660720348358 1517.345704138279 47.517187893390656 273.9716609120369 66.138324737548828 229.65336591005325 34.396797835826874 352.75268137454987 290.18733328580856 1053.9610232710838 293.82132512331009 64.372086584568024 95.970009684562683 76.85990971326828 302.680300116539 780.9707083106041 41.482392430305481 143.25507766008377 234.68962758779526 304.29878950119019 48.19745397567749 1763.9706248044968 165.87100368738174 87.432581424713135 29.789783775806427 745.61998504400253 146.12225550413132 83.567646324634552 291.48407638072968 27.183864533901215 41.632373929023743 905.31737959384918 91.787815451622009 714.60930722951889 31.232270479202271 233.96871709823608 287.22395902872086 543.18042033910751 44.699738383293152 77.171673178672791 157.29940915107727 476.60777282714844 89.195338487625122 583.40072929859161 40.621814608573914 222.2267170548439 108.31483978033066 221.58215242624283 206.92741298675537 75.059570074081421 28.561187386512756 76.438778698444366 403.70578545331955 269.65450811386108
leaf_count=110 152 128 50 118 909 209 367 1107 278 1549 36 277 30 230 30 287 329 1014 318 70 92 41 382 953 27 130 230 271 48 1739 137 69 32 813 159 90 318 30 20 848 88 707 34 237 372 630 51 77 156 469 92 742 32 252 106 204 220 82 22 89 373 187
internal_value=-0.000644559 0.00380237 -0.0067462 0.00893979 -0.00476767 0.0014128 0.00679399 -0.0128088 0.0043007 0.00359619 -0.000470922 -0.000217103 -0.00331831 -7.64707e-05 0.00781852 0.000461902 -0.000975327 -0.00325177 0.00232807 0.00808635 0.00513802 0.000200333 -0.00310505 -0.00954279 -0.013699 -0.00574124 0.00395605 0.0139444 -0.00439515 -0.00228129 -0.00636781 -0.00377148 -0.00784995 -0.000869571 -0.000531544 -0.00718857 0.00257944 -0.0100083 -0.0134795 0.000800653 0.0110931 0.00983751 0.00111793 0.00422931 -0.0147765 0.00648187 0.0101275 0.0149995 0.00843342 0.0172212 0.00929437 -0.0102097 -0.0109638 0.00165001 0.00401936 0.00243692 0 -0.00510009 0.00376173 0.011566 -0.00976377 -0.00784181
internal_weight=19276.9 11150 8126.98 3538.99 6128.07 7610.98 2614.29 1998.91 1655.52 3518.59 4092.38 4044.86 4722.76 737.07 918.449 3713.92 2644.28 1566.38 1077.91 358.193 2622.37 561.842 421.173 1405.31 1884.44 225.359 464.343 338.696 3751.3 1812.17 1939.13 1099.9 330.945 896.226 719.714 229.69 490.025 301.156 118.492 971.456 958.774 866.986 152.377 579.753 1659.08 2060.53 140.67 924.702 234.471 690.231 213.624 1364.37 183.877 512.414 1069.64 884.883 663.301 281.987 381.314 184.754 839.231 673.36
internal_count=19249 11386 7863 3512 6085 7874 2600 1778 1643 3730 4144 4108 4340 738 905 3769 2759 1595 1164 388 2765 586 443 1745 1668 189 460 301 3462 1787 1675 978 339 965 776 249 527 307 61 878 957 869 162 604 1479 2179 143 912 233 679 210 1695 162 581 1010 815 611 302 309 195 697 560
cat_boundaries=0 1 2 3
cat_threshold=3840 1194 68
is_linear=0
shrinkage=0.05


Tree=15
num_leaves=63
num_cat=4
split_feature=35 35 38 6 12 11 38 23 37 11 11 5 10 14 60 44 49 49 60 43 6 15 53 49 10 45 11 49 44 10 26 44 13 51 43 45 31 32 10 14 43 16 49 19 41 46 5 13 49 15 49 49 40 1 16 60 47 32 23 40 49 62
split_gain=189.776 42.2053 37.4181 19.6426 16.1398 13.5416 10.6934 10.6612 10.2348 9.91207 9.64686 8.71621 8.09405 8.70923 7.91404 7.8268 7.20195 8.23201 7.02229 7.58553 6.53047 6.3039 6.14491 6.04488 10.6436 6.60664 5.55058 5.92204 5.47189 5.14128 5.12853 5.9409 5.08137 5.7119 5.08126 5.07803 5.01185 5.00555 10.4324 8.72771 7.95765 7.17194 6.13681 6.05183 6.52181 7.05502 5.51206 5.70774 5.04317 4.96717 4.93263 4.81563 7.62969 6.84881 6.21832 4.79872 4.74852 6.48327 4.68637 4.59284 4.56872 7.06178
threshold=0.25333061814308172 0.14517470449209216 0.4631913304328919 1.0000000180025095e-35 0.081434201449155821 -0.035274021327495568 0.21526220440864566 2.5000000000000004 0.12324490398168565 -0.164214052259922 0.086635086685419097 -1.0474238991737364 -0.26141797006130213 0.00038930686423555022 0 1.7379302382469179 0.28907994925975805 0.2234204784035683 1 0.031447701156139381 0.083253785967826857 -0.019177124835550782 -0.0063637378625571719 0.22110010683536532 -0.37771742045879358 0.23301912844181064 0.080493994057178511 0.10139632597565652 0.28944087028503424 0.24464473128318789 0.0044192133937031039 3.1649883985519414 0.0026576544623821978 0.7588692605495454 0.15973784774541858 0.012519570067524912 0.36792097985744482 0.224118746817112 -0.0600210353732109 0.0025246663717553024 0.11208006739616395 -0.051452631130814545 0.090404756367206587 2 0.63138118386268627 -0.41096840798854822 0.7711162567138673 -0.0015506458585150538 0.15829201042652133 0.011344172060489656 0.15041057020425799 0.11610564216971399 0.88219833374023449 0.28135982155799871 0.090648304671049132 3 1.0855631828308108 0.32331526279449468 3.5000000000000004 1.2072094678878786 0.16400649398565295 3.5000000000000004
decision_type=2 2 2 2 2 2 2 2 2 2 2 2 2 2 1 2 2 2 1 2 2 2 2 2 2 2 2 2 2 2 2 2 2 2 2 2 2 2 2 2 2 2 2 1 2 2 2 2 2 2 2 2 2 2 2 1 2 2 2 2 2 2
left_child=1 3 5 -1 6 -2 11 23 29 -4 12 15 -9 16 21 59 17 60 -13 -20 37 -11 50 28 -25 56 27 -24 -7 -5 31 -16 -15 55 51 -12 -23 38 -8 40 42 -42 -40 44 45 -39 47 -45 -48 -10 -6 -21 53 -53 -54 -34 57 -26 -18 -3 61 -14
right_child=2 4 9 8 22 7 20 10 49 14 35 18 13 32 30 -17 58 -19 19 34 -22 36 26 24 25 -27 -28 -29 -30 -31 -32 -33 33 -35 -36 -37 -38 43 39 -41 41 -43 -44 46 -46 -47 48 -49 -50 -51 -52 52 54 -55 -56 -57 -58 -59 -60 -61 -62 -63
leaf_value=0.00079054781880612442 0.0025836617849342271 0.0018115408607907654 0.01801200666557801 -0.0032817809751343506 0.00024870992564326202 0.0048735183176858215 0.0018369047311682348 0.0021899340776761803 -0.0019957598430781639 0.0037166184477968964 -0.00025405514635099685 -0.00232871139819954 -0.0029465683210011338 -0.00068948418897289698 0.0040406629301093485 -0.0019817550661656359 0.013532644638857217 -0.0026052445912893699 0.0023198408354622004 -0.00159585340104427 0.00051819598673190467 0.0050372919682664611 -0.001457162798711867 -0.0011143737719396085 0.0080160182525359069 -0.0012812457488616286 -0.0018515859865156491 0.002410225347016307 0.00040440469116337921 0.00021821795799356971 0.0064322600341775484 -0.0044644691487609085 -4.0127258082315849e-06 -0.0020476705291884367 -0.0028713770534068666 0.0030527337200802226 -0.0011230316886896255 0.0012358979075029004 -0.0039353638265624373 0.002567330263735533 0.00043839074171616313 -0.0027193524387108051 -0.00039005448200877678 0.00087485135006208083 -0.00046355611937814041 -0.0029058550176956884 0.00042556161124201466 -0.00086173856645434537 0.0040332853711116069 -0.00067871664153310593 -0.0024668625831009588 0.0019923207510670268 -0.0011270885643133999 -0.00077159811380476495 0.00066088329484293579 0.0020875316357392205 0.0084470337116826031 0.0021969399887051544 -0.00044354461447488843 -0.0014150596972133099 0.00079359046653189325 -0.00067944052757711601
leaf_weight=191.55849808454514 1088.7430979013443 138.26165747642517 228.6318736076355 915.74671196937561 242.79246705770493 109.21017324924469 86.488022744655609 256.95790964365005 669.92731159925461 149.93076628446579 69.647201895713806 449.15725350379944 57.455909550189972 712.77838146686554 1360.3098447322845 79.753984272480011 44.723281383514404 261.94403702020645 60.888197839260101 1193.8195739984512 414.40816140174866 19.064386248588562 38.674295485019684 79.251571416854858 107.56484055519104 41.152773499488831 36.006853520870209 348.17705327272415 1727.9534206390381 28.621260941028595 634.85397189855576 30.185635447502136 472.11433798074722 44.660427570343018 124.71322333812714 141.54958361387253 151.39129739999771 52.492726802825928 47.714222609996796 62.537514388561249 57.883403360843658 375.33161097764969 285.45650154352188 328.37466257810593 880.97140008211136 162.5913890004158 115.78623825311661 474.00555199384689 71.084119737148285 310.43380570411682 132.12666189670563 86.19455486536026 1271.4204884767532 56.84571760892868 38.119733273983002 448.61798101663589 96.923504412174225 349.62325048446655 75.674773991107941 39.438989043235779 180.98279440402985 465.76389819383621
leaf_count=189 1115 124 217 792 223 112 96 237 620 190 69 517 37 781 1398 79 46 255 53 1169 403 25 41 70 118 45 28 286 1836 18 673 25 441 38 105 157 187 60 44 50 60 370 316 349 867 171 127 491 62 291 97 65 1165 46 26 538 81 340 72 43 174 541
internal_value=-0.000339842 -0.00518422 0.00474095 -0.0114433 -0.00347462 0.00280437 -0.00424771 0.00183416 -0.0129635 0.00987909 -6.29412e-05 -0.00617472 -0.000786699 -0.00157721 0.00890589 0.00266934 -0.00506515 -0.00650477 -0.00687025 -0.0058736 -0.00224944 0.00135491 0.00325739 0.00427787 0.00832951 0.010625 0.00739053 0.00914574 0.00278722 -0.0166855 0.0100415 0.0083807 0.000678272 0.00304459 -0.00627921 0.0102639 -0.00516072 -0.00306288 -0.006147 -0.00787473 -0.00934384 -0.0138152 -0.00351243 -0.00170638 -0.00426614 -0.0120755 0.00112483 -0.000670858 0.00885809 -0.00937168 -0.00139163 -0.005811 -0.00387042 0.00707591 -0.00507035 0.00389643 0.0120644 0.00990946 0.00644148 0.00852398 -0.00367928 -0.00605089
internal_weight=19275.5 9867.8 9407.66 2116.29 7751.52 6833.29 6953.74 5744.55 1924.73 2574.37 3232.87 3538.61 3021.67 2764.72 2345.74 257.455 1086.54 966.147 3281.16 2832 3415.13 320.386 797.777 2511.68 674.516 595.264 422.858 386.851 1837.16 944.368 2025.35 1390.5 1678.17 965.393 2771.11 211.197 170.456 3000.72 915.411 828.923 766.386 433.215 333.171 2085.31 1096.06 215.084 989.251 802.38 186.87 980.361 374.919 2646.4 1452.58 143.04 1309.54 920.732 554.112 457.188 120.398 177.701 704.203 523.22
internal_count=19261 9443 9818 1910 7533 7103 6858 5988 1721 2715 3386 3392 3160 2923 2498 246 1125 1007 3146 2629 3466 402 675 2602 654 584 355 327 1948 810 2096 1423 1798 1017 2576 226 212 3063 936 840 790 430 360 2127 1098 231 1029 840 189 911 320 2471 1302 111 1191 979 539 458 118 167 752 578
cat_boundaries=0 1 2 3 4
cat_threshold=2848 1280 4 2132
is_linear=0
shrinkage=0.05


Tree=16
num_leaves=63
num_cat=1
split_feature=34 36 36 8 20 46 28 8 41 28 47 52 36 20 42 32 17 61 22 49 52 30 42 49 10 52 13 40 41 22 32 17 45 8 42 32 34 49 1 50 52 62 52 48 10 32 29 29 32 30 40 42 50 18 44 45 52 1 45 51 22 5
split_gain=172.095 38.1291 35.7211 12.9485 10.7134 9.84732 9.10939 8.20428 10.5785 8.08952 7.9776 8.74906 7.63631 7.59254 8.40373 11.2088 7.44715 7.02457 5.8101 5.94398 15.6461 5.77117 6.42671 5.75603 8.29314 14.003 7.56494 7.0081 6.18294 5.88689 6.32718 6.03499 5.73819 5.68101 5.62548 5.59333 5.54978 7.13947 5.52207 5.39174 6.91698 6.4972 5.37918 5.22645 5.06305 5.02125 5.62616 4.97314 4.96489 4.9232 4.86471 4.81867 4.81149 4.76136 7.52085 4.84052 4.73663 4.70205 4.70187 4.66038 4.63088 4.49793
threshold=0.25752754509449011 0.17994531989097598 0.49068126082420355 -0.048724021762609475 0.051341203972697265 1.7669956088066103 0.12158153578639032 0.08225730806589128 1.3797806501388552 1.6014658212661745 0.31573371589183813 0.35616774857044226 0.13410282135009768 0.01088968710973859 0.13531579077243808 0.22629927843809131 1.0000000180025095e-35 9.5000000000000018 14.500000000000002 0.20455498248338702 0.27623905241489416 0.18345976620912555 0.031827682629227645 0.2871552854776383 -0.29307122528553003 0.36091753840446478 -1.0000000180025095e-35 0.96005737781524669 0.99928191304206859 25.500000000000004 0.33249717950820928 43.763130187988288 -0.014627368189394472 0.047837588936090476 0.20004782080650332 0.50156748294830333 0.21905899792909625 0.13320208340883258 0.28135982155799871 0.65441960096359264 1.0175611376762392 26.500000000000004 0.28706425428390508 0.60607025027275097 0.40985761582851415 0.21787642687559131 0.41399922966957098 0.45493349432945257 1.168018698692322 0.21510860323905948 0.83958396315574657 0.060447597876191146 1.7048240303993227 0 1.3480979204177859 -0.034974731504917138 0.35616774857044226 -0.23644225299358365 0.10550364479422571 0.75101429224014293 26.500000000000004 -1.2505730986595152
decision_type=2 2 2 2 2 2 2 2 2 2 2 2 2 2 2 2 2 2 2 2 2 2 2 2 2 2 2 2 2 2 2 2 2 2 2 2 2 2 2 2 2 2 2 2 2 2 2 2 2 2 2 2 2 1 2 2 2 2 2 2 2 2
left_child=1 6 3 5 13 61 12 8 18 39 -6 36 16 14 15 51 -1 38 19 35 -21 22 -8 24 28 26 53 -25 -20 30 31 -28 48 -24 -10 47 37 57 50 40 41 -4 -34 -16 58 -33 -47 -5 -22 -23 -15 -3 -41 -26 -55 -56 -52 -12 -38 -18 -27 -2
right_child=2 4 9 7 10 -7 21 -9 34 -11 11 -13 -14 17 43 -17 59 -19 23 20 32 49 33 27 25 60 29 -29 -30 -31 -32 45 42 -35 -36 -37 44 -39 -40 52 -42 -43 -44 -45 -46 46 -48 -49 -50 -51 56 -53 -54 54 55 -57 -58 -59 -60 -61 -62 -63
leaf_value=-0.000278156631529877 0.0044013403937885141 0.0027177784082198959 0.0067333017255640478 0.00036631186928032244 0.0050765347002768918 -0.0026276258040909294 0.00050657121854580378 0.0019673170441669332 -0.0033691062207485247 0.017464936589097559 -0.00065279591053134668 -0.0044293484544995218 -0.0017030441645625631 -0.0026009130357336043 -0.00031036007212079716 0.00065452350517218876 -0.0031307587785844196 0.0010254313152367287 0.0036584817455789734 0.0080313501310018826 0.0019884895381460372 0.00059058964145116137 -0.001842155253803897 -0.0022606617599426038 -0.0016487522747989593 -0.0027700374035604905 0.0011162051260642347 0.0026337517957198812 -0.0023874798246877344 0.0014817064650130677 0.0016424402602786825 -0.0029274699391390012 -0.0016417778902965531 0.00054467260818222014 -0.00093305905720831033 -0.0022289437810853159 -0.00017526082171301501 0.0034040179991791917 -0.00034191898773096969 0.0050560703079260919 -0.00050612084681707359 -0.0021894095132737354 0.00069749554145090995 0.0019901692945964752 0.0030728357559608784 -0.00077909515545905182 0.0043275698687656365 0.0027209148559926024 -0.002848672639381513 -0.0012752542655918105 -0.001188088424928649 -0.0017868658018785053 -0.00090633785522313049 0.00051840910276006462 0.00047085303620237608 -0.0034782550349165085 -0.0045169606704824174 0.0021636938499565886 -0.002752153996593992 0.00034235713213748889 0.00075057055936621903 0.0018078737851142336
leaf_weight=69.1132772564888 265.39251804351807 24.601719260215759 223.32639288902283 1446.0344031453133 57.406638085842133 36.457715690135956 116.3816339969635 821.11802005767822 69.854722142219543 155.85029435157776 105.16736727952957 48.593643367290497 874.19812113046646 84.945741295814514 266.65629839897156 370.10279661417007 762.87769711017609 233.42568069696426 138.99601650238037 264.89258098602295 312.07826846837997 192.28298193216324 1324.4330307841301 68.766344547271729 216.9541072845459 180.06124550104141 138.26510947942734 327.78593814373016 23.685119390487671 541.0777622461319 257.26380240917206 121.8622288107872 86.92686128616333 57.782867670059204 132.85709911584854 87.412645518779755 453.78737109899521 175.5901927947998 890.78690934181213 1523.5548889040947 187.97628909349442 53.479630053043365 155.85787808895111 226.07410269975662 46.928970813751221 502.52763664722443 46.473072588443756 65.817099750041962 26.080846905708313 65.603395402431488 2399.6072768568993 587.47537022829056 58.561640202999115 303.14431214332581 35.085872888565063 92.497100174427032 46.17684280872345 67.77289217710495 82.974846661090851 22.959930419921875 22.721284151077271 631.06040042638779
leaf_count=69 273 25 265 1485 66 31 111 827 59 156 93 43 859 64 304 400 664 313 125 250 313 150 1208 66 231 182 148 323 26 566 286 115 83 49 141 91 444 152 875 1551 197 75 162 193 32 506 51 72 19 58 2413 605 57 336 38 97 53 64 70 13 21 647
internal_value=-0.000402829 -0.00511967 0.00432916 0.00266814 -0.00275624 0.00817725 -0.0093003 0.00187487 0.00119671 0.00992094 0.00187239 0.000805769 -0.0118805 -0.00369402 -0.000661949 -0.00333803 -0.0152483 -0.00491615 0.0016138 0.00342529 0.00681674 -0.00675691 -0.00794581 0.00014406 -0.000703841 -0.0014294 -0.000295189 0.00575878 0.010222 0.00154067 -0.000610492 -0.00278648 0.00221387 -0.00889688 -0.0100129 0.00162815 0.0018897 0.00688321 -0.00548926 0.00907967 0.00432544 0.0093551 -0.00363675 0.00466185 -0.00108411 -0.00475124 -0.00270069 0.00234212 0.006429 0.000132919 -0.00668187 -0.00749366 0.0104728 -0.00485884 -0.00180144 -0.0119874 -0.00626968 -0.000300185 -0.00246994 -0.0166322 -0.014012 0.00921735
internal_weight=19275.5 9653.71 9621.76 7419.01 6168.07 932.911 3485.63 6486.1 5664.98 2202.75 1038.22 980.815 1729.15 5129.85 1474.91 982.18 854.951 3654.94 5462.27 2445.1 845.836 1756.48 1498.6 3017.17 2620.61 2457.93 2255.15 396.552 162.681 1607.47 1066.39 809.128 580.944 1382.22 202.712 1599.26 932.222 348.53 3421.52 2046.9 464.782 276.806 242.785 492.73 583.691 670.863 549.001 1511.85 338.159 257.886 2530.73 612.077 1582.12 647.681 430.727 127.583 2445.78 172.94 536.762 785.838 202.783 896.453
internal_count=19261 9390 9871 7570 6209 951 3181 6619 5792 2301 964 898 1605 5245 1527 1030 746 3718 5592 2475 827 1576 1368 3117 2728 2577 2374 389 151 1672 1106 820 577 1257 200 1648 855 309 3405 2145 537 340 245 497 546 672 557 1557 332 208 2530 630 1608 702 471 135 2466 157 514 677 203 920
cat_boundaries=0 1
cat_threshold=2
is_linear=0
shrinkage=0.05


Tree=17
num_leaves=63
num_cat=3
split_feature=35 8 35 32 42 12 22 32 37 12 9 1 44 54 52 52 15 52 49 17 52 43 52 52 52 52 12 60 62 60 36 30 42 20 42 5 37 32 46 44 32 50 43 59 46 45 20 43 11 64 60 49 47 43 46 52 49 45 49 52 20 52
split_gain=156.798 36.8984 33.6861 17.6304 15.6419 13.7174 11.3807 10.8166 9.93275 8.49993 8.49609 8.33567 10.2529 8.1452 7.69393 8.72063 7.08976 6.57816 6.28905 6.27658 6.1982 6.53472 9.62364 5.98146 10.8471 12.6885 5.98116 6.35681 5.8947 5.83622 6.27648 5.71247 5.68765 5.82696 5.95441 5.64429 5.57943 5.24432 5.20316 7.3381 8.21683 5.06761 4.86428 5.21203 4.86356 5.43512 4.84025 4.76323 4.67939 4.6443 5.03515 6.11842 10.455 4.59783 4.57111 4.4432 7.9347 4.99789 4.80964 5.00735 4.66349 4.44729
threshold=0.24204471707344058 -0.048724021762609475 0.14517470449209216 1.0000000180025095e-35 0.31377018988132482 0.080109298229217543 14.500000000000002 0.23751378804445269 0.12324490398168565 -0.27904190123081202 -0.047735130414366715 -0.14778817445039746 3.4957171678543095 0.3257316797971726 0.15983646363019946 0.12580803036689761 -0.024157727137207981 0.091452784836292281 0.31867712736129766 75.912769317626967 0.098302587866783156 0.17953354865312579 0.10447174683213235 0.35591617226600653 0.2169860973954201 0.1788681894540787 -0.02670018374919891 0 27.500000000000004 1 0.12684168666601184 0.27863949537277227 0.13531579077243808 0.045576874166727073 0.13090343773365024 1.1171891093254092 0.23353395611047748 0.93024927377700817 0.16947756707668307 1.4315483570098879 0.24950886517763141 0.79860693216323864 0.085296019911766066 0.1013573966920376 0.17365995794534686 -0.1854104399681091 0.0051764100790023812 0.15618703514337542 -0.022203856147825714 8.0595977306365985 2 0.2871552854776383 0.83886989951133739 0.16850268095731738 0.025286211632192138 0.27623905241489416 0.22110010683536532 -0.044671300798654549 0.38383288681507116 0.36484922468662268 0.083637285977602019 0.1679695323109627
decision_type=2 2 2 2 2 2 2 2 2 2 2 2 2 2 2 2 2 2 2 2 2 2 2 2 2 2 2 1 2 1 2 2 2 2 2 2 2 2 2 2 2 2 2 2 2 2 2 2 2 2 1 2 2 2 2 2 2 2 2 2 2 2
left_child=2 9 3 -1 6 7 14 10 42 -2 48 12 -11 19 15 36 -16 35 -13 38 29 22 -22 24 25 46 -6 28 37 -12 -31 -25 33 34 -24 -10 -3 -28 49 40 -40 -26 43 -5 45 -7 -9 -17 -4 50 -8 -52 -53 -51 -29 56 61 -57 -59 -60 -61 -18
right_child=1 4 5 8 26 44 13 23 17 11 20 18 -14 -15 16 47 55 -19 -20 -21 21 -23 32 31 41 -27 27 54 -30 30 -32 -33 -34 -35 -36 -37 -38 -39 39 -41 -42 -43 -44 -45 -46 -47 -48 -49 -50 53 51 52 -54 -55 -56 57 -58 58 59 60 -62 -63
leaf_value=0.00038163557893895419 0.016730928091758968 -0.0020821388901936691 0.00045764280148208189 -0.0027543064921070862 0.0046287627851435949 -0.0017357120615242333 -0.0014127920216621182 0.0011708697289971135 0.0030359089323129737 0.0019341435858944074 0.00048087866797644072 0.0022759545352511569 -0.0028671527928957109 0.0064277908619730373 -3.0805259840865906e-05 -0.0015482180700906387 0.0031401280215754787 -0.0018469850717071686 0.01005578765217495 0.0012230003822287965 0.0020130240320767757 -0.0033172451822172629 -0.0015190561084560115 -0.002483118952337725 0.00022732998652995039 -0.0033831397492972305 0.0035898840518164641 -0.0033111130034191583 -0.0016112009263891281 0.00017737311402656194 -0.0024543085775600338 0.00011055414014644328 -0.00024830440340263272 0.0007107983878250568 -0.0031897599887752461 -0.0015075216378657428 0.0017316421633132642 -0.0024851731296382509 -0.0017027712045168974 -0.0025001963144284131 0.00012824751376846189 0.0034546712998324933 -0.0039341737363745742 -0.00015499407081439909 -0.00087148044741460352 0.0012404980687510184 -0.00037062924621007607 0.00042237600050956393 -0.0024894687728834229 0.00036780545322464696 7.9862522367698107e-06 0.0065912728971660286 -0.0005363410095855888 -0.0041203893020551391 0.0017612854136255214 0.0035469740873101843 0.0077909277592169814 -0.00060898922022346869 0.007183092059628627 -0.0016018971312092513 0.0036508688661363257 0.00044107586502843758
leaf_weight=234.91174745559692 221.99487322568893 39.079742968082428 243.90310448408127 674.38109183311462 345.32654124498367 79.845862805843353 261.85900521278381 204.2268345952034 48.114863634109497 714.77042269706726 108.22038304805756 546.62308520078659 40.92545473575592 50.270646691322327 318.7588164806366 480.28600400686264 149.53151178359985 815.08658695220947 451.02369487285614 459.29465192556381 153.21428728103638 64.825265467166901 1860.7336754202843 158.98036116361618 136.14528459310532 110.2385493516922 574.68271505832672 53.800089120864868 76.19532173871994 60.339287221431732 573.28505212068558 72.195961534976959 551.58338975906372 106.30347770452499 77.692171335220337 75.553529977798462 784.54088097810745 51.879809200763702 368.26410341262817 119.76784414052963 505.22708570957184 153.09428215026855 206.88339138031006 61.356377065181732 81.242249310016632 540.21557277441025 1557.0871620774269 314.44516789913177 54.960196018218994 44.452934265136719 1769.5511049032211 196.4042381644249 136.76929372549057 60.695352554321289 72.443354249000549 283.28388088941574 195.66892850399017 232.7645537853241 45.317832946777344 27.77701598405838 20.912566006183624 196.25622141361237
leaf_count=237 222 39 252 589 332 76 327 210 41 739 126 565 34 61 313 497 158 738 460 482 143 51 1755 159 159 92 624 59 107 55 603 65 521 91 74 86 850 41 362 126 530 124 175 44 59 448 1594 349 59 52 1835 203 116 71 84 284 189 236 47 26 21 194
internal_value=-0.000390761 0.00385789 -0.00517719 -0.0107012 0.00238499 -0.00349387 0.00149542 -0.00423857 -0.0123141 0.00999567 -0.00587788 0.00882238 0.00484905 -0.000273375 0.00377197 0.00138927 0.00639098 -0.00866041 0.0118263 -0.000531169 -0.00655869 -0.00548296 -0.00511012 -0.00159431 -0.000773763 -0.00216865 0.00772912 0.00541474 0.00721522 -0.0106317 -0.0123648 -0.00923867 -0.00582981 -0.0070458 -0.0076718 0.00204979 0.00499633 0.00891787 -0.00126078 -0.00431675 -0.00271754 0.00823236 -0.0159463 -0.0140201 0.00313224 0.00464482 -0.00113516 -0.00234278 0.00220591 -2.96015e-05 0.000425783 0.00124854 0.00746934 -0.0103085 -0.00476047 0.00821771 0.0115223 0.00527515 0.00104361 0.0105936 -0.000444273 0.0069434
internal_weight=19275.5 10210.8 9064.62 2116.29 8235.51 6948.33 7061.18 6247.03 1881.38 1975.34 3855.06 1753.34 755.696 3972.56 3088.62 1618.35 1470.27 938.755 997.647 3922.29 3556.2 2814.35 2749.53 2391.97 2160.79 1871.55 1174.33 829.001 702.758 741.845 633.624 231.176 2596.31 2044.73 1938.43 123.668 823.621 626.563 3462.99 993.259 873.491 289.24 942.621 735.737 701.304 620.061 1761.31 794.731 298.863 2469.73 2364.58 2102.72 333.174 105.148 126.243 1151.51 541.457 610.056 326.772 94.0074 48.6896 345.788
internal_count=19261 10635 8626 1910 8615 6716 7368 6133 1673 2020 3730 1798 773 4165 3203 1735 1468 865 1025 4104 3419 2635 2584 2403 2179 1896 1247 915 772 784 658 224 2441 1920 1829 127 889 665 3622 1018 892 283 808 633 583 524 1804 846 311 2604 2481 2154 319 123 143 1155 541 614 330 94 47 352
cat_boundaries=0 1 2 3
cat_threshold=694 516 832
is_linear=0
shrinkage=0.05


Tree=18
num_leaves=63
num_cat=7
split_feature=38 37 11 32 11 6 60 52 60 20 45 14 60 60 49 53 45 51 60 10 53 49 52 15 9 22 17 22 60 44 49 48 47 52 28 49 46 49 50 13 28 22 43 10 41 62 37 60 44 40 32 20 32 50 31 32 36 50 20 43 45 44
split_gain=143.898 34.317 29.7146 22.8346 15.9803 15.2471 11.1975 14.0486 8.614 8.59379 8.0813 7.3631 7.11865 7.04101 7.72457 6.75004 6.47523 6.37115 6.1629 6.17046 6.23101 6.13504 6.99054 7.51996 7.78245 6.49966 5.49402 5.71574 5.42689 5.69244 5.36697 6.65348 6.57877 5.23877 6.54224 6.23207 6.0917 5.02746 6.37566 4.98208 4.89509 4.87469 4.85961 5.12227 4.82701 4.82641 5.74628 5.16744 4.66284 4.77077 4.61355 4.61193 4.54988 4.54463 5.27298 4.50517 5.71574 6.28561 4.5446 4.50357 4.75415 5.71149
threshold=0.26524735987186437 0.12884347885847094 -0.041630072519183152 1.0000000180025095e-35 0.045511705800890929 0.097393874078989043 0 0.091452784836292281 1 0.041599009186029441 0.45269507169723516 0.0023945372086018328 2 3 0.31867712736129766 0.14104097336530688 -0.14183542877435681 0.54173663258552562 4 -0.082692470401525484 0.16443999856710437 0.14749351888895038 0.14129805564880374 0.024969907477498058 -0.034145947545766824 6.5000000000000009 65.439998626708999 16.500000000000004 5 3.1649883985519414 0.13894564658403399 0.77271375060081493 1.1950085759162905 0.35591617226600653 0.21597764641046527 0.34154866635799414 -0.2235334366559982 0.12993165105581286 0.94079130887985241 0.0034703331766650085 0.12158153578639032 10.500000000000002 0.13279671967029574 -0.05093881115317344 0.45022915303707128 4.5000000000000009 0.30481094121932989 6 1.2192566990852358 1.0325249433517458 0.13336554169654849 0.0098687070421874541 0.28117755055427557 1.3650625944137575 0.29198598861694341 0.21787642687559131 0.20243969559669497 1.2904002666473391 0.067736458033323302 0.17708861082792285 -0.24775878340005872 0.74540060758590709
decision_type=2 2 2 2 2 2 1 2 1 2 2 2 1 1 2 2 2 2 1 2 2 2 2 2 2 2 2 2 1 2 2 2 2 2 2 2 2 2 2 2 2 2 2 2 2 2 2 1 2 2 2 2 2 2 2 2 2 2 2 2 2 2
left_child=1 3 10 -1 6 8 50 16 15 18 28 -5 -6 26 48 42 -8 -11 19 -9 41 30 25 24 -24 -23 27 -7 -2 52 31 37 -33 35 -35 36 -10 59 -39 -25 -32 -21 43 -4 -36 46 -28 -47 -15 -50 -3 -22 -30 54 -38 58 -57 -58 -19 60 -20 -62
right_child=2 4 5 11 12 13 7 9 33 17 -12 -13 -14 14 -16 -17 -18 55 21 20 51 22 23 39 -26 -27 45 -29 29 -31 40 32 -34 34 44 -37 53 38 -40 -41 -42 -43 -44 -45 -46 47 -48 -49 49 -51 -52 -53 -54 -55 -56 56 57 -59 -60 -61 61 -63
leaf_value=0.00062636388623320304 0.0048680061857506816 -0.0020417273624758004 0.0016631773780232074 -0.0028214741504677455 0.0016196139798803244 0.0043682220366286642 -0.00049651627157030619 0.0015882612377955243 0.0014390879694571369 -0.00089012232189988319 0.014925060210935785 0.00077186762637075634 -0.00011026548752587861 0.0023771778223487198 0.0077096826263568343 -0.00045955406311116721 0.0028900230879527929 0.0016039013819717396 -0.0032176403645413441 0.0018542479424129912 0.0014312362446168127 -0.002675026850881561 0.00086975498179918127 0.00068999125331249418 -0.0013957672261026705 0.0015759260306595177 0.00038736987527467174 0.00028451980726114596 -0.0013050729992498374 -0.0017902572841352979 -0.0026973498207988325 -0.0030288246507699031 0.0014010089199188256 -0.0029078416374228922 0.0095926578715283487 0.0065913474581360994 -0.00024065002299552274 -0.0011127167390822771 0.0018468103961410951 -0.0022916057230307949 -0.0031687777412727144 -0.00020441757891904305 0.0012953448674902378 -0.00084444168376537768 -0.00095664958567033553 -0.0013462618508867264 -0.0021949036454427446 0.0015921234623629363 -0.002026882098432044 0.0022028362296035498 -0.0013491340799491539 -0.0029616420920728598 0.0025092689376140509 0.0039523535829469247 -0.0014296503634984665 -0.0036446057292470824 -0.00025783236630962407 0.002875603819373092 -0.0023033136095310523 -0.0024479572007749567 -0.0020328794975156494 -0.0006537892249085911
leaf_weight=192.14086896181107 694.68567800521851 405.0626380443573 109.39710253477097 1082.9181281328201 331.90001106262207 393.29421836137772 30.550318002700806 61.943264365196228 152.17163926362991 341.99188011884689 293.68665605783463 37.362595319747925 591.53479194641113 946.86641192436218 301.7650391459465 723.28063291311264 243.363540828228 153.69561159610748 101.40433436632156 123.8555321097374 59.915731132030487 34.384958207607269 81.246714055538177 151.71460670232773 384.53106647729874 159.02896040678024 47.68291699886322 339.37342214584351 73.551501512527466 50.608296811580658 45.853634119033813 36.150971293449402 105.12994855642319 120.8146265745163 18.410126328468323 53.041470587253571 651.34599512815475 84.455203354358673 63.427850782871246 26.102642238140106 170.92782789468765 239.43388628959656 1852.5297296047211 442.83453595638275 103.41259199380875 106.14175409078598 112.73532557487488 368.422886967659 89.605877876281738 36.056309163570404 2359.3722925186157 145.71468222141266 837.66361218690872 34.42631983757019 362.41359716653824 56.912741541862488 261.25246179103851 127.5347660779953 34.044267892837524 135.88767790794373 535.59200972318649 962.90805345773697
leaf_count=190 712 468 94 923 285 383 33 79 189 359 292 32 538 1101 330 782 235 112 86 146 72 30 83 126 338 126 32 324 83 45 34 22 68 148 24 62 800 66 52 21 135 285 1776 462 127 127 71 381 100 41 2572 170 858 44 439 36 192 88 22 107 464 839
internal_value=-0.000445517 -0.00462405 0.00402089 -0.0121589 -0.0034797 0.00256692 -0.0042232 -0.00278073 0.000813897 -0.00343063 0.00950967 -0.014891 0.00273313 0.00552129 0.00804467 0.00230342 0.00821265 0.000741007 -0.00452889 8.41475e-06 -0.00161611 -0.00544257 -0.00179911 -0.0043087 -0.00765159 0.00652374 0.00290157 0.00587322 0.00814777 0.00550299 -0.00682486 -0.00601955 0.00442174 -0.00229718 -0.00903834 -0.00100592 -0.00175133 -0.00680552 0.00201638 0.00441902 -0.0143179 0.00230987 0.00358529 -0.000523258 -0.000816646 -0.000474053 -0.00797524 0.0020522 0.00610601 -0.00291333 -0.00677418 -0.00857424 0.00647041 -0.00311201 -0.00372318 0.00371444 0.000964584 0.00314236 0.0102121 -0.00756007 -0.00681163 -0.00609661
internal_weight=19275.5 9959.25 9316.22 1312.42 8646.82 7366.02 7723.39 4958.96 4624.08 4685.04 1950.2 1120.28 923.435 2741.94 1374.29 3128.04 273.914 975.432 3709.61 630.863 568.92 3078.75 837.009 643.595 465.778 193.414 1367.65 732.668 1656.51 961.823 2241.74 2024.96 141.281 1496.04 242.637 1253.4 1200.36 1883.68 147.883 177.817 216.781 363.289 2404.76 552.232 121.823 634.983 160.418 474.565 1072.53 125.662 2764.43 205.63 911.215 1048.19 1013.76 633.44 445.7 388.787 187.74 1735.79 1599.9 1498.5
internal_count=19261 9434 9827 1145 8289 7837 7466 4426 4947 4158 1990 955 823 2890 1572 3114 268 809 3349 752 673 2597 724 568 421 156 1318 707 1698 986 1873 1704 90 1833 299 1534 1472 1614 118 147 169 431 2332 556 151 611 103 508 1242 141 3040 242 941 1283 1239 450 316 280 134 1496 1389 1303
cat_boundaries=0 1 2 3 4 5 6 7
cat_threshold=3368 1210 683 2872 133 138 288
is_linear=0
shrinkage=0.05


Tree=19
num_leaves=63
num_cat=2
split_feature=35 36 37 32 8 32 8 23 10 39 60 36 14 54 60 36 14 52 49 52 20 31 32 10 52 52 52 53 29 30 14 32 29 10 61 23 50 20 44 52 15 52 47 14 8 30 46 40 29 39 53 52 62 29 36 52 38 10 49 31 49 51
split_gain=130.449 31.1822 31.0977 21.9954 14.0966 11.3821 11.1783 9.20511 9.11776 8.21349 7.68562 7.25406 7.13106 6.94117 6.8084 8.59424 7.67845 6.25125 8.60326 14.276 7.05809 6.49795 6.45004 6.10038 9.61745 11.8821 9.73591 9.02266 8.03131 6.23275 5.87104 12.8353 5.71873 5.42493 5.38066 5.39563 5.35924 7.28758 5.3131 5.30135 7.65923 6.40882 5.26609 5.20502 5.14765 5.12654 5.55304 6.21735 5.87788 5.48276 5.94784 8.65139 7.55402 6.41319 4.9819 4.96165 4.9285 6.05388 4.89705 4.97578 4.73647 5.44595
threshold=0.24284946918487552 0.49068126082420355 0.12884347885847094 1.0000000180025095e-35 0.050656696781516082 0.23524948209524157 -0.047376923263072961 2.5000000000000004 -0.069341607391834245 1.4735707044601443 0 0.22590815275907519 0.0023945372086018328 0.3328352570533753 1 0.11667134240269662 0.0039419590029865512 0.35616774857044226 0.11655874922871591 0.13326709717512134 0.049222346395254142 0.2990767508745194 0.36618499457836157 -0.26141797006130213 0.36091753840446478 0.23121363669633868 0.17764896154403689 -0.36270800232887263 0.31661708652973181 0.45866787433624273 -0.0051221023313701144 0.67987453937530529 0.25639788806438452 0.010434302967041733 2.5000000000000004 3.5000000000000004 0.61639657616615307 0.034032706171274192 3.4957171678543095 0.15983646363019946 -0.024157727137207981 0.12580803036689761 0.91457828879356395 -0.0010068574920296667 0.062128003686666496 0.25791908800601965 -0.12859804183244702 1.0134624838829043 0.13800338655710223 0.52213281393051159 0.11331807449460031 0.097742259502410903 2.5000000000000004 0.20123703032732013 0.32799448072910314 0.10447174683213235 0.44581356644630438 -0.38496848940849299 0.25674836337566381 0.32785873115062719 0.20455498248338702 0.4983572661876679
decision_type=2 2 2 2 2 2 2 2 2 2 1 2 2 2 1 2 2 2 2 2 2 2 2 2 2 2 2 2 2 2 2 2 2 2 2 2 2 2 2 2 2 2 2 2 2 2 2 2 2 2 2 2 2 2 2 2 2 2 2 2 2 2
left_child=2 6 3 -1 5 8 38 39 11 10 36 -4 -5 23 -10 -16 45 18 19 -7 21 -20 54 28 25 26 60 -27 -9 -26 -12 43 -6 44 -29 -36 37 -3 -2 41 56 -8 -42 -32 -28 46 47 -17 -48 -50 51 -51 53 -53 -23 -54 57 -41 59 -19 61 -25
right_child=1 9 4 12 32 17 7 13 14 -11 30 -13 -14 -15 15 16 -18 58 20 -21 -22 22 -24 24 29 27 33 34 -30 -31 31 -33 -34 -35 35 -37 -38 -39 -40 40 42 -43 -44 -45 -46 -47 48 -49 49 50 -52 52 55 -55 -56 -57 -58 -59 -60 -61 -62 -63
leaf_value=0.00059504569192154219 0.002453324390599951 0.0070158851840813885 -0.00043840344101076374 -0.0026804004429443586 0.00060845813951762942 -0.0001366438412943663 0.0011343065405682571 -0.0004983537124977858 -0.001831330225719452 0.014160248834868003 0.0029369316810204413 0.00331915589711286 0.0007332742450522179 0.0060299082960157211 0.0016935672997460698 -0.0031042263199111864 0.0026930484350342716 -0.003468493349350127 0.00020084862340770642 -0.0024317846030933927 0.0015290092548598325 -0.0022112555507536255 0.0061558733273545862 0.00056412550316065351 -0.0023701195810720182 -0.003729180362372578 -0.0024399537420815051 0.010063126459529179 0.0033804438093100633 0.006567567627853846 -0.00065239410982002595 -0.0022422565388104643 -0.00099727383128007116 0.00089815144907550023 0.012065193799363253 -0.001027799961143329 0.0053726756638287441 -0.0011463348012999087 -0.00092589666554003395 -0.0019800696704060567 0.0016943796513918825 -0.00025590806154265764 0.0036718515660786356 0.0047911855730422342 0.0022027536733402616 -0.0019707308999705993 0.00045750706192843467 -0.00099948800995353364 -0.0020949737061131814 -0.0028559340576771344 -0.0016268129974392643 0.0020411747182253587 0.0034948273041111515 -0.00044202654626668888 0.001448142693243798 -0.00083348781260435983 0.005040896940171769 -4.9464754971503811e-05 2.4749669169499278e-05 -0.00026057091447555247 -0.0026086338261722534 -0.00031586109661776719
leaf_weight=192.14086896181107 957.46428006887436 77.987444221973419 402.49964118003845 1082.9181281328201 623.97959649562836 723.91227108240128 822.80170053243637 141.27613830566406 1869.1465060114861 311.79672861099243 300.81514006853104 46.313541650772095 37.362595319747925 52.316958248615265 61.494167149066925 133.38132512569427 34.930826663970947 101.67912393808365 891.89825373888016 266.93541711568832 348.23898589611053 132.96171164512634 22.665989816188812 1260.5836932659149 269.52069562673569 32.830026924610138 265.9612951874733 103.26615566015244 209.09202879667282 30.866653859615326 152.40710341930389 114.16690182685852 79.946582913398743 69.27921724319458 89.262642443180084 64.632284164428711 920.82758623361588 129.21770930290222 57.120480179786682 44.455414235591888 634.46786260604858 821.01920980215073 434.57739531993866 190.30377328395844 23.541911780834198 122.00480979681015 183.12483215332031 507.01472860574722 129.15323036909103 97.198115468025208 234.8703972697258 118.46882355213165 50.96364814043045 99.167704463005066 26.823897004127502 399.53753685951233 26.388105273246765 221.2968425154686 76.32138067483902 48.926681339740753 30.502865016460419 1269.4371816515923
leaf_count=190 989 94 400 923 521 814 891 143 2082 324 285 55 32 64 42 91 26 96 856 268 303 129 28 1452 268 31 259 92 188 33 159 86 62 69 103 73 1029 151 57 36 694 882 370 169 25 95 154 453 104 88 215 61 52 51 25 369 32 216 75 43 28 1266
internal_value=-0.000410289 0.0034979 -0.00473928 -0.0118636 -0.0035449 -0.00421167 0.00203685 0.00131705 -0.0057442 0.00876898 0.00752033 0.00100692 -0.014545 -0.000280297 -0.00649536 -0.00451164 -0.00507141 -0.00160398 -0.000855506 -0.00443364 0.00163332 -0.000367533 -0.00896594 -0.000526956 -0.00115622 -0.000353714 -0.0013142 0.00929529 0.00576076 -0.00971051 0.00345387 -6.13721e-05 0.00320093 -0.00902714 0.0124577 0.00647958 0.0101264 0.00291714 0.00693886 0.00339831 0.00570736 0.001483 0.00766861 0.00476505 -0.0120379 -0.00546496 -0.00483947 -0.00866027 -0.00297088 -0.00432073 -0.00306167 -0.000918046 0.00110334 0.00875545 -0.0125249 -0.00258341 -0.00145262 -0.00351725 -0.00953835 -0.0147658 -0.000231196 3.33441e-06
internal_weight=19275.5 10129.5 9145.98 1312.42 7833.56 7129.63 7931.96 6917.38 4489.27 2197.52 1885.73 448.813 1120.28 3912.37 4040.46 2171.31 2109.82 2640.36 2413.44 990.848 1422.59 1074.35 182.452 3860.05 3509.68 3209.3 2919.31 289.991 350.368 300.387 757.693 456.878 703.926 358.782 257.161 153.895 1128.03 207.205 1014.58 3005.01 1361.19 1643.82 1069.05 342.711 289.503 2074.89 1952.88 640.396 1312.48 1129.36 1000.21 765.336 668.138 217.637 159.786 450.501 292.14 265.752 226.927 150.606 2560.52 2530.02
internal_count=19261 10558 8703 1145 7558 6975 8261 7215 4338 2297 1973 455 955 4094 3883 1801 1759 2637 2423 1082 1341 1038 182 4030 3699 3398 3099 299 331 301 699 414 583 353 268 176 1274 245 1046 3121 1348 1773 1064 328 284 1733 1638 544 1094 940 836 621 533 112 154 421 284 252 214 139 2746 2718
cat_boundaries=0 1 2
cat_threshold=207 3432
is_linear=0
shrinkage=0.05


Tree=20
num_leaves=63
num_cat=4
split_feature=38 35 43 17 60 42 37 28 8 3 5 1 60 60 60 10 51 50 14 30 47 32 31 43 52 32 29 46 49 38 43 31 10 47 40 10 10 40 14 51 5 34 49 17 38 9 50 37 22 17 46 43 31 11 52 22 52 36 52 10 13 14
split_gain=129.589 32.503 25.1108 14.4494 13.039 11.3606 11.2667 11.1171 8.85076 7.90018 6.98536 6.92333 7.32765 6.68315 5.45126 7.28196 5.82131 6.37079 5.43191 7.00419 7.10631 5.6535 5.439 5.41394 5.34842 5.65665 5.32632 5.75015 5.48639 5.09902 5.08465 5.15732 5.0776 4.98788 4.98226 4.82059 6.85325 5.45535 4.80806 6.61042 5.73287 5.67125 4.80758 4.7269 4.56874 6.23229 4.51488 4.43993 4.30953 4.1635 4.12226 4.09085 8.5689 5.88075 4.39871 5.85723 5.55132 5.97525 5.57296 4.94767 5.80784 4.57128
threshold=0.26524735987186437 0.14680074155330661 0.23093593120574954 1.0000000180025095e-35 0 0.036402031779289253 0.12324490398168565 1.0968316793441775 0.045163679867982871 -0.33606633543968195 -1.2907888293266294 2.7087274789810185 1 2 3 0.082550998777151122 0.60013854503631603 0.61639657616615307 0.0037444981280714278 0.2810294926166535 1.7008621096611025 0.31582015752792364 0.249434269964695 0.084398295730352416 0.35591617226600653 0.58204579353332531 0.20928341150283816 1.0395609736442568 0.25674836337566381 0.60490554571151745 0.079176705330610289 0.21569672226905826 0.24464473128318789 1.6778975725173952 1.1985794901847842 0.27141363918781286 0.19968303292989734 0.91554766893386852 0.002088500303216279 0.67738983035087597 0.55527046322822582 0.18129304796457293 0.25304661691188818 63.701078414916999 0.36169731616973883 0.071674410253763213 0.62116742134094249 0.48480388522148138 14.500000000000002 68.995018005371108 0.18318794667720797 0.15973784774541858 0.28112493455410009 -0.032201670110225671 0.12824487686157229 7.5000000000000009 0.1244647763669491 0.24580992013216021 0.096777565777301802 0.10837907716631891 -0.0020132942590862508 0.0023583659203723077
decision_type=2 2 2 2 1 2 2 2 2 2 2 2 1 1 1 2 2 2 2 2 2 2 2 2 2 2 2 2 2 2 2 2 2 2 2 2 2 2 2 2 2 2 2 2 2 2 2 2 2 2 2 2 2 2 2 2 2 2 2 2 2 2
left_child=1 3 9 -1 10 -6 23 11 14 24 -3 12 29 50 15 -7 17 -17 19 20 30 -20 -23 32 25 -2 49 28 42 34 31 -16 -5 46 -4 36 51 -38 39 -8 41 -40 47 -12 -26 -46 -14 -28 -9 -11 -10 53 -53 -32 55 59 57 58 -57 60 -55 -60
right_child=2 4 7 6 5 8 38 48 13 26 43 -13 33 -15 18 16 -18 -19 21 -21 -22 22 -24 -25 44 -27 27 -29 -30 -31 35 -33 -34 -35 -36 -37 37 -39 40 -41 -42 -43 -44 -45 45 -47 -48 -49 -50 -51 -52 52 -54 54 -56 56 -58 -59 61 -61 -62 -63
leaf_value=0.00093499365549121617 -4.9820762071660368e-05 0.0021497177026020913 0.0015238417416971657 -0.0022598154870697635 0.0022542387501780781 0.0010056510385276732 -0.0013811593197710832 0.0013401410711693512 0.0001050067808113737 -0.00076332245058731082 -0.0020543689945274959 0.011200145496498899 -0.00056354635036947318 0.0012455604901457564 -0.0017500035116337965 0.0014123580717303034 0.0011076593653805895 -0.0020913159269905085 0.0018526839139414823 -0.0018455652109947386 0.0041113345046545346 -0.0045563495048738445 0.0018254173939618937 -0.0033912007769531516 -0.002651595088468902 0.0052389127035063132 0.00071521323948894324 -0.0026984793154667787 0.0027095560941555715 0.0071850774394364774 0.00058636391905324552 0.0016759930474444492 0.0019028772894623819 -0.0013686294666022003 0.0078827647894989025 -0.0015436186115920997 -0.00070895559669575123 0.0010287959624352317 0.0032033390822121389 -0.0023167341271694464 -0.0020645008924932359 -0.0004729823248267859 -0.0028985910543859387 -0.00069992290063279204 0.0019924524201385394 -0.0015576784532309292 0.0021702611199093031 0.0055360238188342436 0.018894764119388292 0.0010540379148411773 -0.0013867273390312949 -0.002211615998788078 0.0016123541375349833 0.00060210464548351528 -0.0010657833070366774 -0.0018926861442833136 0.0030321845966603325 0.0050223338249350911 0.00016687894144591292 0.00080088305765074232 -0.0031298146926364034 -0.0021782125949718571
leaf_weight=205.56915593147278 1438.868914604187 57.879388511180878 880.57090258598328 718.10720938444138 218.9354395866394 452.4386773109436 786.02907252311707 56.690402865409851 619.17780756950378 452.00384730100632 907.62182074785233 90.389427304267883 247.54468929767609 248.30215501785278 529.85643392801285 34.952703535556793 63.574470818042755 251.42045760154724 129.40319508314133 322.42680168151855 66.071426093578339 34.161617994308472 26.853704929351807 220.34291529655457 153.35134798288345 47.157532334327698 2576.9426407814026 63.411920070648193 775.61844730377197 548.36601412296295 215.7997362613678 82.928234219551086 24.212039291858673 59.543209373950958 46.20518833398819 177.90760666131973 43.255393743515015 168.82556051015854 53.076613903045654 117.58002841472626 59.730556011199951 26.409631669521332 37.297144591808319 318.70684790611267 84.201598048210144 64.674120426177979 1030.9920626282692 121.06427305936813 204.57645905017853 156.39017510414124 186.2233852148056 290.30188071727753 49.755309820175171 43.074182569980621 1207.7386066317558 139.06213182210922 74.594880044460297 36.795894801616669 595.47055131196976 38.376528084278107 151.66927188634872 27.313768625259399
leaf_count=207 1610 71 920 626 210 550 773 60 547 502 1108 90 295 208 476 39 75 286 96 253 66 26 20 188 148 50 2739 71 770 609 205 82 16 54 58 128 37 147 43 77 58 23 38 388 99 71 939 155 214 160 168 257 37 36 1050 141 62 40 525 30 142 17
internal_value=-0.000657303 -0.00458377 0.00364944 -0.00993654 -0.00306779 -0.00214837 -0.0112311 0.00725043 -0.00254096 0.00173983 -0.00765973 0.00635833 0.00591768 0.00163797 -0.00338002 0.000425668 -0.00497738 -0.00802475 -0.00405894 -0.00443785 -0.00385575 0.00417903 -0.00831373 -0.015137 -0.00103958 0.000190469 0.00292931 0.0036658 0.00393649 0.00834607 -0.00413423 -0.00831824 -0.0130741 0.00315048 0.00612947 -0.00334598 -0.00288163 0.00578092 -0.00761947 -0.00895252 0.000997203 0.00982032 0.00288086 -0.00852276 -0.00710222 -0.000825493 0.00383597 0.00312907 0.0171394 -0.00138927 -0.000610785 -0.00352369 -0.00867906 -0.00282843 -0.00356589 -0.00128225 0.000592378 -0.000620679 -0.00157824 -0.00832303 -0.0115664 0.000435336
internal_weight=19157.8 10021.9 9135.86 2211.06 7810.88 6526.67 2005.49 3164.88 6307.73 5970.98 1284.21 2903.61 2813.22 1053.7 5254.03 802.386 349.948 286.373 4451.64 4261.22 3938.8 190.419 61.0153 962.662 1788.25 1486.03 4182.73 3574.33 3510.92 1475.14 3872.73 612.785 742.319 1338.08 926.776 3259.94 3082.03 212.081 1042.83 903.609 139.217 79.4862 2735.3 1226.33 302.227 148.876 1278.54 2698.01 261.267 608.394 805.401 2869.95 340.057 2529.9 2314.1 1106.36 873.237 798.642 761.846 233.12 194.743 622.784
internal_count=19186 9534 9652 2011 7523 5956 1804 3239 5746 6413 1567 2965 2875 923 4823 950 400 325 3873 3731 3478 142 46 830 1978 1660 4435 3773 3702 1587 3412 558 642 1288 978 2854 2726 184 974 850 124 66 2932 1496 318 170 1234 2894 274 662 715 2542 294 2248 2043 993 785 723 683 208 178 542
cat_boundaries=0 1 2 3 4
cat_threshold=3328 1227 92 133
is_linear=0
shrinkage=0.05


Tree=21
num_leaves=63
num_cat=3
split_feature=35 37 33 41 60 22 12 49 52 60 8 10 52 62 14 51 43 14 10 37 10 45 43 38 11 53 57 51 52 37 11 3 53 43 35 42 50 48 41 49 41 10 14 22 14 52 9 39 42 61 40 22 61 39 43 26 60 10 22 35 22 33
split_gain=114.34 29.5516 20.0243 18.9673 13.076 10.1868 8.95382 8.86226 11.0418 8.26942 8.10471 7.50823 9.38034 7.28267 7.22737 6.71979 6.47231 5.88083 5.87995 5.45338 5.34175 5.31456 5.61716 6.70899 5.57703 5.27014 5.78103 4.9013 4.87608 5.15244 4.84164 5.81526 5.42871 4.8176 4.76415 5.69056 4.72801 5.05901 7.4087 4.68608 8.12343 4.57305 5.53225 4.57146 4.96799 4.53562 7.69254 4.81195 4.52724 5.67489 4.52633 7.23121 4.67882 4.48804 4.48562 5.40547 4.41744 4.41436 4.40284 4.35829 4.23517 4.11808
threshold=0.25812464952468878 0.12884347885847094 0.45735538005828863 1.0000000180025095e-35 0 19.500000000000004 -0.31272475421428675 0.38383288681507116 0.36484922468662268 1 0.045163679867982871 -0.245441660284996 0.17764896154403689 27.500000000000004 0.0023945372086018328 0.46718813478946691 0.13655882328748706 0.0037444981280714278 0.27492211759090429 0.19781202822923663 -0.072819188237190233 -0.17405213415622708 0.15874377638101581 0.23568784445524218 -0.030661353841423985 0.034190179780125625 0.026815001852810386 0.87738579511642467 1.0234969258308413 0.82736578583717357 0.0073443474248051652 -0.069279942661523805 0.11048410087823869 0.06245172210037709 0.22205293178558352 0.18415360152721408 1.2144318819046023 0.57796293497085582 0.82046592235565197 0.23270576447248462 0.85198569297790538 -0.19768491387367246 0.0019918376347050075 16.500000000000004 -0.0027175714494660492 0.15617541223764422 0.01634901482611895 1.6134400367736819 0.18233465403318408 3.5000000000000004 1.1985794901847842 7.5000000000000009 1.5000000000000002 0.80490389466285717 0.065397448837757124 0.0026744591305032377 2 0.047275731340050704 7.5000000000000009 0.15570029616355899 25.500000000000004 0.20270880311727527
decision_type=2 2 2 2 1 2 2 2 2 1 2 2 2 2 2 2 2 2 2 2 2 2 2 2 2 2 2 2 2 2 2 2 2 2 2 2 2 2 2 2 2 2 2 2 2 2 2 2 2 2 2 2 2 2 2 2 1 2 2 2 2 2
left_child=1 3 5 -1 16 7 -4 27 -9 13 17 -7 15 28 25 -13 -3 18 19 21 -12 54 24 -24 -23 -5 -27 61 29 -8 31 32 -11 -21 35 -22 56 -38 -39 -14 -41 -32 -43 44 -33 46 -17 -48 49 -42 51 52 -26 -10 -6 -56 -35 -18 -36 -52 -45 -2
right_child=2 4 6 14 10 11 9 8 53 30 20 12 39 -15 -16 45 57 -19 -20 33 34 22 23 -25 50 26 -28 -29 -30 -31 41 43 -34 36 58 -37 37 38 -40 40 48 42 -44 60 -46 -47 47 -49 -50 -51 59 -53 -54 -55 55 -57 -58 -59 -60 -61 -62 -63
leaf_value=0.00052626978843721276 -0.00063975874130643153 -0.0017046499130692094 0.016945405228944964 -0.0026612130961662151 -0.0018713812972970202 0.0015778459750526608 0.0046593279688610439 0.014840986524425229 -0.0010559758069910428 0.0012508990704396079 0.0060001728099895214 0.00096914048489062934 -0.0022327107655746581 -0.0010234786014008902 0.0015241976229404084 -0.0021166447644765662 0.0012590350564640044 0.00080020190439284193 -0.0015614647586512636 0.0015921933950722264 6.0679957220468017e-05 0.0013219848224310716 -0.002517219405278505 0.00022712380765016181 -2.5291249020607566e-05 -0.0019597535280692076 0.00038336196444094196 -0.0034805757517572563 0.00093973453241210378 0.012483911822811354 0.0024192185782799889 0.0062303341342047382 -0.0023320652775041836 7.4795360735124827e-05 -0.0014871825994378974 0.0014564095869779776 -0.00068197146565950615 -0.0010796964146204181 0.0027313731052121593 0.0026315418815270443 0.0028380746390188633 -0.0020007969133828017 0.0014216057295943858 0.024890003137616763 -0.0028053645512139303 0.0010921912022397342 0.00013558906080778787 -0.0026134241582505811 -0.0032852399638788362 -0.0021814114379102786 -0.00062146974337642382 -4.3222727464878322e-05 -0.0022787943266447258 0.0032221322922937946 -0.00053748955288366446 -0.0032973772688667442 -0.00075648827238424259 -0.0028179130486363172 4.2257808775683746e-05 -0.0023534598436784574 0.0027919884408249065 0.00099164917705671092
leaf_weight=204.98678505420685 173.38741624355316 1443.9702486395836 160.26874589920044 666.72932678461075 97.448559403419495 298.7340224981308 883.76424890756607 122.66440373659134 102.99724268913269 372.74330717325211 34.136181890964508 743.47978246212006 303.23381394147873 105.39165997505188 35.615482687950134 230.62427371740341 187.83459156751633 284.98574733734131 317.29207676649094 110.72235327959061 380.36696928739548 77.146715104579926 129.23648971319199 54.718357264995575 68.954970121383667 413.52221864461899 25.080397307872772 28.796278893947601 148.59908473491669 154.40918660163879 66.369940936565399 32.457454204559326 35.741251587867737 742.5552322268486 110.08315593004227 110.91998106241226 206.18173795938492 109.91293025016785 205.40186709165573 133.77286666631699 46.591281712055206 140.08207762241364 79.149615705013275 106.75235390663147 41.373706161975861 145.33627116680145 384.74983268976212 27.183324158191681 147.11008900403976 82.462107539176941 124.5871125459671 1107.2019981741905 304.84760856628418 54.193351864814758 238.19515043497086 36.54755038022995 1797.4953306913376 54.764630675315857 337.80880880355835 172.2104976773262 80.952118337154388 3532.9612367749214
leaf_count=207 194 1752 157 604 88 290 935 122 112 356 27 866 320 148 32 260 228 258 264 98 307 69 106 56 45 322 20 23 152 177 69 35 30 889 95 85 223 109 198 142 40 129 86 96 38 123 412 23 142 98 121 938 268 60 224 29 1579 65 311 166 77 3691
internal_value=-0.000637958 -0.00426131 0.00347992 -0.0111648 -0.00321019 0.00204701 0.00738007 0.00361548 0.0122017 0.00656193 -0.00226479 -0.000427158 -0.00142021 0.0091589 -0.0136813 0.000782781 -0.00716388 -0.00293561 -0.00327491 -0.00289726 0.00196993 -0.00469062 -0.00368348 -0.0120235 -0.00285311 -0.0143974 -0.0101089 0.00297051 0.0103494 0.0115627 0.00291818 0.00527446 0.00153216 -0.00153253 0.00125695 0.00466026 -0.00190453 0.00242645 0.00641367 -0.00615708 -0.002654 -0.00248993 -0.00598463 0.0110975 0.000485722 -0.00243049 -0.00423909 -0.000132763 -0.00756088 -0.00068336 -0.00342652 -0.00229224 -0.00830465 0.00338674 -0.010192 -0.00689021 -0.00279575 0.000330434 -0.00246514 -0.00906697 0.0152424 0.0031315
internal_weight=19157.8 10191.5 8966.33 1345.93 8845.53 6558.28 2408.05 4015 279.855 2247.79 7158.96 2543.28 2244.54 1292.16 1140.95 1531.37 1686.57 6185.64 5900.66 5583.36 973.315 2411.1 2038.9 183.955 1854.95 1105.33 438.603 3735.14 1186.77 1038.17 955.622 670.02 408.485 3172.27 939.179 491.287 3061.55 521.497 315.315 713.17 409.936 285.602 219.232 261.536 73.8312 787.894 642.557 411.933 276.163 129.053 1777.8 1481 373.803 157.191 372.191 274.743 2540.05 242.599 447.892 296.798 187.704 3706.35
internal_count=19186 9783 9403 1185 8598 6918 2485 4202 294 2328 6553 2716 2426 1412 978 1684 2045 5728 5470 5206 825 2110 1769 162 1607 946 342 3908 1264 1112 916 632 386 3096 798 392 2998 530 307 742 422 284 215 246 73 818 695 435 280 138 1538 1251 313 172 341 253 2468 293 406 287 173 3885
cat_boundaries=0 1 2 3
cat_threshold=3328 1230 229
is_linear=0
shrinkage=0.05


Tree=22
num_leaves=63
num_cat=2
split_feature=38 37 15 41 60 52 34 52 12 49 49 14 22 49 52 41 49 52 31 52 13 52 17 40 5 44 11 42 47 11 14 29 12 44 48 43 46 18 62 53 57 40 29 10 47 8 13 31 17 48 43 42 49 40 48 52 14 47 47 48 44 52
split_gain=105.853 28.2354 21.5847 18.3619 12.6132 12.6847 9.27288 10.1494 8.93642 8.38754 7.60349 7.05476 6.8488 7.50831 14.6852 6.57232 7.03943 11.0926 6.00057 5.90373 5.86555 6.81452 6.60719 5.81908 5.7912 5.37764 6.91715 5.11169 9.16124 5.98809 6.95134 5.69078 5.78823 6.49216 5.31185 5.30728 5.24835 4.95118 7.00237 4.75423 4.59435 4.54482 4.8377 4.57026 4.48159 5.61959 4.45185 4.44331 4.42453 4.38793 4.30728 5.52036 4.29438 6.33727 4.2833 5.14449 6.41581 5.57747 5.57737 4.44794 4.20036 5.01308
threshold=0.26524735987186437 0.12884347885847094 -0.086932834237813936 1.0000000180025095e-35 0 0.091452784836292281 0.27232901751995092 0.35616774857044226 0.092257563024759306 0.45431487262248998 1.4074195623397829 0.0023945372086018328 16.500000000000004 0.38383288681507116 0.36484922468662268 1.3548339009284975 0.17677643150091174 0.27747285366058355 0.18422927707433703 1.020296633243561 -0.001959256711415946 0.14486308395862582 44.915250778198249 0.8669290840625764 -1.2907888293266294 0.54907202720642101 -0.0057386909611523143 0.11499698460102083 0.83886989951133739 0.0017460735398344698 0.0017046240391209724 0.15816978365182879 0.02899670880287886 0.72476559877395641 0.79947480559349071 0.1341705918312073 0.093698132783174529 1 24.000000000000004 0.034190179780125625 0.026815001852810386 1.3286499977111819 0.11804240569472314 -0.074859317392110811 0.63718950748443615 -0.047376923263072961 -0.00025151004956569517 0.30993942916393286 47.160371780395515 0.83913114666938793 0.15200436860322955 0.13787237554788592 0.11336134374141695 0.90633586049079906 0.55251711606979381 0.14486308395862582 0.002888383343815804 1.3827769160270693 1.3018427491188052 0.75393936038017284 1.6674087643623354 0.11016112565994264
decision_type=2 2 2 2 1 2 2 2 2 2 2 2 2 2 2 2 2 2 2 2 2 2 2 2 2 2 2 2 2 2 2 2 2 2 2 2 2 1 2 2 2 2 2 2 2 2 2 2 2 2 2 2 2 2 2 2 2 2 2 2 2 2
left_child=1 3 9 -1 24 -6 7 -4 15 -2 -11 39 13 19 -15 16 20 18 -18 -8 21 22 50 -10 -3 49 46 28 31 30 -30 32 33 -22 -31 -32 54 38 41 -5 -41 43 -43 -26 -16 -46 -27 -20 -35 -14 51 -7 -33 -54 -29 58 -57 -58 -56 -60 -52 -62
right_child=2 4 6 11 5 8 12 -9 23 10 -12 -13 25 14 44 -17 17 -19 47 -21 27 -23 -24 -25 37 26 -28 36 29 34 35 52 -34 48 -36 -37 -38 -39 -40 40 -42 42 -44 -45 45 -47 -48 -49 -50 -51 60 -53 53 -55 55 56 57 -59 59 -61 61 -63
leaf_value=0.00049995629901535281 0.0029945071128515636 0.0017481920535613337 8.2778395047722331e-06 -0.0025281524413579047 0.0011582226050953809 0.001353791246022272 0.0013256815346165364 -0.0022527747779202802 0.0021616175047804347 0.013899318183599244 0.00064836694214435607 0.0014479877417933884 0.0017051911711004825 0.016416923325857008 -0.0010684952376815626 -0.0023282114643232649 -0.0011619034821773149 -0.002957847526650256 0.0024480111614855514 -0.0014382991447072495 -0.0028832807932268017 -0.0011568014472651197 -0.0018577486823591176 0.00011178640611481614 0.0011553439809304637 0.00033263707581907557 -0.00042370421674713945 -0.00073671282161328624 -0.0012611813552985158 -0.0022453458618727292 0.001595619015212363 -0.0023457499000427554 0.0012609552182986123 -0.00081738539461874275 0.00034511058254985908 -0.0007596985088375519 -0.0010904841432380797 -0.0018895745086022439 0.0012596676851675372 -0.0018617658516657473 0.00036419386621889486 0.00362973641547297 -0.0013841146351893305 -0.0018971563566671165 0.00039780646787062891 0.0045562821782670071 0.0026306794778472951 -0.0013318841006293117 0.0005206395201992354 -0.002737343338951469 0.0015556480986008204 -0.0023241912513090532 0.00087264932711746406 -0.0010107854415113693 0.0013684791129447704 -0.0013100883092579006 0.0020931342303316921 -0.0016770606125197443 -0.00076395554684238894 0.0018979573432924544 -0.0029024458012126553 0.00024466814295669349
leaf_weight=204.98678505420685 790.1508584022522 70.618381559848785 1657.1282107234001 666.72932678461075 449.5872710943222 401.94754827022552 2621.8192353248596 101.77151644229889 77.995786666870117 332.49368417263031 91.906213104724884 35.615482687950134 553.00685667991638 155.58025830984116 82.225322365760803 130.28602939844131 48.237053036689758 85.926707565784454 225.0779310464859 87.872872471809387 71.4128178358078 311.70208132266998 114.91951930522919 505.42899739742279 38.065724909305573 659.74840611219406 1369.6430729031563 859.0825611948967 348.95694810152054 411.26544505357742 44.199873566627502 114.45165091753006 134.50308901071548 184.39359474182129 26.976911902427673 25.826999306678772 883.3436461687088 892.03702062368393 123.45819282531738 413.52221864461899 25.080397307872772 24.516390323638916 27.042754292488098 443.76902002096176 154.07974642515182 205.78243923187256 244.5066602230072 27.06285560131073 135.58666634559631 28.144964277744293 70.103502333164215 21.086925208568573 25.533987820148468 280.92499428987503 306.45210939645767 239.16727024316788 76.589902818202972 42.670567154884338 188.38669741153717 44.603794276714325 73.12655645608902 69.673106372356415
leaf_count=207 827 86 1833 604 440 390 2750 108 57 334 90 32 600 151 90 98 49 68 199 83 69 299 105 431 45 694 1470 911 308 299 34 109 120 177 17 22 775 1082 168 322 20 30 32 520 148 205 251 24 134 18 67 18 16 274 257 188 53 27 181 35 60 75
internal_value=-0.00065151 -0.00420024 0.00324086 -0.0109396 -0.00315405 -0.0022284 0.00228831 -0.000911527 -0.00278509 0.00944859 0.0151264 -0.0134156 0.00320243 0.00475174 0.00982892 -0.00335779 -0.00311099 0.0034063 0.00794797 0.00362972 -0.00356913 -0.000226817 0.00234822 0.00311866 -0.00712602 0.00140582 0.000306374 -0.00436707 -0.00642085 -0.0101677 -0.00587134 -0.00302251 0.000436598 -0.00262873 -0.0142616 0.00846032 -0.0029617 -0.00781001 -0.00450101 -0.0141232 -0.0100476 -0.00698895 0.00705689 -0.00850347 0.00516242 0.00757427 0.003702 0.011047 0.000399818 0.00569826 0.00434746 0.0072681 -0.00735536 -0.00424392 -0.00137721 0.0010332 -0.00360184 0.00584354 0.00412228 -0.00169031 -0.001433 -0.00637265
internal_weight=19157.8 10021.9 9135.86 1345.93 8676 7056.49 7921.31 1758.9 6606.9 1214.55 424.4 1140.95 6162.41 3307.36 597.668 6023.48 5893.19 386.305 300.378 2709.69 5506.89 1062.56 750.857 583.425 1619.51 2855.05 2273.9 4444.33 1804.03 857.226 418.984 946.807 525.896 391.393 438.242 70.0269 2640.3 1548.89 656.852 1105.33 438.603 533.394 51.5591 481.835 442.088 359.862 904.255 252.141 319.98 581.152 635.938 423.034 420.911 306.459 1756.95 897.87 358.428 119.26 539.443 232.99 212.903 142.8
internal_count=19186 9534 9652 1185 8349 6386 8401 1941 5946 1251 424 978 6460 3427 594 5458 5360 340 272 2833 5020 1014 715 488 1963 3033 2415 4006 1579 680 364 899 500 380 316 56 2427 1877 795 946 342 627 62 565 443 353 945 223 311 618 610 408 399 290 1652 741 268 80 473 216 202 135
cat_boundaries=0 1 2
cat_threshold=3328 4
is_linear=0
shrinkage=0.05


Tree=23
num_leaves=63
num_cat=3
split_feature=35 37 35 41 6 36 2 60 51 22 1 14 52 52 51 52 40 50 51 22 10 52 40 44 33 20 49 50 22 17 53 6 16 49 5 47 49 0 51 29 58 49 44 60 2 49 50 49 10 60 51 41 14 38 40 6 43 14 11 49 22 20
split_gain=98.9575 26.664 19.1098 17.3492 11.5776 8.29591 8.03953 7.62034 7.02088 6.5263 6.34959 6.01642 5.87059 8.45673 7.55577 7.54231 5.77269 5.58904 5.53933 5.88505 6.55545 8.95048 6.42634 7.34805 7.03822 6.37295 6.15774 5.21712 4.96762 4.94735 4.9338 4.89354 4.87381 6.53622 4.86208 4.83795 4.78275 4.69241 4.63643 4.59809 4.57072 4.52097 4.51893 4.4036 4.51537 5.63091 4.38344 4.34417 4.33156 4.64293 4.2479 4.08836 4.04537 4.47081 4.38145 4.03354 4.28065 4.37426 4.03233 4.39806 5.40376 4.44809
threshold=0.25812464952468878 0.12884347885847094 0.7851042151451112 1.0000000180025095e-35 0.061370611190795905 0.37734122574329382 -0.65560734272003163 0 0.64262601733207714 12.500000000000002 2.7087274789810185 0.0023945372086018328 0.22923538088798526 0.17764896154403689 0.76936057209968578 0.27488447725772863 0.92164599895477306 0.9224609136581422 0.9159512221813203 22.500000000000004 -0.237884946167469 0.32446259260177618 0.98494148254394542 1.1089587211608889 0.53661286830902111 0.015366413630545141 0.3249634206295014 0.44147922098636633 15.500000000000002 68.492160797119155 0.034190179780125625 0.052342090755701072 -0.037776712328195565 0.05522150173783303 -1.0000000180025095e-35 1.1131742596626284 0.37272419035434728 0.023531790822744373 0.59035375714302074 0.29509019851684576 0.21811900287866595 0.24413558095693591 1.7606845498085024 1 0.13653455674648288 0.34896737337112432 1.269010663032532 0.15341996401548388 0.043113501742482192 2 0.76689025759696972 1.3250247836112978 0.0033493817318230872 0.28738234937191015 0.88453224301338207 0.084861610084772124 0.12226069346070291 -0.0004594172205543145 0.06719240173697473 0.25674836337566381 26.500000000000004 0.06208330765366555
decision_type=2 2 2 2 2 2 2 1 2 2 2 2 2 2 2 2 2 2 2 2 2 2 2 2 2 2 2 2 2 2 2 2 2 2 2 2 2 2 2 2 2 2 2 1 2 2 2 2 2 1 2 2 2 2 2 2 2 2 2 2 2 2
left_child=1 3 5 -1 7 6 29 39 16 17 18 30 13 31 -15 28 52 -4 19 22 -21 47 23 25 41 -7 -26 -18 -14 50 -5 -8 48 -34 42 -23 -19 51 46 -3 -32 -25 -33 -24 -45 -46 -36 -22 49 -9 -2 -35 53 -6 -54 -29 -57 -58 59 60 -17 -61
right_child=2 4 9 11 8 10 12 32 -10 -11 -12 -13 15 14 -16 58 27 36 -20 20 21 35 43 24 26 -27 -28 55 -30 -31 40 34 33 37 38 -37 -38 -39 -40 -41 -42 -43 -44 44 45 -47 -48 -49 -50 -51 -52 -53 54 -55 -56 56 57 -59 -60 61 -62 -63
leaf_value=0.00047495848406458457 -0.00084422030330295612 -0.0012923021855237027 -0.0006650350674302669 -0.0024017448192900099 -0.0018005685900770421 -0.0016542900036367618 0.0014073432501109069 0.001231931054280254 0.00059136167008641278 0.012379999792861411 0.010111699504191246 0.0013755883547037192 0.011658170468716852 -0.0017859833765878107 0.0035290162600230819 -0.001700186464248238 0.0020757733079546205 -0.001619451063188268 -0.0027355790547977129 0.001626897644516523 -0.0011652312637077944 -0.0029397436008119925 0.0047249505409256267 0.00060675759582652644 -0.0042941720754899161 0.003218810214076967 0.0030753546045384078 -0.00075183560374289808 0.0022443288823658816 0.0011341023364835889 -0.0018508200607827555 0.0013730966145643982 0.0011219102322552938 -0.00073564985476951266 -1.1528728432314007e-05 0.0020246239493339007 0.0078449172686529713 0.00047450422495301785 -0.00091632768617740806 0.0055308527848927707 0.00018336695608650667 -0.002671793534231655 -0.00073899762609276197 0.0010124981128003198 0.0020140581415318908 0.013509104648272124 0.0029723777756409417 0.0015476979363636539 0.0017281077317240644 -0.00082562873990438149 -0.0032148194606505505 -0.002986083166053961 0.0015158380644517454 0.0032863437893258709 -0.0015856806009099424 -4.9953431491568673e-05 -0.00047604372900616202 0.0043368144055724702 0.0023990371116319577 0.00049168690990776477 0.0069813401211772418 0.0048059815729460205
leaf_weight=204.98678505420685 602.01901489496231 1635.5330096483231 119.90966308116913 666.72932678461075 360.59734511375427 54.919792771339417 701.15186440944672 105.12495452165604 695.40988582372665 391.17620408535004 99.619598627090454 35.615482687950134 88.75691831111908 298.75652956962585 20.940904676914215 167.44717711210251 178.95814138650894 22.009164333343506 27.071927309036255 315.81373631954193 134.13045161962509 182.80108386278152 555.81583917140961 53.037001609802246 51.253366231918335 432.95523941516876 134.88093465566635 747.21332782506943 93.942787230014801 94.885246515274048 400.12939542531967 775.5751376748085 110.30306965112686 3582.1768724322319 1014.9394186139107 47.08121520280838 96.911541819572449 210.7532194852829 442.76283848285675 34.019582152366638 38.473220527172089 119.06042236089706 117.89650350809097 575.56124186515808 166.0267995595932 107.60120177268982 128.74597692489624 186.80887347459793 186.11931598186493 471.66920512914658 66.240539073944092 80.452072381973267 55.29933762550354 40.196000277996063 25.433100998401642 211.96826910972595 52.113406717777252 62.186736583709717 63.793595731258392 311.58123028278351 22.905188858509064 79.546176493167877
leaf_count=207 642 1981 133 604 327 58 748 113 560 409 107 32 83 304 12 162 170 22 24 310 170 186 559 59 58 448 136 793 95 98 310 826 100 3201 1110 53 99 194 397 42 32 104 122 671 195 112 158 206 172 440 66 58 51 39 26 215 54 62 52 304 20 85
internal_value=-0.000625967 -0.0039968 0.00320488 -0.0105544 -0.00299832 0.00256947 0.00130899 -0.00411139 -5.64937e-05 0.0116031 0.00454604 -0.0129612 0.0021439 0.00124653 -0.00650038 0.00593146 -0.00176076 0.00505626 0.00414991 0.00434698 0.000838979 -0.00244714 0.00569518 0.00224395 -0.00318402 0.00623962 0.00353424 2.4234e-05 0.0149052 -0.00341995 -0.0136146 0.00202684 -0.0030653 -0.00377306 0.000981553 -0.0099808 0.0127391 -0.00411575 -0.000677238 -0.0070217 -0.00946498 -0.0104771 0.00393224 0.00776967 0.00527427 0.0106297 0.001001 0.00293493 0.000583658 -0.00154953 -0.00494149 -0.00453378 -0.00641291 -0.00847328 0.00375171 -0.00128957 0.00334034 0.0111381 0.003381 0.00206058 -0.00415676 0.00509949
internal_weight=19157.8 10191.5 8966.33 1345.93 8845.53 8336.33 5091.89 6416.15 2429.38 630.007 3244.44 1140.95 4328.74 3500.77 319.697 827.973 1733.97 238.83 3144.82 3117.75 866.635 550.822 2251.11 846.107 358.232 487.875 186.134 1252.44 182.7 763.145 1105.33 3181.07 4746.6 3983.69 2479.92 229.882 118.921 3873.38 1586.45 1669.55 438.603 172.097 893.472 1405.01 849.189 273.628 1143.69 320.939 762.913 576.794 668.26 3662.63 481.526 400.793 80.7324 1073.48 326.268 114.3 645.273 581.48 190.352 391.127
internal_count=19186 9783 9403 1185 8598 8740 5284 6301 2297 663 3456 978 4478 3677 316 801 1737 254 3349 3325 925 615 2400 863 357 506 194 1294 178 806 946 3361 4278 3553 2613 239 121 3453 1665 2023 342 163 948 1537 978 307 1268 376 725 553 708 3259 443 366 77 1124 331 116 623 571 182 389
cat_boundaries=0 1 2 3
cat_threshold=3392 209 134
is_linear=0
shrinkage=0.05


Tree=24
num_leaves=63
num_cat=4
split_feature=38 37 15 32 60 52 33 49 49 60 11 11 61 44 37 5 50 41 18 62 47 29 51 64 9 31 51 20 40 40 60 12 32 38 29 50 10 32 42 20 49 50 48 45 49 45 62 37 49 22 36 5 10 51 9 42 62 31 41 44 10 37
split_gain=88.2411 24.3562 19.7357 16.2234 10.6601 11.0837 9.93781 8.66638 7.54147 6.42191 5.65481 5.56404 8.25425 5.57588 5.69337 5.30702 5.30615 5.28909 5.2867 5.72161 5.11323 4.97343 4.98088 4.91932 7.10162 4.86155 5.46484 4.83501 4.54611 4.4396 4.39394 6.91848 4.37575 4.35444 4.27235 4.15044 7.51802 5.05682 4.29976 4.13321 4.11314 4.10802 6.84517 5.72444 5.67533 5.40834 6.72757 4.47257 6.60735 4.49796 4.28292 4.13551 4.12613 4.12416 4.10154 6.22128 4.09757 4.45648 4.09045 4.67867 4.05073 4.03933
threshold=0.26524735987186437 0.12884347885847094 -0.086932834237813936 1.0000000180025095e-35 0 0.091452784836292281 0.20270880311727527 0.45431487262248998 1.4074195623397829 1 0.036114899441599853 -0.030661353841423985 3.5000000000000004 1.7197796106338503 0.22883720695972445 -1.2907888293266294 1.6215444803237917 1.395974934101105 2 24.000000000000004 1.1397531628608706 0.69374299049377453 0.9159512221813203 1.5455212593078616 -0.042058497667312615 0.19188591092824939 0.71661964058876049 0.034377470612525947 1.3286499977111819 1.1734409928321841 3 0.15994831919670108 0.15494560450315478 0.16675553470849994 0.11804240569472314 1.058737635612488 -0.012911307625472544 0.22512815147638324 0.25571718811988836 0.11289507523179056 0.077970359474420561 1.269010663032532 0.82499444484710704 -0.054402614012360566 0.15493785589933398 -0.051933893933892243 14.500000000000002 0.5842730998992921 0.29518809914588934 3.5000000000000004 0.26287350058555609 1.4889815449714663 0.017966428771615032 0.76430568099021923 0.22254850715398791 0.32748833298683172 5.5000000000000009 0.6045377552509309 0.46051372587680822 1.1414403319358828 -0.074859317392110811 0.42132797837257391
decision_type=2 2 2 2 1 2 2 2 2 1 2 2 2 2 2 2 2 2 1 2 2 2 2 2 2 2 2 2 2 2 1 2 2 2 2 2 2 2 2 2 2 2 2 2 2 2 2 2 2 2 2 2 2 2 2 2 2 2 2 2 2 2
left_child=1 3 7 -1 15 -6 20 23 -9 35 11 12 13 -7 -15 -3 21 39 19 28 58 22 41 -2 -25 26 27 -5 60 -23 40 33 -29 -32 -30 36 38 -38 -8 -13 -12 42 45 -44 52 56 47 48 50 -50 -47 -52 -43 -51 55 -18 57 -11 -4 -60 -17 -46
right_child=2 4 6 25 5 10 9 8 -10 16 30 17 -14 14 -16 18 54 -19 -20 -21 -22 29 -24 24 -26 -27 -28 32 34 -31 31 -33 -34 -35 -36 -37 37 -39 -40 -41 -42 44 43 -45 61 46 -48 -49 49 53 51 -53 -54 -55 -56 -57 -58 -59 59 -61 -62 -63
leaf_value=0.0004512105598613564 0.0050285420936205232 0.0017683870225701755 -0.0019882249426404308 -0.002002234408819796 0.0010899201409383357 0.00034814950840723479 0.0012738180679074578 0.012814854576034318 0.00054114208949761341 0.0029075127697473844 -0.0032945192751332609 -0.00064321269717719509 0.0019341056144590253 -6.5761972663296256e-05 -0.0028734804189331806 0.0011621918911601263 -0.001592663342231833 -0.0025752031443248883 -0.001717850915438128 0.001261299410185346 0.00092131360107686059 0.0052794417136746074 -0.0025162202729410131 -0.00037861812107070625 0.0050588834768823922 -0.0029480186361604196 0.00071772565857227799 0.0013587147393298805 0.003512864703975506 -0.0016765642195289395 -0.0029368052999613108 -0.0022417763416736412 -0.0010391561602653878 0.0020767115390426072 -0.0012502937941536786 0.0012404285696447749 0.00021179990100502757 -0.0024399607725183376 -0.00096868435749774835 0.0061161335541153918 -6.3378698732367148e-05 -0.0019481937254317572 -0.0021511138434999648 0.00035912000646878427 0.0051447794930474001 0.0020996721149517165 0.0016055456123463291 -0.0008737843941289819 -0.0019298627161086429 0.004367513989755073 -0.00034557596250928574 0.001627995627946824 0.0011966296661492265 -0.00012889607168355894 -0.0055023838356324881 0.0028037407044623486 0.001351802481632794 -0.0010279813314401807 -0.001266158300744269 0.0014234268682746633 -0.0017376834295575753 0.0012942922944481684
leaf_weight=204.98678505420685 439.44566941261292 70.618381559848785 96.962883472442627 840.8188670873642 449.5872710943222 225.3567036986351 292.88424789905548 332.49368417263031 91.906213104724884 321.58019953966141 30.839943706989288 4799.5721150040627 159.62278401851654 81.418179154396057 84.428382039070129 38.065724909305573 168.74087768793106 72.93922370672226 892.03702062368393 123.45819282531738 116.15981906652451 292.79594767093658 37.17606395483017 289.70764124393463 60.997547745704651 157.9860720038414 54.498688340187073 32.268591284751892 24.516390323638916 34.943684160709381 28.659940719604492 29.148310899734497 55.375206708908081 223.90294790267944 27.042754292488098 286.319291472435 90.237369537353516 206.23674738407135 129.84858739376068 27.86735063791275 843.14824604988098 86.75536972284317 156.84397083520889 145.95679926872253 277.98091560602188 68.094303250312805 1069.7641769647598 74.184648036956787 58.005184769630432 197.61324542760849 1383.596494436264 88.784357488155365 337.62426447868347 91.299594759941101 26.78013277053833 90.201592266559601 1042.1166065335274 34.579047083854675 349.84317851066589 126.79803031682968 443.76902002096176 140.60192972421646
leaf_count=207 456 86 105 751 440 193 374 334 90 219 34 4326 194 73 75 45 199 52 1082 168 126 306 34 303 68 111 36 29 30 35 13 17 51 211 32 386 121 271 160 19 739 89 118 116 234 62 1355 63 50 182 1226 85 384 67 18 102 1201 25 398 146 520 144
internal_value=-0.000613216 -0.00385331 0.00294059 -0.0101127 -0.00288159 -0.00203061 0.00202973 0.00887645 0.0146466 0.0025771 -0.00255096 -0.00322462 0.0015333 -0.00236622 -0.00932865 -0.00653312 0.00317312 -0.00376048 -0.00718625 -0.00376879 -0.00370124 0.00349877 0.00314772 0.00576941 0.00133591 -0.0124402 -0.0111185 -0.0120231 -0.00601841 0.00949263 0.000622276 0.00593622 -0.000785526 0.00882298 0.00803451 -0.00112865 -0.00317048 -0.00927512 0.00110023 -0.00355704 -0.00114019 0.00327019 0.00269547 -0.00456988 0.00649008 0.00319333 0.00200411 0.000261863 0.000737964 0.00697216 -0.000663104 -0.00123346 0.00239945 0.00952922 -0.00346768 -0.00151654 0.00576756 0.0104065 -0.0056429 -0.00372282 -0.00753388 0.0106239
internal_weight=19157.8 10021.9 9135.86 1345.93 8676 7056.49 7921.31 1214.55 424.4 7231.55 6606.9 5451.2 550.826 391.203 165.847 1619.51 6226.02 4900.38 1548.89 656.852 689.764 5940.3 5612.56 790.151 350.705 1140.95 982.961 928.463 533.394 327.74 1155.7 281.711 87.6438 252.563 51.5591 1005.53 719.207 296.474 422.733 4827.44 873.988 5575.38 4732.42 302.801 842.962 4429.62 3031.34 1961.58 1887.39 346.918 1540.48 1472.38 424.38 288.913 285.723 258.942 1398.28 356.159 573.604 476.641 481.835 418.583
internal_count=19186 9534 9652 1185 8349 6386 8401 1251 424 7626 5946 4932 535 341 148 1963 6314 4397 1877 795 775 5995 5654 827 371 978 867 831 627 341 1014 241 80 224 62 1312 926 392 534 4345 773 5620 4769 234 851 4535 3090 1735 1672 299 1373 1311 473 249 319 301 1445 244 649 544 565 378
cat_boundaries=0 1 2 3 4
cat_threshold=3328 2817 4 92
is_linear=0
shrinkage=0.05


Tree=25
num_leaves=63
num_cat=1
split_feature=35 36 35 31 6 2 9 5 31 31 50 14 50 40 8 50 32 40 4 30 32 38 49 8 40 9 49 36 0 43 47 48 14 9 20 50 32 49 35 6 38 6 6 12 49 49 61 22 40 2 49 20 10 62 32 20 32 44 50 11 32 22
split_gain=79.8026 21.0819 17.4876 10.8589 10.7106 9.99769 8.47962 7.71568 7.40829 6.35649 6.22612 6.55225 5.68775 7.19234 9.16619 5.60306 6.7362 6.18662 5.56123 5.49773 5.35932 9.80819 5.10316 5.34812 4.99101 5.0932 4.96071 4.77193 4.68244 4.6149 9.39115 4.94688 4.54977 8.55285 5.45379 4.94315 4.50368 4.4357 4.33489 5.89756 4.27769 5.86284 4.26881 6.7251 4.26717 7.92734 4.52781 4.42933 4.19426 3.99185 5.2738 4.91847 3.96233 4.95954 3.9461 4.45924 3.85751 3.84062 3.81397 3.80545 3.78965 4.29738
threshold=0.23468901962041858 0.49068126082420355 0.1378256753087044 1.0000000180025095e-35 0.067783828824758544 -1.0000000180025095e-35 -0.32500687241554255 -0.69206789135932911 0.17091893404722217 0.19188591092824939 1.0879078507423403 0.0045759270433336505 0.29430864751338964 0.96930870413780224 0.0023248213110491638 0.94079130887985241 0.18601953238248828 1.1709528565406802 0 0.11836919188499452 0.26599735021591192 0.22022138535976413 0.16168561577796939 0.029474933631718162 0.91554766893386852 -0.049171023070812218 0.28104312717914587 0.20138910412788394 0.0087737767025828379 0.16047593951225284 1.1340704560279848 0.49041847884655004 -0.0046476814895868293 -0.14962009340524671 0.18335811793804171 0.62116742134094249 0.12172899767756463 0.16911514848470691 0.31569433212280279 0.13391133397817614 0.13058950006961825 0.04286081716418267 0.051695702597498901 0.081434201449155821 0.48177772760391241 0.465015858411789 3.5000000000000004 23.500000000000004 1.1040129065513613 -0.57102695107460011 0.11655874922871591 0.059326374903321273 0.2591060101985932 12.500000000000002 0.4615983664989472 0.0049276056233793506 0.84155318140983593 0.45581804215908056 1.3318109512329104 -0.012550629675388334 0.25046537816524511 9.5000000000000018
decision_type=2 2 2 2 2 2 2 2 2 2 2 2 2 2 2 2 2 2 1 2 2 2 2 2 2 2 2 2 2 2 2 2 2 2 2 2 2 2 2 2 2 2 2 2 2 2 2 2 2 2 2 2 2 2 2 2 2 2 2 2 2 2
left_child=2 18 3 -1 7 6 -3 59 -9 12 11 26 -5 40 36 17 -17 -16 19 -2 24 -22 42 -24 25 -21 -6 -11 49 30 -26 48 34 -34 35 -8 -15 -20 39 -27 -14 -42 43 58 45 47 -47 56 -31 -23 51 -51 53 -32 55 -49 -7 -55 -10 -4 -39 -62
right_child=1 5 4 9 10 44 32 8 22 27 -12 -13 13 14 15 16 -18 -19 37 20 21 28 23 -25 29 38 -28 -29 -30 31 52 -33 33 -35 -36 -37 -38 60 -40 -41 41 -43 -44 -45 -46 46 -48 54 -50 50 -52 -53 -54 57 -56 -57 -58 -59 -60 -61 61 -63
leaf_value=0.00041116711296480319 0.0027650570870694281 0.011412667020594649 0.00033289368041826005 -0.0021571280585473058 -0.00065302845221368994 0.0081623283541974647 -0.00046580050960479959 -0.0013760081093269095 -0.00075914457748151455 -0.0024145820791545303 0.00087846281825422479 0.0075809136429163433 -0.0016634790527474939 0.00097035724658287861 0.0010781163176215064 -0.0020852322294738885 0.0012112276969274364 -0.001393902598351197 0.00049872974837412846 0.0014502960288130683 -0.0026444286898076931 5.0439592223011648e-05 -0.00024313838327256199 0.0024736550543332627 -0.00018669196557712653 -0.0008589797699755866 0.0053149503756349456 -0.00071395443596441598 -0.00013322286746582455 -0.0002015105021769076 0.0032568945269013275 -0.0014949760641804631 -0.0043883592081136484 0.00031245455655200819 -0.00098854512276370064 0.0049699064717657988 -0.0014435121944863945 -0.0015908905725622174 -0.0023233910003097788 0.001735793527734796 -0.0022255714341001933 0.0022231310828785054 -0.0012090587093307793 0.0016135686512911464 0.029474080630737556 -0.0042272745575670789 0.0026417685108597018 0.0026183307950518237 0.0037410814764760715 -0.0013376781252392403 0.0013645612311777181 0.001484041404499209 -0.00044411875473522063 -0.0021708798210260199 0.0064182104186050973 -0.0025741718388376522 -0.00020066490259190996 0.0014345523221651836 0.0008535377347608647 -0.002045853574989587 0.00070231167113015975 0.0052842949505328453
leaf_weight=195.00556987524033 173.9003632068634 110.142069876194 632.91994363069534 450.00195825099945 696.44367063045502 462.0841435790062 79.839433908462524 1495.6489174962044 1632.7486190199852 217.94825255870819 425.74211287498474 43.817974865436554 141.78480362892151 36.668818473815918 117.82750630378723 70.115102291107178 53.589874982833862 36.237439811229706 336.41505545377731 41.88339751958847 57.378920257091522 1100.105248093605 526.49471133947372 111.38525760173798 1320.0850632190704 316.00459587574005 31.703545212745667 44.14643120765686 1443.8951134085655 131.22393202781677 195.05846786499023 333.2710086107254 63.913787603378296 508.62908428907394 119.18909972906113 379.79908919334412 390.49657219648361 41.696645677089691 123.04632169008255 25.685356616973877 47.723416328430176 23.557089328765869 830.52448147535324 74.379370927810669 117.48837965726852 34.911422371864319 27.548389375209808 26.450197696685791 35.952350378036499 243.60169631242752 2008.306017100811 152.97159034013748 65.720968425273895 30.868598520755768 122.0601749420166 78.421290040016174 36.183999955654144 137.78775072097778 133.61587816476822 73.25693267583847 56.474462330341339 172.39083790779114
leaf_count=201 179 99 630 501 650 501 91 1506 1524 168 358 43 75 31 89 57 34 39 362 38 49 1178 522 97 1432 266 32 38 1519 147 152 363 52 555 121 388 336 41 97 16 39 18 805 70 124 32 32 30 45 290 2028 188 61 37 125 86 36 173 151 74 55 168
internal_value=-0.000653209 0.00222055 -0.0042605 -0.00860143 -0.0030787 0.00662593 0.00374236 -0.00401026 -0.00472764 -0.00993593 0.00120347 -0.00146853 -0.00856078 -0.00629191 -0.003848 0.00320871 -0.00468715 0.00957998 0.0011027 0.000749167 0.00055146 0.00152676 -0.00340482 0.000606328 -0.00121796 -0.00570139 -0.00260539 -0.0170884 0.00176615 -0.000206005 0.00100281 -0.00444127 0.00246863 -0.000683917 0.00559516 0.00806984 -0.0084481 0.00571638 -0.0072133 -0.00429272 -0.0143486 -0.00425854 -0.00436451 -0.00301703 0.0106384 0.0092982 -0.00773759 0.0107732 0.002554 0.00275353 0.0038949 -0.00136407 0.00742614 0.00947133 0.00494503 -0.00212773 0.0134161 0.00315179 -0.00363958 0.000863698 0.0104854 0.0130147
internal_weight=19244.2 10710.4 8533.78 1825.1 6708.68 2166.66 1261.51 5510.97 4804.8 1630.1 1197.71 771.965 1368 918.001 704.935 277.77 123.705 154.065 8543.72 7936.75 7762.85 5006.26 3309.15 637.88 2756.59 506.62 728.147 262.095 4948.88 2249.97 1749.52 500.447 1151.37 572.543 578.828 459.639 427.165 606.977 464.736 341.69 213.065 71.2805 2671.27 1840.74 905.148 787.66 62.4598 725.2 167.176 3504.98 2404.88 396.573 429.436 363.715 226.932 104.871 498.268 168.656 1766.36 706.177 270.562 228.865
internal_count=19244 11156 8088 1626 6462 2272 1306 5379 4675 1425 1083 725 1219 718 586 219 91 128 8884 8258 8079 5252 3169 619 2827 417 682 206 5203 2410 1855 555 1207 607 600 479 367 626 379 282 132 57 2550 1745 966 842 64 778 192 3684 2506 478 423 362 241 116 537 210 1675 704 264 223
cat_boundaries=0 1
cat_threshold=1
is_linear=0
shrinkage=0.05


Tree=26
num_leaves=63
num_cat=3
split_feature=37 34 60 52 52 41 52 30 41 10 36 63 34 36 17 6 49 49 60 49 49 23 52 60 13 0 23 41 11 62 32 8 48 50 62 49 15 64 49 32 49 31 15 52 41 52 49 31 61 17 5 52 52 62 5 32 31 32 30 36 10 17
split_gain=70.9744 19.3334 15.9737 10.1005 15.3747 8.60289 9.11345 10.8348 10.4182 8.99923 8.72753 8.11553 8.78279 7.74087 7.37013 7.17463 7.06633 7.23003 7.51308 6.55806 10.5607 11.8748 12.1639 8.68479 6.2881 6.06131 6.03387 6.01913 5.91804 5.91228 5.87906 5.81961 5.63053 6.64472 5.99004 5.60086 6.23545 5.95142 5.45848 5.42557 6.80084 6.15952 5.3849 5.33598 5.23004 5.20236 5.59587 6.54528 5.14059 5.04658 5.50215 5.03716 4.99504 5.93196 4.91203 4.70689 4.67043 6.68022 4.75043 6.0702 4.65617 4.60712
threshold=0.24238621443510058 0.63676920533180248 0 0.091452784836292281 0.098302587866783156 1.336583197116852 0.10447174683213235 0.1376948952674866 1.0816796422004702 1.0000000180025095e-35 0.31531736254692083 1.0000000180025095e-35 0.10816156491637231 0.10681814700365068 91.867729187011733 0.035677703097462661 1.4052360057830813 0.48177772760391241 1 0.46143138408660894 0.38383288681507116 3.5000000000000004 0.36484922468662268 2 0.0015234719030559065 -0.016901517286896702 2.5000000000000004 1.228548049926758 0.011251214891672136 2.5000000000000004 0.51094973087310802 -0.079049870371818529 0.61846348643302929 0.70477786660194408 9.5000000000000018 0.27245976030826574 -0.023515716195106503 1.5455212593078616 0.11374756321310998 0.26405665278434759 0.13656317442655566 0.2871552854776383 0.15445556491613391 0.15708625316619876 0.71425774693489086 0.27747285366058355 0.16168561577796939 0.21074643731117251 7.5000000000000009 23.253587722778324 1.0060099959373476 0.10524957627058031 0.10594346746802331 6.5000000000000009 1.1793673038482668 0.20277817547321322 0.2871552854776383 0.19311454892158511 0.11364581435918809 0.17779502272605899 -0.10013244673609732 27.241473197937015
decision_type=2 2 1 2 2 2 2 2 2 2 2 2 2 2 2 2 2 2 1 2 2 2 2 1 2 2 2 2 2 2 2 2 2 2 2 2 2 2 2 2 2 2 2 2 2 2 2 2 2 2 2 2 2 2 2 2 2 2 2 2 2 2
left_child=2 19 13 26 11 6 8 9 -6 44 14 -5 -13 48 51 -11 17 18 -3 20 23 22 -22 -2 28 -23 -4 -24 -10 -14 -21 -19 34 52 35 36 -25 -37 56 40 -35 43 45 55 -8 46 47 -38 -1 -36 -51 -9 53 -34 -49 -42 57 58 -31 -60 -15 -18
right_child=1 16 3 4 5 -7 7 10 24 15 -12 12 29 60 -16 -17 61 31 -20 30 21 25 27 32 -26 -27 -28 -29 -30 38 -32 -33 33 39 49 37 42 -39 -40 -41 41 -43 -44 -45 -46 -47 -48 54 -50 50 -52 -53 -54 -55 -56 -57 -58 -59 59 -61 -62 -63
leaf_value=-0.0024432548946494632 0.0011903228306171883 0.0086397290898386162 -0.0012865039489086657 0.00087434707372423541 0.0023425287863316382 -0.0023771186555287364 -0.0020698121436009704 -0.0023353716034741931 -0.0003651815789344065 0.00048939222000386924 0.0033989394265068668 0.00064685465075687133 -0.0026567143456169093 0.00032698705112317318 0.0039213394791823147 -0.0015905044664310535 0.0057467999040992273 0.016597511225462384 0.00073111750166304226 -0.0020691758815873816 0.018202399423819536 0.0045939821419589437 0.0049015258711157285 -0.0022321516611659613 0.0045985605593066832 -0.0013709494641371363 0.0015898680223137077 -0.0018132806104749974 -0.0031852554061896597 0.00061944015444004058 0.00016906492236600792 0.004175398699357684 0.00317684658204465 0.0015977437954837568 0.0021075411216706003 0.0030583632328205147 0.00075874156158887204 -0.0046134974540385258 -0.00018818690668985922 0.001413560166529307 0.0011801118579858908 -0.0019896243856238477 -0.0030363876714375997 0.0013115612728765446 -0.0007752097146073722 -0.0020374088220376551 0.0029146021929321157 -0.0020962298934882671 0.0012555898752667841 -0.00021889025371184118 0.0015499097458800794 -0.00030260409675370216 -0.0012337049919981511 -0.0011190402851160867 0.0025389429246448687 -0.0014693655413630603 0.0012142865541548281 -0.0025474285450506132 -0.003522892489794312 0.00033893249522036766 -0.0013779069946480065 -0.00044251048412455866
leaf_weight=325.60910260677338 2116.655476629734 272.19901674985886 144.67799359560013 108.66303181648254 174.8122039437294 123.26528406143188 235.85202932357788 48.396479666233063 74.276264131069183 87.070709884166718 134.99560475349426 50.739417195320129 200.2482818365097 170.10285240411758 34.08369779586792 58.887211322784424 36.333994567394257 224.22005128860474 377.11870872974396 141.13715761899948 193.71134757995605 68.014242470264435 87.040255427360535 250.67318654060364 35.183505773544312 142.42202526330948 382.7882969379425 70.47575843334198 42.076056361198425 30.269073188304901 141.73336833715439 138.03177362680435 42.845856428146362 195.77649915218353 142.78982818126678 109.93354380130768 148.72142511606216 32.301434755325317 136.07092034816742 1261.0600250959396 66.274515390396118 70.661910772323608 32.160941243171692 79.928863406181335 85.62591564655304 42.064564228057861 127.14322996139526 218.22125089168549 23.05971086025238 2366.1472226381302 351.8311915397644 4121.3207253813744 290.80394268035889 32.179889917373657 49.8095663189888 230.38048380613327 25.309825718402863 228.18403744697571 108.70707195997238 71.754733800888062 1596.1231668591499 235.21282172203064
leaf_count=357 2306 330 136 145 157 85 184 41 57 68 129 32 101 205 20 49 32 224 376 129 193 64 90 200 38 143 356 68 41 23 157 140 30 200 165 89 117 31 130 1171 65 60 25 65 88 32 93 173 30 2827 423 3582 286 36 46 232 27 229 94 73 1918 231
internal_value=-0.000620339 0.0021836 -0.00390846 -0.00270425 -0.00327242 -0.00220832 -0.00189356 -0.00244335 0.00618637 -0.00967747 -0.00166263 -0.00909243 -0.0107363 -0.00769619 -0.00206559 0.000585873 0.00793006 0.00985277 0.00668022 0.00137297 0.00161379 0.00824886 0.0138761 0.00116183 -0.00338134 -0.00112161 0.0039298 0.00351595 -0.00900891 -0.0120178 -0.00611595 0.0155222 0.000205351 0.00218351 -0.000952584 -0.00426079 -0.00576918 0.00491518 -0.00951691 0.0033707 -0.000359723 -0.00376913 -0.00305998 -0.00121125 -0.0143515 -0.00195536 -0.000634081 -0.00344403 -0.0145517 0.000214935 -0.000264768 -0.00225617 -0.0039812 0.00748235 -0.00811758 -0.00431278 -0.0120984 -0.0133073 -0.00684681 -0.00993628 -0.00638286 0.00074816
internal_weight=19244.2 10386 8858.15 6743.26 6215.79 5255.85 5132.58 4806.23 326.348 467.436 4338.8 959.946 851.283 2114.89 4203.8 145.958 1283.12 1011.57 649.318 9102.9 8820.03 561.664 351.227 8258.36 151.536 210.436 527.466 157.516 116.352 800.544 282.871 362.252 6141.71 2269.91 3871.8 1011.03 868.794 142.235 600.296 1904.08 643.022 447.246 618.121 376.584 321.478 585.96 543.895 416.752 348.669 2860.77 2717.98 4169.72 365.83 75.0257 268.031 296.655 464.225 438.915 210.731 180.462 1766.23 271.547
internal_count=19244 10849 8395 5885 5393 4539 4454 4161 293 389 3772 854 709 2510 3643 117 1333 1070 706 9516 9230 558 351 8672 136 207 492 158 98 677 286 364 6366 2145 4221 806 686 120 576 1793 622 422 486 362 272 461 429 336 387 3415 3250 3623 352 66 219 297 446 419 190 167 2123 263
cat_boundaries=0 1 2 3
cat_threshold=3328 1164 130
is_linear=0
shrinkage=0.05


Tree=27
num_leaves=63
num_cat=6
split_feature=38 15 37 62 37 14 60 22 60 22 12 60 11 46 60 46 31 60 43 53 14 29 38 60 46 22 34 50 10 31 37 53 14 35 52 14 10 37 10 40 51 15 52 37 29 49 44 31 30 51 14 62 14 52 44 42 52 42 51 14 40 39
split_gain=67.9789 17.5772 16.905 12.7771 9.08366 9.77862 8.58733 8.39695 8.86611 8.09821 8.54903 7.56341 6.87371 8.20059 7.19004 8.15585 6.4973 9.06306 9.0228 5.77382 7.61841 5.50716 5.37402 5.76362 6.41163 5.71065 5.22438 5.1555 7.0922 5.13365 5.05829 6.41749 5.35758 4.86369 5.19809 4.86113 5.01793 7.43784 4.80693 4.76033 5.48311 5.17989 5.40685 5.12693 5.0262 5.65142 4.83302 4.6724 4.5358 4.48493 6.41898 5.82586 5.35623 4.4653 7.18791 5.8563 4.46113 4.8214 4.4491 4.43522 4.40329 4.3969
threshold=0.26524735987186437 -0.083829581737518297 0.12884347885847094 9.5000000000000018 0.35226701200008398 0.00094549503410235058 0 17.500000000000004 1 25.500000000000004 -0.16135706752538678 2 -0.032201670110225671 0.17826066911220553 3 -0.069922115653753267 0.18318028748035434 4 0.049521021544933326 -0.092442993074655519 0.0017046240391209724 0.24481604993343356 0.4631913304328919 5 0.074490375816822066 23.500000000000004 0.73465970158576976 1.0548821687698366 -0.028288206085562703 0.13275533169507983 0.50746256113052379 -0.021201209165155884 0.0010511636501178148 0.3996123224496842 1.0232589840888979 0.0044842958450317391 0.26726178824901586 0.21165631711483004 0.38400223851203924 1.343168377876282 0.64963471889495861 -0.016873613931238648 0.13246502727270129 0.23353395611047748 0.27169075608253485 0.12678595632314685 0.62457048892974865 0.17091893404722217 0.32430367171764379 0.69064247608184826 -0.0016539965872652827 12.500000000000002 -0.00083152242586947967 0.12824487686157229 0.95315784215927135 0.10465713962912561 0.36484922468662268 0.30442215502262121 0.74824532866477977 0.0024241253267973666 1.1591345667839053 0.35149255394935613
decision_type=2 2 2 2 2 2 1 2 1 2 2 1 2 2 1 2 2 1 2 2 2 2 2 1 2 2 2 2 2 2 2 2 2 2 2 2 2 2 2 2 2 2 2 2 2 2 2 2 2 2 2 2 2 2 2 2 2 2 2 2 2 2
left_child=2 7 3 16 5 12 27 8 -2 61 -11 19 48 14 15 49 17 18 -1 20 -7 53 47 24 33 30 -27 28 -3 -20 31 -25 -32 -24 -35 36 60 -38 -22 40 43 -42 46 -13 45 -44 -43 -8 -4 50 51 -14 -51 55 -55 -17 -33 -58 -10 -12 -21 -9
right_child=1 6 4 -5 -6 11 22 9 58 10 59 39 13 -15 -16 21 -18 -19 29 35 38 -23 23 25 -26 26 -28 -29 -30 -31 32 56 -34 34 -36 -37 37 -39 -40 -41 41 42 44 -45 -46 -47 -48 -49 -50 52 -52 -53 -54 54 -56 -57 57 -59 -60 -61 -62 -63
leaf_value=0.00065509601314257349 0.0077916725596302808 1.6614613341905656e-05 0.00027069806118272809 0.00047145031101183401 0.0075906895339629471 -0.0012720199059785505 -0.0016710670914593052 -0.0015632315030095533 -0.0011327605227010541 0.0087223395692629293 -0.0012924875083431182 -0.00092152792692821593 -0.0038761237330582846 -0.0019073820804596014 -0.0012481617306819349 0.001444471782741351 -0.002426558892882142 -0.0018351504429573934 -0.0019928859357077242 0.00092766487222555732 0.0012161613645284527 0.0018953397283389491 -0.0037156374379778315 0.0001460148663021246 0.0095418346082871072 -0.0019339870615513845 0.0017650544909050996 0.0011078414128646269 -0.0018972336230702409 0.00064020261608800611 -0.00045798241732152305 0.0075810256696436096 0.0046154903136633981 0.0048670273762393169 -0.0014063786087611331 0.0023151504452833377 0.0021438402787274254 -0.0025736684676622395 -0.0021782159740116177 0.0037306677363619398 0.0006889523047832794 0.002987804348806813 -0.0027208651833631626 -7.9103802489710606e-05 -0.0029122052141012582 -0.00015315480428142238 -0.00034167031503133227 0.00043323056992473354 -0.0023212188746936412 0.00018421912545948937 -0.00026033364764066621 -5.4093014021534827e-05 -0.0019708523649007658 5.3238004044593728e-05 -0.0023990189765255858 -0.00037310384768344612 -0.0021425799560158493 0.0090585927775618386 0.0022893715878977263 0.0063165686329976437 -0.00158358289582516 0.0098681049164066233
leaf_weight=103.18869054317474 111.17641764879227 445.6133679151535 556.62858593463898 207.69699150323868 39.683434903621674 130.11012959480286 132.00784289836884 34.669347167015076 216.08324152231216 153.48738771677017 161.77114737033844 1226.0710920095444 83.391259670257568 845.39403390884399 1717.7986488938332 167.70330148935318 177.33770382404327 666.7674880027771 122.48589897155762 465.27995765209198 182.73203778266907 226.05156368017197 30.082461178302765 159.31672072410583 151.95074915885925 203.2836377620697 67.299543678760529 308.76631081104279 426.4768705368042 66.582673311233521 355.76533228158951 162.61689710617065 129.35015362501144 156.94704574346542 32.523436844348907 67.583186626434326 33.202940106391907 59.527105629444122 41.480065703392029 69.685149431228638 163.58364379405975 80.887806177139282 26.284074366092682 593.31789618730545 42.282175064086914 302.41624176502228 92.183302104473114 5101.8738712072372 29.172567784786224 43.160560786724091 635.86160719394684 53.389518022537231 102.27797657251358 161.36763519048691 96.75808984041214 233.54061788320541 38.796176314353943 26.44256854057312 143.08670139312744 20.726092338562012 77.672245502471924 483.51735603809357
leaf_count=73 145 570 565 262 47 83 120 37 226 156 165 1175 66 816 1936 148 124 590 86 396 142 213 38 151 188 203 62 417 556 46 336 156 150 193 38 45 24 49 28 73 123 57 21 585 35 255 65 5172 26 42 616 67 66 135 82 214 35 25 125 22 101 481
internal_value=-0.000594775 0.00249267 -0.00345499 -0.00867312 -0.00264318 -0.00275385 0.00160118 0.00782521 0.0024458 0.0107809 0.00471089 -0.000790134 -0.00420176 -0.00488418 -0.0038199 -0.00157771 -0.010758 -0.00912072 -0.00146203 0.00275782 -0.0024107 0.00183317 0.00228819 0.00491612 0.0102715 0.0030536 -0.00325349 -0.00232024 -0.00430803 -0.00801597 0.00505093 0.00931494 0.00163629 0.00504814 0.00803082 0.00540814 0.00404095 -0.00667807 0.00315682 -0.00223912 -0.00260499 0.0011239 -0.00121406 -0.00405804 -0.00462593 -0.00251829 0.00606896 0.00153116 0.000876626 -0.00488973 -0.00336383 -0.0131896 -0.0129538 -0.000468812 -0.00560413 0.00282292 0.0146985 0.00355134 -0.00150443 -0.00258051 0.00588173 0.0147053
internal_weight=19244.2 9253.63 9990.54 1344.06 8646.48 8606.8 7929.11 1324.52 470.346 854.171 335.985 3654.3 4952.5 4366.69 3521.3 1803.5 1136.36 959.025 292.257 1057.59 354.322 885.421 6748.26 1514.37 371.504 1142.87 270.583 1180.86 872.09 189.069 872.288 387.172 485.115 219.553 189.47 703.265 635.682 92.73 224.212 2596.71 2527.03 707.637 544.054 1819.39 370.982 328.7 173.071 5233.88 585.801 918.081 772.642 136.781 145.439 659.37 258.126 401.244 227.856 65.2387 359.17 182.497 542.952 518.187
internal_count=19244 9767 9477 1181 8296 8249 8410 1357 496 861 343 3257 4992 4401 3585 1649 919 795 205 868 253 792 6867 1575 457 1118 265 1543 1126 132 853 367 486 269 231 615 570 73 170 2389 2316 556 433 1760 311 276 122 5292 591 857 749 133 108 579 217 362 216 60 351 187 497 518
cat_boundaries=0 1 2 3 4 5 6
cat_threshold=2817 2689 739 151 16 132
is_linear=0
shrinkage=0.05


Tree=28
num_leaves=63
num_cat=9
split_feature=37 33 37 62 22 36 60 11 22 49 49 62 54 44 31 60 43 14 60 44 60 9 60 32 20 53 37 31 9 17 5 11 53 60 44 40 16 14 42 16 48 48 11 10 49 49 60 42 37 41 10 10 60 50 60 51 17 32 14 41 14 53
split_gain=60.8429 18.3202 13.624 10.9638 9.21995 9.11156 8.01299 7.82468 9.52105 12.0572 11.5805 9.79021 7.99413 8.44238 7.01831 9.34584 7.88632 6.8427 6.72927 6.35123 5.94797 5.86658 5.72343 6.06974 5.76399 5.49854 5.99058 6.21349 5.41666 5.29023 5.17215 4.96413 4.71394 5.25618 5.11618 5.84583 4.75202 7.32422 6.915 4.71256 4.70776 4.6579 4.65726 5.50605 4.59762 6.40858 4.57247 5.95582 4.50824 6.93437 4.47376 4.84239 4.51106 4.44936 4.43411 4.29403 5.02455 4.28221 4.20059 4.18862 4.16944 4.18845
threshold=0.24238621443510058 0.67188885807991039 0.12884347885847094 9.5000000000000018 18.500000000000004 0.31531736254692083 0 -0.051310170441865914 19.500000000000004 0.38383288681507116 0.43627737462520605 14.500000000000002 0.18859446048736575 0.59543791413307201 0.18318028748035434 1 0.049521021544933326 0.00097119685960933577 2 3.4957171678543095 3 -0.029844858683645722 4 0.49560411274433142 0.0025236497167497878 -0.042668161913752549 0.22227139025926593 0.19298192113637927 -0.059096846729516976 16.960403442382816 -0.69206789135932911 0.016490439884364608 0.67399418354034435 5 0.41298316419124609 0.92743748426437389 0.030354064889252189 0.0023583659203723077 0.21916111558675769 -0.017823606729507443 0.82955878973007213 0.82066631317138683 -0.035274021327495568 -0.23052085191011426 0.31097891926765447 0.26601912081241613 6 0.12299649417400361 0.27979306876659399 0.48177385330200201 -0.15531202405691144 -0.025305020622909066 7 1.6215444803237917 8 0.69064247608184826 53.848432540893562 0.3468881100416184 -0.0030394993955269452 1.0225397348403933 0.0043905247002840051 0.029486472718417648
decision_type=2 2 2 2 2 2 1 2 2 2 2 2 2 2 2 1 2 2 1 2 1 2 1 2 2 2 2 2 2 2 2 2 2 1 2 2 2 2 2 2 2 2 2 2 2 2 1 2 2 2 2 2 1 2 1 2 2 2 2 2 2 2
left_child=2 7 3 14 6 17 -3 19 9 32 -11 -12 13 40 15 16 -1 21 25 28 -15 46 24 31 -23 26 27 -19 29 -2 -20 -24 33 34 -9 36 55 -38 -39 -32 50 -8 43 -43 45 58 53 -48 49 -35 -10 -52 -53 -4 -5 56 -36 -26 -37 -50 61 -27
right_child=1 4 5 54 -6 -7 41 8 12 10 11 -13 -14 20 -16 -17 -18 18 30 -21 -22 22 23 -25 57 60 -28 -29 -30 -31 39 -33 -34 48 35 44 37 38 -40 -41 -42 42 -44 -45 -46 -47 47 -49 59 -51 51 52 -54 -55 -56 -57 -58 -59 -60 -61 -62 -63
leaf_value=0.00062234121248544525 0.0053950846042715274 0.0074902494551997269 -0.0008386591497799808 0.0044284891574392802 0.0092887114842582445 0.0024274309991203532 -0.0015883908672860464 0.002452343601417115 0.007854455936218396 0.0096490861023726792 0.0024277266717289444 -0.0019497855837765686 0.0056311261973431993 -0.0016652880470666613 -0.0023052309482380342 -0.0017433929208095233 -0.0014619406930040327 0.0016293974732715503 0.0010651050239267813 -0.0013573676538680417 -0.0003719714667051677 0.0011297978209859367 -0.0016712704407821051 0.003868539986999691 -0.00055639235417498888 0.0014113510722583448 0.0020261592495489536 -0.0012057603687027256 0.0075187117514737799 0.0010621523451827264 -0.0010828796194482123 -0.00055066529857779876 -0.0021077789990961828 -0.0024738630383902755 -0.00095133366332685325 -0.003194704034184061 -0.0016094617866973682 -0.0038845179257346743 0.0016853554652764978 -0.00034237665347724712 -0.0019267176212063324 0.0026461450864683628 0.0072141450810689128 -0.0028176338858211729 -0.001337167857815373 0.0038088359506576186 0.00085693635748644581 -0.0010965148747365163 0.00073230659056748723 -0.00030694081720665929 -0.0025150996648533792 -0.00027169938590219798 0.0015745828461218082 0.0013372403123156108 -0.00077773310552220346 0.0020721402779402928 0.0029151244460373597 -0.0025302084754769243 0.00097927042317317789 -0.00029272247800164188 0.0034677818727138544 0.00033292290212787737
leaf_weight=103.18869054317474 118.76011192798615 233.26545262336731 616.11705780029297 79.523553371429443 490.6025824546814 181.17984884977341 155.84703105688095 259.7083792090416 62.4520263671875 212.58872187137604 133.82973480224609 84.13252466917038 83.719029724597931 332.97553777694702 177.33770382404327 666.7674880027771 189.06857228279114 30.939016461372375 157.43686181306839 49.061349451541901 2027.5631465911865 172.4933745265007 1428.441351890564 31.48154604434967 1011.8045756220818 91.232033789157867 56.717666923999786 209.19209975004196 115.37993568181992 773.41108578443527 244.28223067522049 544.26994347572327 100.07539546489716 65.22380930185318 96.419714510440826 48.587265312671661 225.17210239171982 25.002594709396362 116.72002297639847 1821.5442816615105 43.518853187561035 70.732182323932648 28.127915740013123 21.753513813018799 141.19006162881851 212.41086953878403 348.39790964126587 179.40233165025711 647.66898757219315 558.67308157682419 72.615674078464508 231.59279000759125 403.32794386148453 24.701873898506165 128.17343813180923 115.58946800231934 42.784566879272461 51.297611057758331 1394.532567679882 590.99933975934982 33.984637141227722 279.17750579118729
leaf_count=73 114 264 610 95 501 184 160 261 61 210 113 110 100 425 124 590 132 16 139 45 2044 154 1566 27 890 60 51 122 122 797 232 561 113 69 104 56 177 18 103 1729 29 70 28 15 125 196 363 199 739 625 65 267 439 23 167 85 42 40 1474 683 22 226
internal_value=-0.000517087 0.00207901 -0.00356151 -0.00819961 0.00851203 -0.00273112 0.00378788 0.00139276 0.000877811 0.00223306 0.0102382 0.00211187 -0.00123036 -0.00163421 -0.0101309 -0.00843031 -0.000715456 -0.00300534 -0.00112771 0.00544678 -0.00314898 -0.00424976 -0.00534566 -0.00699424 -0.00258963 0.00311527 -0.00199457 -0.00546164 0.00630577 0.00497817 -0.00247122 -0.00737866 0.0014891 0.00172668 0.00313916 0.00243173 -0.00174161 -0.00538926 0.00348725 -0.00314977 0.00275487 -0.00204639 0.00522969 -0.000142235 0.00387856 0.00461876 -0.00120711 0.00222276 -0.000316797 -0.00378643 0.00366477 0.0025229 0.00392772 -0.00401186 0.00234282 0.00349134 -0.00239404 -0.00398903 0.00342001 0.00142437 0.00695513 0.00539608
internal_weight=19244.2 10386 8858.15 1344.06 1000.33 7514.09 509.726 9385.69 8329.07 5071.31 430.551 217.962 3257.77 3174.05 1136.36 959.025 292.257 7332.91 2924.51 1056.61 2360.54 4408.41 3239.79 2004.19 1235.6 701.243 296.849 240.131 1007.55 892.171 2223.26 1972.71 4640.76 4540.68 2678.12 2418.41 621.688 366.895 141.723 2065.83 813.507 276.461 120.614 92.4857 1796.72 1655.53 1168.62 527.8 1862.57 623.897 769.988 707.536 634.921 640.819 207.697 254.794 139.204 1063.1 1443.12 1238.67 404.394 370.41
internal_count=19244 10849 8395 1181 1038 7214 537 9811 8733 5303 433 223 3430 3330 919 795 205 7030 2597 1078 2469 4433 3238 2154 1084 497 189 138 1033 911 2100 2127 4870 4757 2641 2380 529 298 121 1961 861 273 113 85 1851 1726 1195 562 2116 694 832 771 706 633 262 231 146 930 1530 1422 308 286
cat_boundaries=0 1 2 3 4 5 6 7 8 9
cat_threshold=194 16 163 833 149 659 2832 2892 526
is_linear=0
shrinkage=0.05


Tree=29
num_leaves=63
num_cat=7
split_feature=38 15 37 62 49 22 42 14 22 49 14 60 60 31 60 43 10 41 14 41 30 1 49 53 14 57 9 49 49 22 10 49 40 46 10 9 1 45 60 38 10 49 22 49 49 16 37 47 64 20 16 1 60 41 31 60 40 62 29 60 17 51
split_gain=55.5429 15.8577 13.9252 10.3635 8.32623 8.65761 7.79428 9.89493 7.44734 10.1317 7.3412 7.26597 7.04159 6.77093 7.72669 7.4867 6.51584 7.06285 6.60755 6.19575 7.14571 6.41354 7.44051 5.69082 6.55932 5.38498 5.41335 5.34282 6.65543 5.2749 6.86661 5.48328 5.83088 5.18204 5.16491 5.10185 4.96166 4.88297 4.84827 5.37353 4.77708 4.65321 16.0397 5.46644 9.09024 8.90053 4.60269 5.68376 4.59111 4.42365 4.61161 4.382 4.38015 4.3629 4.34337 7.94547 7.29399 5.29656 4.32303 4.31697 4.44646 4.22643
threshold=0.26524735987186437 -0.083829581737518297 0.12884347885847094 9.5000000000000018 0.46997508406639105 18.500000000000004 0.031827682629227645 0.00090268827625550341 19.500000000000004 0.26601912081241613 0.0043905247002840051 0 1 0.19188591092824939 2 0.049521021544933326 -0.2883059680461883 1.2008484005928042 0.0012696466292254629 1.3706151843070986 0.16766928881406787 0.15730598568916324 0.14901225268840793 -0.028866254724562165 0.0017046240391209724 1.0000000180025095e-35 -0.065048567950725542 0.38024814426898962 0.3249634206295014 23.500000000000004 0.36374093592166906 0.14716069400310519 1.049837648868561 -0.0091473683714866621 0.0070487421471625575 -0.068318884819746004 -1.0851265788078306 -0.1896838769316673 3 0.2932370007038117 0.20960331708192828 0.25063030421733862 12.500000000000002 0.22110010683536532 0.23270576447248462 0.032602397724986083 0.48480388522148138 0.75004392862319957 1.5455212593078616 0.019485098309814933 -0.016360861249268051 1.3970640301704409 4 0.3926128894090653 0.15299719572067264 5 1.1204663515090945 3.5000000000000004 0.19463720917701724 6 51.591058731079109 0.72119814157485973
decision_type=2 2 2 2 2 2 2 2 2 2 2 1 1 2 1 2 2 2 2 2 2 2 2 2 2 2 2 2 2 2 2 2 2 2 2 2 2 2 1 2 2 2 2 2 2 2 2 2 2 2 2 2 1 2 2 1 2 2 2 1 2 2
left_child=2 4 3 13 35 -6 -4 19 9 10 41 23 27 14 15 -1 59 18 46 20 40 -22 49 24 34 26 -14 28 29 61 31 32 -31 -32 -9 48 -33 -17 -12 -40 54 43 -43 -3 -45 -46 58 -48 52 50 -23 -28 -2 -13 55 56 -8 -56 -18 60 -11 -10
right_child=1 8 6 -5 5 -7 7 11 12 16 38 53 25 -15 -16 37 17 -19 -20 -21 21 22 -24 -25 -26 -27 51 -29 -30 30 33 36 -34 -35 -36 -37 -38 -39 39 -41 -42 42 -44 44 45 -47 47 -49 -50 -51 -52 -53 -54 -55 57 -57 -58 -59 -60 -61 -62 -63
leaf_value=0.00065379741095994946 -0.00070363191136417762 -2.0451559678993927e-05 0.0013931999053761691 0.0004248938408264777 0.00043951019005782462 0.015227571629858598 0.00075230341594797654 -0.0020852786133250568 -9.9630291716104607e-05 -0.0013193998216591753 -0.00062104328061240446 0.0029508187967618466 0.00033125737920360336 -0.0021839142499943697 -0.0016434965274173226 0.00062888790945809245 0.00018351083493295416 0.00056854538812188278 2.1100035167193056e-05 -0.0024001012461660667 -0.0007826729314894962 0.00044341185440247022 0.0013854295734345536 0.00083756047204134546 0.00049660181216051554 0.0056325470283702939 -0.0014800824180455905 -0.00076088026308608148 0.017663663822964804 0.0012732782996263457 0.0013982203895076817 -0.0012916424347508911 -0.0016744813967813383 -0.0044316045530248104 -0.00015635642380892547 0.0049841447639603492 0.0024134394565381943 -0.0018533821060270517 -0.00017663573684632483 0.0037401976999264564 0.00070632861369501103 0.0065348382965182807 -0.0026006521264539868 0.007590002808629254 0.0057916887945792354 -0.0017567807747953309 -0.0042163184348756964 0.0042839241324616785 -0.00030625488915380088 0.0002839852790586469 -0.0013628276040076757 0.0015088932624286178 0.0045636484536867791 -0.0003722457579626526 -0.0037138569902438498 -0.0014697113249416667 -0.00060787350678306222 -0.0015194495067183456 0.004925979499207523 0.0019815573308014423 0.0019068420374348028 -0.0013975915475137456
leaf_weight=106.49560678005219 110.31799495220184 2412.4035143256187 259.16192251443863 207.69699150323868 95.334148824214935 271.45472824573517 105.76429063081741 73.774122893810272 538.79687476158142 149.55735969543457 91.341951608657837 47.784683167934418 148.67378586530685 154.71961802244186 673.79737859964371 37.929141283035278 58.672948062419891 335.10870265960693 126.25753617286682 116.70840781927109 1913.7988359332085 122.57491648197174 331.12227934598923 615.02385932207108 274.78472304344177 25.435366988182068 491.46006006002426 345.11619019508362 31.026180624961853 179.768459379673 25.160442650318146 111.76369661092758 149.19218093156815 73.64209121465683 108.12391990423203 239.24453276395798 645.02822196483612 163.42070996761322 99.621232986450195 303.13559806346893 20.136498868465424 51.818854749202728 146.4665961265564 99.976244807243347 73.626523852348328 102.79309248924255 28.473216354846954 63.425465106964111 340.38883894681931 306.65662240982056 271.71163243055344 46.910713076591492 267.77744746208191 2620.9790526628494 109.85754424333572 459.9366043806076 263.95532411336899 624.62321108579636 463.87766969203949 332.46955549716949 71.978509783744812 106.13414996862411
leaf_count=76 131 2641 260 262 98 267 79 54 594 128 120 49 172 108 595 26 66 346 137 93 1942 115 319 534 220 30 572 327 31 213 31 104 176 72 74 250 641 114 93 360 16 51 148 92 75 96 31 72 351 327 257 55 260 2410 74 567 220 686 451 333 64 88
internal_value=-0.000580331 0.00221042 -0.00316573 -0.00790186 0.00727536 0.0136879 -0.00242886 -0.00269318 0.00136364 0.00253318 0.000970404 -0.00077734 -0.00064301 -0.00977961 -0.00823696 -0.00139467 0.00577195 0.00804142 0.0107676 -0.00423421 -0.00393946 -0.00248033 0.000692403 0.00268437 -0.00150996 -0.00492674 -0.00583855 0.000757549 0.00182287 0.00142983 0.00341242 0.00456405 -0.000811644 -0.00918424 -0.00887996 0.00481311 0.00690715 -0.0071237 0.00660149 0.00883564 -0.00664915 4.76654e-06 -0.0073833 0.000551714 0.00721133 0.000354047 0.0129082 0.00252011 0.00269732 -0.00222013 -0.00572612 -0.00817278 0.00649143 -0.00217132 -0.00696334 -0.00447229 0.00105279 -0.00976938 0.0147247 0.00135523 -0.00396127 -0.00220383
internal_weight=19244.2 9253.63 9990.54 1344.06 1324.52 366.789 8646.48 8387.32 7929.11 5011 3381.18 3740.47 2918.11 1136.36 981.643 307.845 1629.82 1075.82 740.707 4646.85 4530.14 2945.86 1032.07 1071.71 456.683 712.48 687.045 2205.63 1860.51 1829.49 1184.56 1085.75 328.961 98.8025 181.898 957.729 756.792 201.35 494.099 402.757 1584.27 2887.08 198.285 2688.8 276.396 176.42 614.449 91.8987 718.484 700.943 394.287 538.371 378.095 2668.76 1564.14 829.656 369.72 734.481 522.551 554.005 221.536 644.931
internal_count=19244 9767 9477 1181 1357 365 8296 8036 8410 5304 3676 3341 3106 919 811 216 1628 1103 757 4695 4602 2960 1018 882 348 829 799 2277 1950 1919 1237 1134 389 103 128 992 745 140 573 453 1642 3103 199 2904 263 171 620 103 742 699 372 627 391 2459 1626 866 299 760 517 525 192 682
cat_boundaries=0 1 2 3 4 5 6 7
cat_threshold=739 2230 16 801 1062 94 2818
is_linear=0
shrinkage=0.05


Tree=30
num_leaves=63
num_cat=0
split_feature=37 33 35 31 14 31 11 38 22 22 10 52 49 49 49 27 52 52 3 22 14 14 6 22 53 38 10 3 5 9 8 29 6 35 39 48 11 39 8 10 1 52 53 42 59 39 12 52 22 52 53 50 38 10 16 63 31 12 22 41 52 39
split_gain=55.5544 17.6437 13.5071 8.88668 7.94237 7.93944 7.86968 7.76655 6.60726 6.603 6.86937 7.82289 6.6018 18.2979 6.58082 9.02337 5.93922 6.9417 6.11185 5.93789 5.70964 5.64482 5.69839 5.48604 6.08921 5.41824 5.39726 5.38967 5.20168 5.19715 5.06963 6.61839 4.94454 4.78916 4.62142 4.50314 5.15253 4.38204 4.4932 5.21992 4.39514 4.54933 4.88902 4.29881 5.54447 4.25413 4.20708 4.18303 7.57954 12.1612 6.60911 6.50348 6.09996 5.82678 7.48382 5.18302 5.2013 5.16236 4.32591 4.95414 4.14276 4.95964
threshold=0.24238621443510058 0.54767289757728588 0.1378256753087044 1.0000000180025095e-35 0.0027060814900323753 0.18422927707433703 -0.164214052259922 0.31460364162921911 9.5000000000000018 20.500000000000004 -0.31591732800006861 0.17764896154403689 0.38383288681507116 0.43627737462520605 0.23270576447248462 0.016885313205420974 0.15617541223764422 0.12814623862504962 -0.091545011848211275 13.500000000000002 -0.0010068574920296667 -0.0053829690441489211 0.13947494328022006 22.500000000000004 0.22157112509012225 0.60490554571151745 0.12365220114588739 -0.32477006316184992 0.85975682735443126 0.03942964784801007 0.050656696781516082 0.25639788806438452 0.16980760544538501 0.81818810105323803 0.4902645349502564 0.81612887978553783 -0.01815763674676418 1.5444836616516116 -0.048724021762609475 0.027476965449750427 0.29625593125820165 1.0228908061981203 0.42336276173591619 0.24006869643926623 0.10787052288651468 1.8886570334434511 0.0044915517792105683 0.12824487686157229 12.500000000000002 0.1244647763669491 -0.07905950769782065 1.4381769895553591 0.1991459205746651 -0.044641613960266106 -0.056140609085559838 1.0000000180025095e-35 0.16159293055534366 -0.032322542741894715 16.500000000000004 0.97334918379783641 0.10977507755160333 1.2388718128204348
decision_type=2 2 2 2 2 2 2 2 2 2 2 2 2 2 2 2 2 2 2 2 2 2 2 2 2 2 2 2 2 2 2 2 2 2 2 2 2 2 2 2 2 2 2 2 2 2 2 2 2 2 2 2 2 2 2 2 2 2 2 2 2 2
left_child=2 9 3 -1 5 8 19 30 -5 12 32 16 37 -14 28 29 17 43 46 -3 -9 25 -23 24 -10 -15 -25 35 -13 -16 47 -32 -11 34 -29 -8 -37 38 39 -2 41 42 -40 44 60 -36 -18 48 53 50 51 -50 58 57 -55 56 -52 -4 59 -49 -12 -62
right_child=1 6 7 4 -6 -7 27 20 23 10 11 14 13 21 15 -17 18 -19 -20 -21 -22 22 -24 26 -26 -27 -28 33 -30 -31 31 -33 -34 -35 45 36 -38 -39 40 -41 -42 -43 -44 -45 -46 -47 -48 52 49 -51 55 -53 -54 54 -56 -57 -58 -59 -60 -61 61 -63
leaf_value=0.00056277504160770866 0.0010600291750430257 -0.00073682849745914942 -0.00093168433991506214 -0.0018913333671748218 0.0010058876109794168 -0.0019158648148665256 -0.00049750748010738419 0.00492276299405724 -0.00062223155622661208 0.00095407772816940857 -0.00054766337841598148 -0.0021122848191853379 0.0088986373708618578 0.0058136473211636563 9.962974228591854e-05 -0.0018754551962715104 0.0064571455748066945 -0.00080317566662490019 0.0028244341121320725 0.015320630211460608 0.00015741235806175093 -0.0038631101924348991 8.209445519315421e-05 -0.0022185535145231609 0.0005152679109558648 -0.0035846232414724582 0.00026387173313382892 -0.0045550010903675723 0.0024898192088956884 0.0053743276790043041 0.00040691884534178343 -0.001417200877673286 0.005135909076780164 0.0076366698411149923 0.0037541239103665506 0.00090296265794625747 0.0059677186974585739 -0.00070257367515224884 0.00027279897978248343 0.0035977651860765931 0.0010284692812419936 -0.0022485877505142777 -0.0018063710587237589 0.0023960598010120157 0.0041268869154781011 -0.0022093938499283929 -0.0010139660890121985 -0.00011343196870807435 -0.001179459564082773 0.0033904077731567953 -0.0019911682418328274 0.0021006357760689916 -0.00043524516893877764 0.0025838954566751943 -0.00079193292382475635 0.00043619148648116752 0.00019223977965582701 -0.0029431815390081979 -0.0016679123210304196 -0.0017059282713220256 0.0015231479935562287 -0.0011444274087918733
leaf_weight=197.95483189821243 458.89958316087723 33.590196192264557 94.677096247673035 377.1993842124939 40.867935478687286 273.73373883962631 271.55354845523834 84.101106286048889 495.89208036661148 204.93394875526428 267.05236488580704 363.68685686588287 242.46174949407578 56.682447969913483 227.47908633947372 299.60608911514282 39.026044011116028 792.27457666397095 176.3458092212677 199.2819789648056 144.29450929164886 76.65412425994873 63.175418376922607 261.44816195964813 89.672309100627899 25.440527439117432 56.159004926681519 38.994411587715149 33.927196502685547 65.668510735034943 533.1153552532196 131.58701366186142 38.005960583686829 181.66382533311844 597.32373493909836 224.02171587944031 43.093303442001343 270.05567312240601 2915.4353675246239 83.383040487766266 1217.0403355360031 63.574044525623322 173.80073893070221 126.57007944583893 70.955903112888336 26.560090720653534 120.82273292541504 320.29206341505051 555.56523686647415 133.19256085157394 153.62377148866653 41.311783790588379 2079.6414425373077 68.855861842632294 853.07253938913345 805.97573220729828 228.92491573095322 122.66838455200195 546.92284446954727 116.26039463281631 202.83310425281525 70.100977838039398
leaf_count=197 483 27 96 345 38 217 309 76 463 196 298 367 239 61 234 304 37 865 168 197 166 77 61 249 73 29 41 42 38 71 438 109 40 202 603 209 43 281 3055 88 1263 58 196 144 81 27 122 298 562 123 192 47 1979 72 855 705 292 125 514 108 229 80
internal_value=-0.000614467 0.00186676 -0.00353433 -0.00740863 -0.00864942 -0.00922368 0.00666682 -0.00254319 -0.00756313 0.000979157 -0.000874093 -0.00156211 0.00199725 0.00771018 -0.00515391 -0.0018049 0.000341725 -0.000977939 0.00635997 0.0151802 0.00651714 -0.00264335 -0.00876865 -0.00523173 -0.00235004 0.00772327 -0.0105265 0.00522893 -0.0101323 0.00442006 -0.00284897 0.0012927 0.00719199 0.00772255 0.00573763 0.00130936 0.00592428 0.00148416 0.00182584 0.00612062 0.0012916 0.000304632 0.000578837 0.00250856 0.000761563 0.00678669 -0.000691833 -0.00329956 -0.00198837 -6.74306e-05 -0.00115761 -0.00545119 -0.00460676 -0.00521866 -0.00347421 0.000994689 -0.00379127 -0.0125902 -0.00785453 -0.00412292 -0.000957325 0.00336286
internal_weight=19169 10362 8807.01 1792.93 1594.97 1554.1 1616.08 7014.08 1280.37 8745.89 3099.29 2856.35 5646.6 464.414 990.368 592.754 1865.98 1529.79 336.195 232.872 228.396 221.953 139.83 903.172 585.564 82.123 317.607 1383.21 397.614 293.148 6785.69 664.702 242.94 844.542 662.878 538.669 267.115 5182.19 4912.13 542.283 4369.85 3152.81 3089.24 737.512 610.942 623.884 159.849 6120.98 3057.87 1918.59 1785.4 596.877 3063.12 1139.27 921.928 1188.52 382.549 217.345 983.475 436.552 539.986 272.934
internal_count=19204 10824 8380 1623 1426 1388 1659 6757 1171 9165 3274 3038 5891 467 1014 609 2024 1697 327 224 242 228 138 826 536 90 290 1435 405 305 6515 547 236 874 672 561 252 5424 5143 571 4572 3309 3251 832 688 630 159 5968 3069 1921 1798 609 2899 1148 927 1189 484 221 920 406 607 309
is_linear=0
shrinkage=0.05


Tree=31
num_leaves=63
num_cat=4
split_feature=38 60 11 52 35 40 60 22 35 41 33 10 44 14 43 52 49 48 52 49 49 15 17 9 50 22 20 15 48 44 39 20 6 20 15 15 19 1 49 33 6 28 20 49 15 40 52 10 60 17 41 10 9 52 52 22 29 41 49 52 52 10
split_gain=50.2223 16.5024 14.5663 13.7906 16.7909 9.00144 8.38882 8.22951 7.27919 7.26192 7.19759 6.08747 5.5777 5.3656 5.99233 5.30532 7.30352 6.80046 5.22601 8.51875 7.00756 9.97249 6.8445 6.54645 5.46002 5.07483 5.3215 6.25024 5.15086 5.90238 4.97551 4.70425 4.63289 5.27275 4.41774 5.13253 5.62847 5.01686 5.66929 5.52234 5.24719 4.8926 5.27033 5.43207 4.34449 4.30671 4.29042 5.67208 8.42956 7.93711 5.95248 4.40495 6.26596 4.30305 6.84543 4.23805 8.37241 4.19077 6.27323 7.90642 7.33845 4.34285
threshold=0.29113739728927618 0 -0.13295440375804898 0.091452784836292281 0.1378256753087044 0.8669290840625764 1 17.500000000000004 0.10815431550145151 1.336583197116852 0.20270880311727527 -0.16796299815177915 0.54907202720642101 0.00063514156499877583 0.06245172210037709 0.35681150853633886 0.3990225493907929 0.79331868886947643 0.1278863921761513 0.13320208340883258 0.11498047411441804 0.013967820443212988 82.922176361083999 0.22254850715398791 1.2831304073333742 20.500000000000004 0.00025618915969971573 -0.080907937139272676 0.1152789779007435 0.51618286967277538 0.7327982783317567 0.03669846989214421 0.068205274641513838 0.044811991974711425 -0.016873613931238648 0.030099040828645233 2 -0.35528151690959925 0.18123483657836917 0.20048850029706958 0.051695702597498901 0.2745585441589356 0.029938438907265667 0.16590104252099994 0.11898668855428697 0.88717561960220348 0.35681150853633886 -0.067566983401775346 3 53.848432540893562 1.0726820826530459 -0.14666341245174405 -0.06343520805239676 0.11045807600021364 0.098302587866783156 18.500000000000004 0.31485296785831457 1.3797806501388552 0.38383288681507116 0.36484922468662268 1.0228908061981203 -0.21107915043830869
decision_type=2 1 2 2 2 2 1 2 2 2 2 2 2 2 2 2 2 2 2 2 2 2 2 2 2 2 2 2 2 2 2 2 2 2 2 2 1 2 2 2 2 2 2 2 2 2 2 2 1 2 2 2 2 2 2 2 2 2 2 2 2 2
left_child=1 8 7 55 5 -5 10 -2 -1 13 31 12 -8 14 -6 16 44 -17 20 22 32 -22 -20 24 34 28 -27 -28 29 -12 -14 -4 -15 -34 37 41 45 40 39 -39 -21 42 43 -36 -13 -37 47 48 49 51 53 -16 -53 54 -49 56 -3 58 60 -60 -30 -59
right_child=2 3 6 4 9 -7 11 -9 -10 -11 25 15 30 18 46 17 -18 -19 19 23 21 -23 -24 -25 -26 26 27 -29 57 -31 -32 -33 33 -35 35 36 -38 38 -40 -41 -42 -43 -44 -45 -46 -47 -48 50 -50 -51 -52 52 -54 -55 -56 -57 -58 61 59 -61 -62 -63
leaf_value=-0.0019175910793303172 1.2137427233125006e-05 -0.00055215805847255706 -0.0028331804844585837 -0.0018644727783715361 -0.0016671444867736914 -0.0009528876669504284 0.0056593650365478537 0.012594406979931944 -0.00094350162683039186 -0.00098916536233360644 0.0037417008286454809 -0.00028110558747732609 -0.00038434583232742348 -0.00052570447569769282 -0.0017958161659427066 -0.0017992118951650525 0.072888216757170277 0.0020262886079595978 -0.00095737853842641505 0.0014583147959302809 0.0015035085726301531 0.00012938456352829531 0.0017955673655258406 -0.0038750639724714239 0.0009852366875938252 0.0032908889990924256 0.0035410806531595757 -0.00014683822658155405 0.0022764016301060107 -0.0012886610865277745 0.0017996337182396738 0.00063967059429363292 -0.00021809596520913911 0.0019864636201297639 -0.001485772952050126 0.0014386472674308916 0.0014179415976568097 0.00066413277549797487 0.013569708393418768 -0.00085066269587105291 0.00030818404260387071 -0.0018494488339025755 0.00022037362852952836 0.0002221915800584522 0.0024817601546605257 -0.00017915945673843692 -0.0022026767886080896 -0.00099918271080908362 0.0026102816974050342 0.0012458411848972255 -0.0017898984310758459 0.00097119071654040712 -0.0014301633776364607 -0.00058690132078771109 0.0016564028344740107 0.0015102252151972103 0.0043871583543137601 0.0017915207236874925 0.021042865611041017 0.0020917273297233921 -0.0019020036727437043 -0.0015320230329133101
leaf_weight=376.02040904760361 121.82741361856461 280.65916270017624 82.38764351606369 179.32982057332993 146.24152612686157 610.16809773445129 83.831197798252106 264.33396112918854 1975.6254451274872 230.62574642896652 41.67976850271225 1712.8242826461792 379.12152934074402 646.97087228298187 134.57064175605774 242.4989350438118 28.302098274230957 60.188806414604187 697.78778946399689 76.051952421665192 240.91068536043167 360.88523697853088 54.644684135913849 28.201447725296021 186.08445012569427 58.708612978458405 235.23767304420471 1110.8454815149307 1726.7790189385414 140.00320887565613 544.40149074792862 75.981665253639221 119.03711503744125 150.70649170875549 161.99335163831711 53.909111261367798 107.56983369588852 55.533875286579132 24.557575583457947 121.02641433477402 109.34306699037552 113.16028147935867 242.92179876565933 65.59997421503067 110.05028927326202 470.57033157348633 102.38471150398254 168.43715840578079 157.49933820962906 114.57101166248322 479.04182040691376 57.416658878326416 153.8728751540184 1564.1110990047455 236.94869512319565 367.40349578857422 73.520513415336609 134.58972430229187 119.0127038359642 213.9049990773201 69.029111623764038 117.53097403049469
leaf_count=420 119 270 89 120 144 419 93 266 2392 178 56 2029 443 621 104 272 31 64 608 63 213 309 44 16 135 54 212 1113 1734 156 636 79 123 161 142 34 99 51 20 93 87 91 201 59 135 413 86 185 196 87 458 52 137 1544 245 343 67 123 104 189 52 125
internal_value=-0.000610132 -0.00270122 0.00252212 -0.00173268 -0.00230333 -0.00924578 0.0020197 0.0119869 -0.00643029 -0.00158451 0.00350056 7.4093e-05 0.00328397 -0.00131145 -0.00280621 -0.00142457 -0.000418111 -0.00756121 -9.78681e-05 -0.00147357 0.00222614 0.00641843 -0.00594728 0.000376987 0.000757246 0.00392715 0.00150677 0.000859576 0.00525195 -0.00284314 0.00215588 -0.00692927 -0.000520928 0.0049761 -0.000181446 -0.00166484 0.00145092 0.00447067 -0.000976177 -0.00413417 0.0104037 -0.00504707 -0.00278742 -0.00825767 -0.000812733 -0.000677597 -0.00234737 -0.00200902 0.00226665 -0.00123298 -0.00309015 -0.00504781 -0.000518535 -0.0018708 0.00271289 0.00489666 0.000977434 0.00587189 0.00659386 0.0129083 0.00541982 -0.000204307
internal_weight=19169 11495.9 7673.07 9144.27 8422.69 789.498 7286.91 386.161 2351.65 7633.19 4125.69 3161.22 1007.35 7402.56 3315.1 2153.86 1851.18 302.688 4087.47 2568.96 1518.51 601.796 752.432 1816.52 1788.32 3967.32 1404.79 1346.08 2562.53 181.683 923.523 158.369 916.714 269.744 1602.24 1215.72 632.049 386.513 201.118 176.56 185.395 583.675 470.515 227.593 1822.87 524.479 3168.85 3066.47 617.931 460.431 2448.54 345.86 211.29 1969.5 405.386 721.583 354.18 2380.85 2128.73 332.918 1795.81 252.121
internal_count=19204 11030 8174 8218 7538 539 7789 385 2812 6999 4086 3703 1172 6821 3238 2531 2195 336 3583 2156 1427 522 652 1504 1488 3918 1379 1325 2539 212 1079 168 905 284 1353 1039 546 314 164 144 150 493 402 201 2164 447 3094 3008 576 380 2432 293 189 1974 430 680 337 2327 2079 293 1786 248
cat_boundaries=0 1 2 3 4
cat_threshold=3328 210 4 26
is_linear=0
shrinkage=0.05


Tree=32
num_leaves=63
num_cat=1
split_feature=37 34 60 35 49 45 49 49 49 49 40 46 52 46 10 52 14 9 3 10 47 32 30 29 38 44 52 14 34 52 47 53 45 16 51 51 48 36 20 37 16 22 16 17 47 13 36 22 44 22 1 14 10 52 49 37 28 13 51 10 20 38
split_gain=45.6513 17.2092 10.6039 8.26399 7.98302 6.63412 6.49322 10.0516 6.29744 9.23402 9.8646 6.28905 6.02735 6.48518 6.07358 5.88957 5.70402 5.65334 5.6448 5.35789 6.53448 6.07409 6.3251 5.41977 5.35785 5.33074 4.99324 5.54708 4.88135 4.69646 4.47988 7.07991 4.69872 4.46542 4.85312 7.28658 4.43848 4.64993 4.42898 4.42244 4.40925 4.37531 4.29448 4.1359 4.13344 4.10889 4.09727 4.08379 5.19227 4.04516 7.94725 5.5373 7.1353 9.87124 8.39424 5.48207 5.21716 5.15844 4.59795 4.39609 5.44145 4.80629
threshold=0.24238621443510058 0.53652146458625805 0 0.10815431550145151 0.25063030421733862 0.078817214816808714 0.44731660187244421 0.40317822992801672 0.052448457106947906 0.11610564216971399 0.87021544575691234 -0.46984647214412684 0.35591617226600653 -0.097020674496889101 -0.052483979612588876 0.27488447725772863 -0.0051221023313701144 -0.39297707378864283 -0.26811607182025904 0.012353047728538515 0.63242343068122875 0.23633949458599093 0.22184146195650103 0.22691823542118075 0.68866372108459484 2.0423929691314702 0.1788681894540787 5.464147943712306e-05 0.10427189245820047 0.35950404405593878 0.99360433220863353 -0.19173087179660794 -0.23507326096296308 0.038553467020392425 0.66224712133407604 0.68641221523284923 0.66729661822319042 0.16228910535573962 0.013103149365633728 0.54890331625938427 0.047320708632469184 12.500000000000002 -0.071061156690120683 38.085531234741218 0.61871773004531871 -0.00061486553750000883 0.18692482262849811 15.500000000000002 0.87721422314643871 14.500000000000002 1.6265463232994082 0.0012163904029875996 -0.2826139628887176 0.32446259260177618 0.28907994925975805 0.3239912241697312 0.18004181236028674 0.0059184096753597268 0.64759582281112682 0.31609596312046057 0.033085687085986144 0.23752124607563022
decision_type=2 2 1 2 2 2 2 2 2 2 2 2 2 2 2 2 2 2 2 2 2 2 2 2 2 2 2 2 2 2 2 2 2 2 2 2 2 2 2 2 2 2 2 2 2 2 2 2 2 2 2 2 2 2 2 2 2 2 2 2 2 2
left_child=2 6 3 41 8 17 7 49 -4 10 -10 -12 14 -14 40 -6 -8 -3 -5 21 -21 33 -23 30 -7 44 27 43 -29 -9 36 32 -32 34 -16 -36 37 -22 -33 -18 42 -1 -11 -13 -19 -43 -35 48 -38 59 51 52 55 54 57 -51 58 -54 -53 61 -61 -2
right_child=1 5 4 18 15 24 16 29 9 12 11 26 13 -15 19 -17 39 25 -20 20 23 22 -24 -25 -26 -27 -28 28 -30 -31 31 38 -34 46 35 -37 47 -39 -40 -41 -42 45 -44 -45 -46 -47 -48 -49 -50 50 -52 56 53 -55 -56 -57 -58 -59 -60 60 -62 -63
leaf_value=-0.0021838880006420087 0.0023593185563064965 0.01831490469506461 0.00088258424972916254 -0.0015240004314971897 0.0037362782200022308 0.0034533190092123247 0.0020614336202443048 0.081084251455468548 -0.0016511421898010082 0.0019000868777487906 -0.0023216271773990587 -0.00020713951600603994 -0.0030335692894977993 0.0024933060910137155 -0.001671413191936691 -0.00035827248460275026 -0.0029903204742746932 -0.00064885674027450604 -0.00060103805535077076 0.0018167957756398782 0.00036168398699746283 0.00057949212935689697 -0.00047505053830615987 -0.00063121961883913968 0.0070535571533903553 -0.00080423324558942251 -0.003128874291928891 0.0017216221308545881 -6.4604008270183197e-05 1.5809205482265772e-05 -0.002514463558941844 -0.00043112318845751354 4.7268361980275746e-05 0.0032529520464950803 0.0016539748328090083 -0.0022420639521988587 -0.0033827461504492905 -0.00014158281533771215 0.00176472156873798 0.0061567400358834012 0.0069428750404116864 -0.0031426382250892915 0.00032641508185685028 -0.0011871542425997278 0.0025977304672508417 -0.0011394174910385386 -0.00048878815551661595 -0.0023312424423112292 0.00046081663058294368 -0.0011792833013463261 0.0018845567837932941 0.0006138606436834629 -0.00068960296264291426 -0.0026013598652036701 0.0056632104814951408 0.0032424563311967535 -2.3333706571999753e-05 0.0016358826450518851 0.0030018181417871548 -0.0034915019513705606 -9.3231829208502916e-05 0.00047569001554397531
leaf_weight=154.27319926023483 281.9342468380928 41.799200534820557 242.42395710945129 816.03607869148254 70.848812341690063 375.45729380846024 32.402804672718048 63.436639606952667 369.09329032897949 27.60915607213974 58.467362523078918 287.52940553426743 87.357722222805023 26.538856089115143 351.96742027997971 43.324187099933624 153.75324636697769 139.97553604841232 1899.2880899906158 164.71466678380966 67.385313034057617 216.3585147857666 235.74564033746719 251.01649242639542 331.65799617767334 181.9127733707428 48.546734035015106 19.274153828620911 1095.0483471155167 41.226667165756226 38.779281556606293 82.734241425991058 96.621840715408325 31.575638949871063 46.785838901996613 58.710921108722687 38.226774215698242 274.45414060354233 208.81372857093811 28.706123888492584 29.945441842079163 37.151307463645935 245.42175620794296 564.44006705284119 813.03625780344009 231.24897485971451 140.14730352163315 91.784124314785004 57.321278095245361 121.18770003318787 417.36986637115479 278.19831603765488 1534.5665912032127 284.0799697637558 82.523397147655487 187.46702361106873 1425.9209848046303 134.72396522760391 87.213476717472076 66.031266212463379 218.04824489355087 3039.3455092906952
leaf_count=166 276 39 222 905 61 385 39 65 288 28 40 269 77 23 356 34 150 162 2090 179 36 181 194 205 345 184 41 11 983 45 23 60 64 20 40 50 27 249 155 30 23 36 223 547 824 257 120 56 41 116 435 304 1627 292 86 185 1535 126 72 64 241 3197
internal_value=-0.000560402 0.0016888 -0.00320728 -0.00553744 -0.00190337 0.00601175 0.000727587 0.000951295 -0.00217655 -0.00253687 -0.00479681 -0.00345239 -0.000611796 -0.0118788 -0.00014396 0.0111679 -0.00784904 0.00370432 -0.00453946 -0.00097069 0.00110105 -0.00360362 0.000807375 -0.000169909 0.00984346 0.00303305 -0.00297981 -0.00258522 -0.000258293 0.0163427 0.0015426 0.00535487 -0.00406505 -0.00678072 -0.00936108 0 -0.00152423 0.00185396 0.00974672 -0.0112958 0.00653154 -0.0120652 0.0045067 -0.00562244 0.00453287 -0.00817035 6.56195e-05 -0.00771305 -0.000421181 0.000753034 -0.000236689 -0.000901381 -0.00250119 -0.00357659 -0.00217074 0.00457481 0.00118973 -0.00294304 0.00651956 0.00200433 -0.0039577 0.00251589
internal_weight=19169 10362 8807.01 3138 5669.01 1883.84 8478.14 8263.27 5554.84 5312.42 2442.4 2073.31 2870.02 113.897 2756.12 114.173 214.862 1176.72 2715.32 2453.14 1371.85 1081.29 452.104 1207.14 707.115 1134.92 2014.84 1966.29 1114.32 104.663 956.121 426.949 135.401 629.187 457.464 105.497 529.172 341.839 291.548 182.459 302.976 422.673 273.031 851.969 953.012 268.4 171.723 187.332 95.5481 8158.61 4553.25 4135.88 2344.55 2035.89 1751.81 308.655 1791.33 1669.29 365.412 3605.36 284.08 3321.28
internal_count=19204 10824 8380 3454 4926 1939 8885 8666 4831 4609 2179 1891 2430 100 2330 95 219 1209 2995 2056 1095 961 375 916 730 1170 1851 1810 994 110 711 302 87 586 446 90 409 285 215 180 274 459 251 816 986 293 140 124 68 8556 4778 4343 2432 2131 1839 301 1911 1753 376 3778 305 3473
cat_boundaries=0 1
cat_threshold=3336
is_linear=0
shrinkage=0.05


Tree=33
num_leaves=63
num_cat=4
split_feature=36 34 42 35 11 60 60 22 31 50 44 6 3 60 62 35 36 34 22 51 35 30 46 22 46 42 37 43 2 51 26 29 10 52 52 52 60 46 43 44 22 62 52 52 43 22 35 40 52 14 13 5 62 14 13 38 40 37 37 12 48 51
split_gain=41.3827 17.1567 9.81896 10.4868 8.16438 8.77647 7.82699 7.50482 5.82931 6.0557 5.53762 5.36303 6.83226 6.14115 5.93385 7.79089 9.79026 6.003 6.33303 5.83745 5.27238 5.21779 5.13834 4.86985 5.52353 4.83669 4.83159 4.79101 4.72238 5.28328 5.18786 6.30397 4.62994 4.60758 9.96926 7.81318 7.00837 7.04947 5.83963 5.55572 6.00786 5.45322 5.25081 5.42203 4.94269 5.21506 5.50619 6.16276 5.23209 4.68982 4.77375 4.41501 4.35554 4.3452 4.31215 6.25637 4.23827 4.14858 4.12358 4.06655 4.04396 4.87439
threshold=0.21709516644477847 0.51711151003837597 0.031827682629227645 0.10455620288848878 -0.13295440375804898 0 1 18.500000000000004 0.34173853695392614 1.4654998779296877 3.1649883985519414 0.084349762648344054 -0.38889887928962702 2 13.500000000000002 0.3774008452892304 0.30922777950763708 0.35762359201908117 12.500000000000002 0.7588692605495454 0.43888600170612341 0.44795721769332891 0.24083189666271212 12.500000000000002 -0.32944159209728235 0.1538924649357796 0.19690244644880298 0.22248610854148868 1.3383913040161135 0.78017225861549389 -0.0013078910997137425 0.52341833710670482 0.23887448757886889 0.098302587866783156 0.1278863921761513 0.092581417411565795 3 0.29061350226402288 0.13480239361524585 0.51618286967277538 19.500000000000004 9.5000000000000018 0.12483786791563035 0.10447174683213235 0.14201354980468753 23.500000000000004 0.17458982765674594 0.97238600254058849 0.11642127484083177 0.0037444981280714278 -0.002425582148134708 -0.074247233569622026 5.5000000000000009 0.002088500303216279 0.0045661129988729962 0.16675553470849994 0.8977058231830598 0.153083510696888 0.48480388522148138 0.031106495298445228 0.68867716193199169 0.56235072016716015
decision_type=2 2 2 2 2 1 1 2 2 2 2 2 2 1 2 2 2 2 2 2 2 2 2 2 2 2 2 2 2 2 2 2 2 2 2 2 1 2 2 2 2 2 2 2 2 2 2 2 2 2 2 2 2 2 2 2 2 2 2 2 2 2
left_child=2 11 6 23 7 -6 -1 -3 9 33 20 12 -2 -13 15 16 19 32 -19 26 -7 -20 -17 -4 -25 -11 -15 -14 29 -22 -31 -32 -18 35 36 38 -35 42 -5 54 49 53 43 -38 45 46 47 48 -45 50 51 -41 -48 -42 55 -36 -37 -47 -24 -39 61 -49
right_child=1 4 3 8 5 10 -8 -9 -10 25 -12 13 27 14 -16 22 17 18 21 -21 28 -23 58 24 -26 -27 -28 -29 -30 30 31 -33 -34 34 39 56 37 59 -40 40 41 -43 -44 44 -46 57 52 60 -50 -51 -52 -53 -54 -55 -56 -57 -58 -59 -60 -61 -62 -63
leaf_value=-0.0017335727589643344 -0.00065512281451076825 0.00056813655146875088 -0.0023368295036712747 -0.0005610325203931441 0.0049204388204942169 0.0026554004041617766 0.0013930540263149326 0.012413665577790467 -0.0020460152791644004 0.001592884283644179 -0.0046622126283777437 -0.00092591230054009659 -2.0455794330062615e-05 0.003038740287984597 0.0013768010177592606 -0.0016790750636173886 0.0027513787024560916 0.0030283905411862067 -0.00073496870196602818 -0.0019684474032513606 -0.0010422639673520419 0.0059294963178177611 0.0025473232283207779 -0.002353298078483636 -0.00065930912016297577 -0.00031146015578413478 -7.4794365090025407e-05 0.0017885147876566644 0.0058639666959447697 -0.0014187610110741823 -0.00089064675540220242 0.0037782551315561092 -0.0012405886115382739 -0.0010474503331468642 -0.0023602016240526656 -0.0021606254744761548 0.0020184454397939784 -0.00036680965800242208 0.0026390651870635273 0.0012855600934806755 -0.0020431583581864104 -0.00089959186722862608 0.0034400444989203444 -5.2221582727078614e-05 0.0017436333640921621 -0.0020968773892938871 -0.0014837649910063098 0.00010784768865222442 0.0011454947338666352 0.0017273784945481794 -0.00087651255928207462 -0.002165770572516222 -0.00035291190848820857 -0.00061223277610648755 -0.0018208809092289697 0.0020497854809255422 -0.0014384291459166227 0.00096951514401918395 -0.0035559038749085753 -0.0018683339138920053 0.0021023284360936383 -0.0011072810205998444
leaf_weight=121.29108363389969 1516.7608653903008 119.02136391401291 183.01779925823212 659.15921068191528 396.38160020112991 227.92007559537888 352.20725440979004 249.10336232185364 60.743738532066345 108.80356574058533 23.013180434703827 385.30413317680359 4584.9044734835625 41.73326849937439 1485.4131406545639 347.80496275424957 299.64074087142944 99.459443271160126 168.93315762281418 86.419965863227844 402.94430339336395 28.062011301517487 136.79595392942429 74.848072826862335 196.75614994764328 44.882821381092072 829.41722369194031 480.69678771495819 141.56367999315262 90.413291752338409 100.84624111652374 282.28730779886246 25.136439859867096 450.55833637714386 27.385850489139557 129.1074823141098 153.84984624385834 161.01481854915619 39.679467439651489 83.192686319351196 358.70777106285095 349.14934629201889 66.107336103916168 55.774307608604431 75.752652227878571 38.108914911746979 153.88543450832367 98.272181391716003 78.800890803337097 35.250825047492981 1010.4167904257774 31.865305721759796 220.08344554901123 73.229663610458374 57.722055912017822 138.82570677995682 499.22684383392334 208.17789417505264 40.958663105964661 73.88269031047821 26.055347323417664 82.255931437015533
leaf_count=140 1631 114 168 698 485 213 330 252 40 113 19 472 4720 38 1881 293 258 75 135 48 459 21 111 57 191 34 687 475 137 80 100 232 25 562 25 100 127 118 38 86 264 438 45 37 76 25 100 79 47 31 947 30 240 51 41 135 492 175 35 53 21 54
internal_value=-0.000565331 0.00111355 -0.00377958 -0.00431793 0.00531907 0.00382468 0.00315 0.0120631 -0.00372864 -0.0035599 0.00172706 0.000303 -0.000572172 0.00175344 0.00239648 0.000692388 0.00244975 0.00733826 0.002172 -0.000716937 0.002194 -0.00300061 -0.00457673 -0.0116281 -0.00734461 0.00621258 0.000507708 0.000308401 0.000649414 -0.000714204 0.00285974 0.00540978 0.0120365 -0.00383724 -0.00300741 -0.00640183 -0.000403916 0.00125219 -0.00275379 -0.0053402 -0.00620081 -0.00959542 0.00274911 0.0019823 0.000677401 -0.000286956 -0.00245304 0.00212911 0.0104601 -0.00391154 -0.0044778 0.0051462 -0.00664599 -0.013358 0.00209962 0.00620637 -0.0104502 0.00598072 0.00231616 -0.00668223 -0.00327623 -0.00595539
internal_weight=19169 12590.9 6578.05 6104.55 2033.49 1665.37 473.498 368.125 5649.93 5589.19 1268.99 10557.4 6582.36 3975.08 3589.77 2104.36 1578.8 621.232 296.455 957.57 1245.97 196.995 525.56 454.622 271.604 153.686 871.15 5065.6 1018.05 876.491 473.547 383.134 324.777 5435.5 4108.33 1327.17 1942.58 1492.02 698.839 2165.75 1941.81 781.087 1257.12 1191.02 1037.17 961.414 715.128 341.159 134.575 1160.73 1125.47 115.058 373.969 431.937 223.934 166.212 628.334 246.287 177.755 234.898 206.583 180.528
internal_count=19204 12996 6208 5738 2091 1725 470 366 5322 5282 1240 10905 6826 4079 3607 1726 1287 514 231 773 1221 156 439 416 248 147 725 5195 1008 871 412 332 283 5135 3807 1328 1759 1197 736 2048 1847 753 1026 981 854 778 578 238 84 1094 1063 116 340 315 201 160 592 200 146 171 154 133
cat_boundaries=0 1 2 3 4
cat_threshold=196 357 2368 2880
is_linear=0
shrinkage=0.05


Tree=34
num_leaves=63
num_cat=4
split_feature=37 15 60 12 49 22 49 52 13 51 14 52 33 46 12 60 30 16 3 52 49 27 14 51 44 52 46 37 28 22 51 51 53 61 3 41 39 42 62 39 53 51 50 12 10 60 50 20 5 8 53 60 28 44 32 37 13 41 52 32 9 59
split_gain=37.7265 13.6043 10.9405 7.95052 7.60473 6.66085 6.62403 17.4209 6.38471 6.76469 6.03029 5.88957 5.81882 5.6706 5.49305 5.45828 5.51176 5.44897 5.29725 6.67885 8.08737 9.96262 5.27755 5.44823 5.32979 7.575 5.68863 5.57775 5.92728 5.14737 5.44452 5.11153 4.93534 4.84823 4.68333 4.58861 4.48765 4.49423 4.48248 4.44754 4.32413 4.26386 6.46951 5.29802 4.19157 4.16697 4.15146 4.82733 5.65371 4.12845 4.10988 5.57077 6.1267 4.22458 5.15564 5.31979 4.20006 4.0269 4.32736 3.93221 3.93029 3.92054
threshold=0.24238621443510058 -0.083829581737518297 0 -0.27904190123081202 0.25063030421733862 19.500000000000004 0.38383288681507116 0.36484922468662268 -0.0042800225783139459 0.69709023833274852 -0.0077372333034873 0.27488447725772863 0.094038970768451705 0.3062902987003327 0.21336401998996737 1 1.2280941605567934 -0.043194027617573731 0.51144039630889904 0.17764896154403689 0.23270576447248462 -0.073421888053417192 0.0041551031172275552 0.8212411403656007 0.53577250242233287 0.35591617226600653 -0.33608245849609369 0.12884347885847094 0.068785287439823165 12.500000000000002 0.53229716420173656 0.36737209558486944 0.21214859187603 3.5000000000000004 -0.26811607182025904 0.80494302511215221 1.2192882895469668 0.12009039893746377 9.5000000000000018 0.5690731704235078 -0.096957441419363008 0.63247704505920421 0.72045177221298229 -1.0000000180025095e-35 -0.237884946167469 2 1.0685450434684756 0.044377623125910766 0.76050731539726268 -0.027830004692077633 0.67399418354034435 3 0.50076350569725048 1.2359088659286501 0.22304731607437137 0.41701808571815496 0.0026576544623821978 1.2053748965263369 0.15766841173172 0.22089294344186786 -0.11359019204974173 0.098763294517993941
decision_type=2 2 1 2 2 2 2 2 2 2 2 2 2 2 2 1 2 2 2 2 2 2 2 2 2 2 2 2 2 2 2 2 2 2 2 2 2 2 2 2 2 2 2 2 2 1 2 2 2 2 2 1 2 2 2 2 2 2 2 2 2 2
left_child=2 3 12 -2 13 6 14 -8 9 10 -5 -6 32 22 50 16 -9 -17 19 39 -21 -22 24 -24 26 27 -4 28 35 -30 31 -31 -1 -27 57 -26 -10 -38 -12 -7 -20 43 -43 -28 -23 60 -44 48 -48 -15 51 59 53 -53 -55 -56 -52 -14 -59 -3 -11 -41
right_child=1 5 4 8 11 18 7 15 36 45 38 -13 34 49 -16 17 -18 -19 40 20 21 44 23 -25 25 33 41 -29 29 30 -32 -33 -34 -35 -36 -37 37 -39 -40 61 -42 42 46 -45 -46 -47 47 -49 -50 -51 56 52 -54 54 55 -57 -58 58 -60 -61 -62 -63
leaf_value=-0.0020475433050677616 0.013979921958007561 0.0034105446676530927 -0.0018381852102500916 0.0044484064680229392 0.0035745997015178346 0.0012987929297170271 0.014724581995352308 -0.0020045340370178108 0.0016751979761817138 -0.00072722772875701838 -0.0028589164963252691 -0.00033933607065611212 -0.0010704408733541652 0.00068003374157792659 0.0060085366379174637 4.4066796958953361e-05 0.0067321511270816183 0.0041781829800675296 -0.00062214916507160884 -0.0021669673547313364 0.0014176792212553275 -8.6459800236832196e-05 0.0015257160033895309 -0.0021678906721628042 0.00039764834070855968 -0.0030577079124963647 0.0013165635042828444 -0.00021774800402674728 -0.0021397591476874931 -0.00095065981797390971 -0.0012478771925120197 0.001903941521906959 0.00054960594619909021 -0.00022022996370758553 -0.00057899973529760011 -0.0014722698707721063 -0.00097394569079233277 0.010510576597284028 -0.00048591363891259957 -0.00018782402613054113 0.0022391632695502846 -0.0028918499469657659 0.0038228211815928901 -0.00014991868141215017 -0.0021341119493880427 0.0037902972862937146 -0.00092796841392492671 0.0034933055393042522 0.0011906769903009943 -0.0014826449251977736 -0.0036113690303197672 -7.7031465654020529e-06 -0.0013067915788080725 -0.0006555838281342625 0.0024599900799540291 -0.00099206314273917189 0.00037791455364890176 -0.0022748807359393121 0.00071579544153662332 0.00088342665551322539 0.0056094918337275031 0.0036685180651492275
leaf_weight=319.82069617509842 186.82358974218369 129.97595447301865 51.683832228183746 93.993070423603058 70.848812341690063 318.82627552747726 200.47328674793243 99.007878601551056 261.06321662664413 134.59748768806458 90.23509693145752 43.324187099933624 658.79134148359299 51.207696199417114 66.438968658447266 343.00076973438263 27.9671750664711 109.78699100017548 120.35530549287796 363.53389972448349 294.00805950164795 203.52263915538788 173.70454400777817 38.643125772476196 69.232310473918915 65.817803800106049 96.54107540845871 3539.7266557812691 144.58947432041168 40.362735271453857 95.185790538787842 35.114854693412781 22.399172723293304 34.268168270587921 2005.0368973016739 33.989552140235901 30.707739233970642 163.65982431173325 190.51505774259567 1338.5733007192612 369.27768218517303 23.567328333854675 68.658340573310852 497.37936854362488 311.7461718916893 222.18279671669006 41.588842570781708 41.477400183677673 33.696666657924652 378.40384382009506 54.916582643985748 2741.4284843206406 227.42040520906448 111.67044734954834 357.81925845146179 91.647589266300201 41.866665601730347 112.48072117567062 19.468821406364441 989.61184704303741 22.828588485717773 52.492991328239441
leaf_count=353 195 125 35 107 61 352 197 108 273 131 72 34 735 46 85 330 33 107 134 372 299 200 150 18 49 48 80 3230 90 25 57 27 27 42 2203 20 31 166 237 1441 390 14 42 483 311 200 32 23 26 294 56 2819 232 124 378 100 54 116 20 1082 19 64
internal_value=-0.0005074 0.00153725 -0.00291361 0.00612785 -0.00159107 0.000821515 0.00188006 0.00615489 0.00463869 0.00180764 -0.00294832 0.0111679 -0.00527925 -0.00185728 0.00118588 0.00175091 -0.00707692 0.00429986 -0.000932606 -0.00175053 -0.00465653 -0.00186574 -0.00139347 0.00631712 -0.00172789 -0.00248413 0.0018574 -0.00213895 -0.00760004 -0.0110074 -0.00508106 0.00489657 -0.0114591 -0.0160698 -0.00453951 0.00275866 0.00931548 0.015079 -0.00662765 0.00023993 0.00387204 0.00289818 0.00904089 0.000727109 -0.00606048 0.00651536 0.0121931 0.00638633 -0.00110132 -0.00737715 0.000984737 0.00119805 0.000214841 0.000763538 0.00471587 0.00710904 -0.00920192 -0.00780258 -0.0157978 0.00425336 -2.25006e-05 -0.000977915
internal_weight=19169 10362 8807.01 1396.61 5669.01 8965.37 5593.03 780.236 1209.78 754.352 374.743 114.173 3138 5554.84 4812.8 579.763 126.975 452.788 3372.34 2882.7 1172.81 809.277 5125.23 212.348 4912.88 4058.29 854.593 3958.2 418.475 315.253 170.663 75.4776 342.22 100.086 2795.78 103.222 455.431 194.368 280.75 1709.89 489.633 802.909 208.989 593.92 515.269 379.609 185.421 116.763 75.2855 429.612 4746.36 4649.57 3529.99 3302.57 561.137 449.467 96.7832 790.741 131.95 1119.59 157.426 1391.07
internal_count=19204 10824 8380 1431 4926 9393 5830 775 1236 766 416 95 3454 4831 5055 578 141 437 3563 3039 1182 810 4491 168 4323 3588 735 3498 268 199 109 52 380 90 3074 69 470 197 309 1857 524 700 137 563 511 350 123 81 58 340 4970 4860 3653 3421 602 478 110 871 136 1207 150 1505
cat_boundaries=0 1 2 3 4
cat_threshold=3336 2568 263 130
is_linear=0
shrinkage=0.05


Tree=35
num_leaves=63
num_cat=4
split_feature=35 8 37 41 22 60 46 40 6 52 38 35 13 41 12 49 39 60 48 11 14 60 8 49 5 6 52 43 46 13 14 40 44 53 50 43 48 15 53 46 51 38 16 47 49 43 49 9 34 0 44 12 18 49 37 42 14 9 22 22 5 61
split_gain=33.5444 12.0009 11.8523 7.17559 7.0591 6.92334 8.41336 7.04761 6.65624 6.02039 5.56671 5.5959 5.43404 7.55677 5.34321 5.31542 12.2486 5.1349 5.21887 4.90425 7.73667 5.22798 7.00223 4.86843 4.78356 4.77326 4.52126 4.41615 4.94995 5.36728 7.9288 4.91086 4.74435 5.75464 6.19413 4.59254 4.33739 4.28395 6.29248 6.20107 6.02459 5.75986 5.35915 5.21411 4.71344 4.80905 4.46623 4.80295 5.61505 4.37562 4.28273 4.43452 4.24262 4.31149 4.51172 4.13186 4.06134 9.83782 6.21478 4.96927 4.90224 5.23943
threshold=0.27362564206123358 -0.052612634375691407 0.12884347885847094 1.0000000180025095e-35 20.500000000000004 0 0.3062902987003327 1.0258027315139773 0.082573194056749358 0.35591617226600653 0.30551347136497503 0.20319105684757235 -0.0017979731201194225 0.99319964647293102 0.23807548731565478 0.38383288681507116 0.74469411373138439 1 0.83913114666938793 0.02786194067448378 0.0044842958450317391 2 0.068597055971622481 0.44731660187244421 1.604027330875397 0.052342090755701072 0.10447174683213235 0.085812177509069457 -0.53647911548614491 0.00056566591956652712 5.464147943712306e-05 1.1660317778587344 0.62457048892974865 -0.053915262222290032 0.25822016596794134 0.045413713902235038 0.48033365607261663 0.013967820443212988 -0.044622186571359627 -0.09200714528560637 0.57250490784645092 0.18329481780529025 0.042845614254474647 1.4792692065238955 0.091666005551815047 0.18110491335392001 0.11880695819854738 0.0056837452575564393 0.2014487758278847 0.0074400859884917745 0.65789395570755016 -0.033323451876640313 3 0.27245976030826574 0.22981960326433185 0.079749934375286116 -0.0053829690441489211 -0.099455863237380968 24.500000000000004 8.5000000000000018 -2.0212744474411006 4.5000000000000009
decision_type=2 2 2 2 2 1 2 2 2 2 2 2 2 2 2 2 2 1 2 2 2 1 2 2 2 2 2 2 2 2 2 2 2 2 2 2 2 2 2 2 2 2 2 2 2 2 2 2 2 2 2 2 1 2 2 2 2 2 2 2 2 2
left_child=2 17 3 -1 14 52 8 -8 9 12 11 -10 13 26 15 24 -17 18 -2 20 37 -21 -23 -18 55 -11 -7 28 -5 31 -31 50 33 -32 -35 -33 -6 39 40 42 -39 49 46 44 -43 -46 -14 -48 -49 -41 -30 -52 -4 -54 -55 -3 59 60 -59 -19 -58 -62
right_child=1 4 5 27 36 6 7 -9 10 25 -12 -13 19 -15 -16 16 23 56 -20 21 -22 22 -24 -25 -26 -27 -28 -29 29 30 32 35 -34 34 -36 -37 -38 38 -40 41 -42 43 -44 -45 45 -47 47 48 -50 -51 51 -53 53 54 -56 -57 57 58 -60 -61 61 -63
leaf_value=0.00036536186100929563 -0.00010196304728960215 0.0037090279581113274 -0.00041832024552160979 -0.0018913101971501586 0.00044290980478632895 0.0039946022335797917 -0.0014401417454386464 0.00037283433767541969 0.00060774084053473324 -0.0032708275181712685 0.0029965390044546835 -0.00010426308486358865 -0.00096303082093629206 -0.0012216829735795043 0.0057081098060215918 -9.3347264809651176e-05 0.016116793462912671 0.00079894033735073984 0.0075502841489934469 -0.00078171484121084044 0.003086671410425343 0.00051302848515842462 -0.0015698489004269704 0.0015151851822628015 0.002384519389498763 -0.00019522067003372042 0.00049131806214168245 -0.0019035957182883237 -0.003070305493200246 -0.0020566891056704897 -0.00272389585507909 0.00084612040206437161 -0.001217959520392828 -0.00085634495551581706 0.0008074949415194044 -0.0014929072846452162 -0.00056528131327710928 -0.00069474902878909625 -0.00035879295410042511 0.00073353220573234507 -0.0021592331041329271 -0.0017188785442575794 -0.0016898649968188116 0.0020320408559456049 2.7032891049963426e-05 -0.0032244706601848114 -0.00079038433473114426 0.0011617160114888046 -0.00019393089813354305 -0.00029168175840240117 -0.0018504434143848504 0.00071063236435743788 -0.0011094089858451198 0.0049641249164772625 -0.0011841240465025064 0.00013548729339598608 0.0091497078443405575 0.0054449060377859022 -1.14592255717888e-05 0.0067240790945961226 -0.0015573371194016724 0.0026745473644894549
leaf_weight=192.37530785799026 446.55621641874313 91.982344210147858 823.42746984958649 54.474121749401093 763.43361806869507 100.82348757982254 464.5749676823616 138.07859349250793 204.15347868204117 104.22638553380966 175.3540021777153 607.50883817672729 426.87884652614594 232.43399184942245 41.052291214466095 327.27911818027496 175.80702382326126 108.71235966682434 49.076145887374878 417.04858762025833 50.656297266483307 700.08225476741791 126.75597333908081 133.18231111764908 127.28735971450806 120.90233337879181 603.92776668071747 240.55163151025772 30.569233894348145 99.777050852775574 29.621586441993713 29.625475943088531 233.17514741420746 51.703729212284088 74.64558732509613 120.3904373049736 1427.2473180294037 233.82478284835815 720.63531595468521 282.01144647598267 222.34623169898987 146.40472227334976 149.31077420711517 66.630619704723358 812.26700448989868 34.934102118015289 284.58256471157074 107.53090399503708 168.15672719478607 57.683444261550903 27.852974236011505 134.16450208425522 1152.2996655702591 31.90544581413269 42.314550518989563 3305.5402936935425 41.765697598457336 275.47544461488724 90.032335698604584 361.57308441400528 213.26874136924744 99.246243417263031
leaf_count=195 480 101 1010 39 924 103 383 119 167 91 174 542 420 212 50 324 176 115 55 439 48 589 89 133 126 106 583 209 22 86 20 31 208 57 49 107 1426 237 674 202 185 147 142 63 733 34 268 89 148 44 24 119 1425 39 54 3524 38 291 88 354 178 129
internal_value=-0.000506158 0.00194596 -0.00228666 -0.00673785 0.000955389 -0.00168762 -0.000998941 -0.00667412 -0.000521679 -0.00113216 0.00328923 0.00153616 -0.00082722 0.00266504 0.00215548 0.00197679 0.00618449 0.00569933 0.00128941 -0.00148183 -0.00238178 0.00123729 0.00352032 0.0133231 0.00121568 -0.00915847 0.00524685 -0.00826268 -0.00661963 -0.00565325 -0.00901644 -0.000837865 -0.00577172 0.000949243 0.00563236 -0.00763004 -0.00134431 -0.00264791 -0.00514282 -0.00148822 -0.00974084 0.000736251 -0.00423262 -0.00107519 -0.00198799 -0.000549689 -0.00289005 3.6911e-05 0.00474838 0.00640339 0.00442818 0.00768676 -0.0042662 -0.006152 0.00548551 0.00085739 0.00745798 0.00514554 0.0109002 0.0111433 -0.000778818 -0.00294379
internal_weight=19207.1 8078.52 11128.6 1318.93 6392.81 9809.67 7759.72 602.654 7157.07 6170.05 987.016 811.662 5944.93 937.185 4202.13 4161.08 636.268 1685.71 495.632 5007.74 3763.85 1243.89 826.838 308.989 3524.81 225.129 704.751 1126.55 886 831.526 488.923 342.603 389.146 155.971 126.349 150.016 2190.68 3713.2 1176.81 2536.39 456.171 1399.93 1136.46 1060.24 993.606 847.201 987.149 560.27 275.688 339.695 192.587 162.017 2049.95 1226.52 74.22 3397.52 1190.07 719.788 365.508 470.285 354.281 312.515
internal_count=19237 8512 10725 1166 6784 9559 7031 502 6529 5646 883 709 5449 898 4434 4384 633 1728 535 4551 3434 1117 678 309 3751 197 686 971 762 723 420 303 334 126 106 138 2350 3386 1096 2290 422 1223 1067 977 914 767 925 505 237 246 165 143 2528 1518 93 3625 1193 724 379 469 345 307
cat_boundaries=0 1 2 3 4
cat_threshold=3840 1292 76 4
is_linear=0
shrinkage=0.05


Tree=36
num_leaves=63
num_cat=1
split_feature=35 15 37 22 41 52 49 20 17 16 31 10 51 28 12 1 30 49 1 22 22 1 16 31 20 52 13 14 41 43 14 14 10 5 5 51 53 11 34 52 53 53 10 10 28 19 51 22 49 35 15 22 52 14 20 45 47 34 36 48 48 10
split_gain=30.5221 11.8184 10.749 7.19358 6.74141 6.64223 9.86711 8.59387 6.67671 5.97793 5.85308 6.21658 6.45369 5.7615 5.7125 6.70186 6.28906 6.15012 5.53695 5.27649 7.05073 5.21453 4.92227 4.85005 6.57809 7.61626 4.64937 5.43564 5.06677 6.12199 4.96563 4.82639 6.13654 4.61562 4.4385 5.068 5.73828 4.60672 4.43305 4.40867 4.3613 5.32802 5.93892 7.47936 5.0918 5.02801 4.29497 5.92863 4.27948 5.32869 4.22333 4.17398 4.09859 4.06925 4.01789 4.00547 5.17664 3.94626 3.88841 3.87064 3.86486 3.73729
threshold=0.27362564206123358 -0.083829581737518297 0.12884347885847094 20.500000000000004 1.0000000180025095e-35 0.35616774857044226 0.17677643150091174 0.042366972193121917 78.665336608886733 -0.050332730636000626 0.18080206215381625 -0.42473578453063959 0.60013854503631603 0.31266424059867864 -0.27904190123081202 -0.16684319078922269 0.33134669065475469 0.46997508406639105 0.49907910823822027 23.500000000000004 19.500000000000004 -0.050490966066718095 -0.12038797885179518 0.19298192113637927 0.034032706171274192 0.11045807600021364 0.00056566591956652712 0.0021173998247832064 0.57987165451049816 0.085296019911766066 5.464147943712306e-05 0.00080592581070959579 0.15678083151578906 -0.4797555655241012 0.87324276566505443 0.5869717299938203 0.21718597412109378 0.060548923909664161 0.20757523924112323 0.17715633660554889 0.34412896633148199 -0.085521515458822236 0.12143900617957117 0.2591060101985932 0.16953069716691974 0 0.40299247205257421 19.500000000000004 0.26601912081241613 0.24204471707344058 -0.0049251264426857224 12.500000000000002 0.091452784836292281 0.00020660999143728989 0.10569052770733835 -0.050452319905161851 1.0855631828308108 0.34154784679412847 0.25069096684455877 -0.21227316558361051 0.48257011175155645 -0.39707662165164942
decision_type=2 2 2 2 2 2 2 2 2 2 2 2 2 2 2 2 2 2 2 2 2 2 2 2 2 2 2 2 2 2 2 2 2 2 2 2 2 2 2 2 2 2 2 2 2 1 2 2 2 2 2 2 2 2 2 2 2 2 2 2 2 2
left_child=2 14 4 21 -1 6 7 9 10 22 50 -12 38 34 33 16 -16 19 -14 20 -17 55 -4 24 26 -26 27 28 -6 -30 -28 32 -32 -2 35 39 37 -37 -13 46 41 42 52 45 -45 -44 51 -48 -7 -50 -8 -9 -11 -24 -21 -3 -57 -23 -15 -42 -5 -62
right_child=1 3 5 60 23 48 8 13 -10 40 11 12 18 58 15 17 -18 -19 -20 54 -22 57 53 -25 25 -27 30 -29 29 -31 31 -33 -34 -35 -36 36 -38 -39 -40 -41 59 -43 43 44 -46 -47 47 -49 49 -51 -52 -53 -54 -55 -56 56 -58 -59 -60 -61 61 -63
leaf_value=0.00034709376795882948 0.014310051729284913 0.00097766971122160875 -0.0010527081897454659 0.00042076431454701193 -0.001440841094994542 -0.0026702835457288188 0.0010631997771811106 -0.00025591145656843095 0.003040049230846787 0.0015482138192616083 -0.0017453196629903648 0.0032353703319207769 0.0030238861019470775 2.5645157623255257e-05 0.0042108234468393587 0.0015805907061630904 -0.00078712657866540083 0.025608036272597431 -0.00063447317410540304 -0.00029726851835680588 0.010723606879718987 0.00039635209140905111 -0.00029541911613915249 -0.0015854507162488833 0.00069688545701510106 -0.0018913755539676476 -0.0022861675212379555 0.0033242178959850379 0.00016758296004906542 -0.0021798569516952265 0.00016496159428638912 -0.0013326190680710394 -0.0015829115624857234 -0.00193785258299235 -0.0004814814482115959 0.00033358031661740568 0.0030132667865734823 0.0018676798759193237 -0.00018034117209083658 -0.0026645961964507623 0.00042552337299064241 -0.00025733255779752966 -0.0014535940796396322 4.246779171756475e-05 -0.0015050198004229562 0.0010207576295279256 0.00028049997352574789 -0.0015512372607001876 0.00096183156900556815 -0.0016004011256578203 -0.0014590216540130846 0.0019349869887412621 -0.0010940988421226081 0.0008926360915760145 0.0061884688004185994 -0.00043969691744777666 0.0005384711036899054 0.0019407731256139732 -0.00168790527965145 -0.0014474711533710358 0.0012052968835544438 -0.00068622851921766668
leaf_weight=192.37530785799026 155.55607867240906 782.25393855571747 42.825560092926025 779.5017963051796 85.649489164352417 174.4940550327301 55.179331481456757 121.77280586957932 76.345135629177094 22.074094831943512 38.74387800693512 87.736153125762939 200.60449981689453 104.83278757333755 59.194060087203979 269.25131511688232 376.06240081787109 65.768456995487213 48.944608271121979 209.23009938001633 136.3642914891243 855.64828979969025 504.49192816019058 149.63961654901505 68.309249639511108 27.842841684818268 92.867620170116425 23.627460598945618 206.09207099676132 85.027876198291779 95.124954760074615 271.32206648588181 21.048231720924377 35.370222508907318 378.15161681175232 450.67506283521652 71.804007828235626 35.175416231155396 348.35487025976181 43.471040487289429 29.084953844547272 3482.3513841032982 55.117600083351135 56.055908918380737 84.89582484960556 241.42508524656296 295.88697242736816 170.79529875516891 81.134502112865448 82.60171902179718 112.45706468820572 214.67084324359894 1173.6732291579247 315.06710946559906 20.925238609313965 1197.8216989040375 618.24096816778183 1029.468524813652 111.73986119031906 497.03736698627472 117.65009444952011 1370.2104724645615
leaf_count=195 157 838 42 941 69 170 64 127 64 24 28 102 156 92 61 278 401 64 44 215 133 922 520 106 61 22 82 14 200 84 91 224 18 38 361 354 55 23 377 41 33 3430 62 44 62 230 298 176 78 77 123 235 1153 298 19 1274 609 1071 107 509 117 1374
internal_value=-0.00052635 0.00181267 -0.00222475 0.000963629 -0.00646381 -0.00165424 -0.00140769 -0.00195268 0.00337236 -0.00283408 0.00215038 0.00410295 0.00521014 0.000912648 0.00612547 0.00477393 -8.87651e-05 0.00779761 0.0116241 0.00627873 0.00970952 0.00212474 0.00103847 -0.00794184 -0.00664793 0.00573488 -0.00800593 -0.00400608 -0.0054769 -0.00230954 -0.011328 -0.00881343 -0.000240965 0.0141398 0.00185064 0.00314712 0.00684871 0.0048829 0.00152652 0.000702443 -0.00342693 -0.0029794 -0.00533721 -0.000340444 -0.00982952 0.00415481 0.00154826 -0.00154783 -0.0085411 -0.00269456 -0.00625461 0.0058569 -0.00716104 0.00190814 0.000209155 0.000669965 -0.000616131 0.00412712 -0.00678132 -0.00776745 -0.00133012 -0.00282541
internal_weight=19207.1 8078.52 11128.6 6750.8 1318.93 9809.67 9471.44 8503.08 968.366 6504.1 892.02 724.384 685.64 1998.98 1327.72 1136.8 435.256 701.539 249.549 635.771 405.616 4483.43 862.385 1126.55 976.912 96.1521 880.76 400.397 376.769 291.12 480.363 387.495 116.173 190.926 1782.4 1404.25 557.654 485.85 436.091 846.597 5641.72 5115.59 1633.24 437.494 140.952 296.543 803.126 466.682 338.23 163.736 167.636 336.444 1195.75 819.559 230.155 2598.32 1816.06 1885.12 216.573 526.122 2267.36 1487.86
internal_count=19237 8512 10725 7146 1166 9559 9234 8276 958 6407 894 707 679 1869 1366 1171 462 709 200 645 411 4714 860 971 865 83 782 367 353 284 415 333 109 195 1670 1309 432 377 479 877 5547 5005 1575 398 106 292 836 474 325 155 187 362 1177 818 234 2721 1883 1993 199 542 2432 1491
cat_boundaries=0 1
cat_threshold=1
is_linear=0
shrinkage=0.05


Tree=37
num_leaves=63
num_cat=3
split_feature=35 15 60 46 40 6 36 49 49 3 37 50 33 33 28 50 43 14 42 9 14 20 3 33 60 60 15 51 39 44 64 41 44 22 42 30 40 26 32 22 13 40 15 45 43 3 34 29 22 44 15 16 8 16 44 45 38 38 3 6 45 40
split_gain=28.0641 10.8764 10.5071 6.97431 8.21083 6.38963 6.08479 5.98965 6.39915 5.85234 5.304 6.06757 5.94171 5.29288 5.27403 5.34132 6.50851 6.24098 5.99826 7.29342 5.52248 5.17907 5.111 5.10652 5.07602 5.039 5.90288 4.93058 4.77768 4.67819 4.36096 5.36122 4.31572 4.77968 4.49346 7.94261 5.92254 4.27466 4.2569 4.25158 4.7363 4.24448 4.15907 4.27439 5.26268 4.01098 3.87031 3.86559 3.82549 5.07767 3.78884 3.73546 5.93319 4.19894 4.22093 4.12796 3.73186 3.71139 3.71129 3.62962 4.20832 5.25215
threshold=0.27362564206123358 -0.11913243681192397 0 0.3062902987003327 1.0258027315139773 0.074570942670106902 0.30286504328250891 0.48177772760391241 1.4074195623397829 -0.040798919275403016 0.20874588936567309 0.90941539406776439 0.16676098108291629 0.094038970768451705 0.14485739916563037 0.69812265038490307 0.061313582584261901 -0.0036149884108453985 0.08943627774715425 0.0135753620415926 0.00088018190581351529 0.0096314954571425932 -0.39967396855354304 0.91355228424072277 1 2 0.10596228763461114 0.59241518378257763 0.88035196065902721 0.38917671144008642 1.5455212593078616 0.48177385330200201 1.4781264662742617 14.500000000000002 0.084189064800739302 0.14602842926979068 1.0825788974761965 0.0089254863560199755 0.224118746817112 20.500000000000004 -0.0074855380225926629 1.5246465206146242 0.013967820443212988 0.021080887876451019 0.080092441290617003 -0.38889887928962702 0.18913682550191882 0.1092839688062668 23.500000000000004 3.4957171678543095 0.033091403543949134 0.12391134351491929 0.050656696781516082 -0.042189974337816231 1.1877684593200686 0.1506592854857445 0.20857746899127963 0.24687716364860537 0.38919463753700262 0.027760765515267852 -0.23507326096296308 1.1660317778587344
decision_type=2 2 1 2 2 2 2 2 2 2 2 2 2 2 2 2 2 2 2 2 2 2 2 2 1 1 2 2 2 2 2 2 2 2 2 2 2 2 2 2 2 2 2 2 2 2 2 2 2 2 2 2 2 2 2 2 2 2 2 2 2 2
left_child=2 7 13 5 -5 14 10 22 -9 25 11 12 -7 41 15 20 18 -18 19 -17 32 24 -2 39 -19 26 30 -21 58 -27 31 -3 34 -34 -4 -36 38 -10 47 -11 -41 -1 43 -23 -45 -30 -38 -37 49 -24 -13 52 53 54 -16 -54 -14 -32 -12 -55 61 -61
right_child=1 9 3 4 -6 6 -8 8 37 23 28 50 56 -15 51 16 17 21 -20 27 -22 42 48 -25 -26 29 -28 -29 45 -31 57 -33 33 -35 35 36 46 -39 -40 40 -42 -43 -44 44 -46 -47 -48 -49 -50 -51 -52 -53 55 59 -56 -57 -58 -59 -60 60 -62 -63
leaf_value=-0.0018048927185561406 -0.0026686089585788333 0.0049164461314866077 0.00041245937354434287 -0.001324527789603765 0.00071927094833237881 0.0013917521923377564 0.0027609839807055908 0.013585353143504134 -0.0042418836077332883 0.0011779854474789409 0.00050103762266728153 0.00042037799004165797 -0.0032503064104131398 -0.0007417533634880263 -0.00084708106273451004 -0.0010989700628085814 -0.0041531276443489027 -0.00084639534507530915 -0.0017005300727134605 -0.00099258075299401833 0.0010633634693821227 -0.00063312710756839726 0.0045425366484401581 0.0089286301158325448 0.00094091461712248424 -0.0022395931218489348 0.0024106353765001726 0.0012231737185190302 -0.0023012594090410887 -0.00022345597261391183 0.00071635035148397835 0.00061545539004121829 0.00045051779285483349 -0.0023678588386799775 -0.0016618746206813002 -7.665646241432827e-05 0.0017009846690016666 0.006975681195538575 0.0026504693453891061 0.0037046109605673896 -0.00011294120414888642 0.0023622399489354601 -0.0012815659408300026 -0.0006982175079321872 0.0018483727825702194 -0.0004271836611662772 -0.0016270760939084237 -0.0021949278306631682 5.1296090884692118e-05 -0.0020101007676051282 0.003142767832164107 -0.0013531687537804594 0.00027688947950831321 0.00049269395210401812 0.00091373999055529014 0.0017254550210690875 -0.00039975641759086859 -0.0003459533306319009 -0.0014297688104018089 -0.0023189773218776537 -0.00019038191307578224 0.00059215991473910161
leaf_weight=289.64224678277969 73.880557537078857 73.008319079875946 249.98615652322769 496.90254324674606 152.37496209144592 44.180259644985199 234.84593576192856 222.91948813199997 36.424263536930084 2018.1213227510452 390.12241679430008 122.68550395965576 32.53985458612442 1996.1894087195396 152.67756801843643 78.119941890239716 46.074255466461182 116.47598159313202 128.60826671123505 35.356763482093811 155.37379086017609 663.42121881246567 293.24291163682938 68.680052280426025 193.76221811771393 86.002789556980133 198.32371121644974 45.961778521537781 58.747558116912842 2195.457335293293 28.44997775554657 590.40585309267044 31.77209734916687 49.742152094841003 63.022488534450531 24.869678258895874 77.108064830303192 26.080622017383575 51.040668129920959 41.723974466323853 1038.8673033714294 28.467713475227356 441.87569618225098 37.495585858821869 57.868440747261047 381.9890324473381 29.799137651920319 91.728684484958649 194.38725084066391 23.663132905960083 84.857202410697937 79.167045533657074 232.61525422334671 430.94955986738205 384.01742744445801 37.07919055223465 54.90099960565567 868.87908166646957 32.979747474193573 116.87883317470551 2564.6444405317307 59.680591702461243
leaf_count=326 80 91 241 408 138 37 239 223 34 2119 350 101 22 2405 150 53 39 108 100 26 156 572 308 77 182 87 231 28 55 2164 19 724 30 47 63 21 86 28 59 36 1108 35 371 25 44 343 36 78 200 21 61 68 208 379 361 33 56 962 31 98 2389 67
internal_value=-0.000526503 0.00171635 -0.00215509 -0.00136125 -0.00635136 -0.000965422 0.00205839 0.00699596 0.0129413 0.00107787 0.000616511 0.00591694 -0.00244876 -0.00514805 -0.00161249 -0.00333881 -0.00483381 -0.00355142 -0.0117445 -0.0052164 9.79825e-07 -0.00299398 0.00408582 0.00268709 0.00275429 -0.000182401 0.00182175 0.00521654 -0.00145922 -0.00173026 0.000795858 0.00387146 -0.00196522 -0.0127414 -0.000459769 -0.0042298 -0.000533912 -0.00112131 -0.00641422 0.00238602 -0.000140566 -0.011169 -0.00448355 -0.00222836 0.00764756 -0.00510554 0.00863753 -0.0116966 0.00586793 0.0092549 0.0112451 -0.000475502 -0.000260077 -0.000782035 0.0033048 0.00689701 -0.0100285 -0.0014726 0.00232757 -0.00147514 -0.00214678 -0.00961699
internal_weight=19207.1 8078.52 11128.6 8814.3 649.278 8165.02 1437.85 870.598 285.424 7207.92 1203 339.164 131.621 2314.3 6727.17 2669.46 1845.02 1556.97 288.047 159.438 824.443 1510.9 585.174 3167.39 310.238 4040.53 1759.07 81.3185 863.839 2281.46 1560.74 663.414 669.069 81.5142 587.555 337.569 274.546 62.5049 167.639 3098.71 1080.59 318.11 1200.66 758.785 95.364 440.737 106.907 116.598 511.293 316.906 207.543 4057.71 3978.54 3708.85 536.695 269.694 87.4409 897.329 423.102 3172.15 2741.2 176.559
internal_count=19237 8512 10725 7959 546 7413 1295 894 285 7618 1056 277 115 2766 6118 2365 1548 1341 207 107 817 1302 609 3340 290 4278 2027 54 779 2251 1796 815 661 77 584 343 280 62 158 3263 1144 361 1012 641 69 398 122 99 529 329 162 3753 3685 3444 511 241 78 981 381 2933 2554 165
cat_boundaries=0 1 2 3
cat_threshold=3328 10 135
is_linear=0
shrinkage=0.05


Tree=38
num_leaves=63
num_cat=3
split_feature=35 15 60 52 22 37 47 60 64 32 39 35 46 13 9 22 32 50 46 43 3 31 52 43 6 35 5 62 52 52 52 50 15 3 46 11 31 39 52 22 44 27 12 15 1 51 62 12 12 52 50 50 13 32 19 51 52 20 51 1 6 62
split_gain=23.7608 9.3238 8.83038 9.90895 8.28011 8.07536 5.77045 5.33191 5.33841 6.24443 5.76206 5.3095 5.2809 5.22122 5.42773 6.84468 4.87308 4.76794 6.27517 10.7843 4.76336 4.7495 4.63527 4.44937 4.84647 5.60746 5.81382 4.57752 4.50591 5.20172 4.71938 4.98602 4.49662 4.59197 4.44107 4.27622 4.2697 4.20628 4.15036 4.10165 4.93101 4.54122 3.88573 4.12303 3.88566 3.88308 3.87973 4.29982 4.97977 3.83796 3.77905 3.75098 3.52531 3.49513 3.45601 3.60911 3.68103 3.94315 3.4429 3.65818 5.23482 3.70839
threshold=0.27362564206123358 -0.11913243681192397 0 0.091452784836292281 15.500000000000002 0.12884347885847094 0.48145698010921484 1 1.5455212593078616 0.22858909517526629 0.88506340980529796 0.10815431550145151 0.38310323655605322 -0.002794489148072898 -0.22941832989454267 18.500000000000004 0.38042196631431585 0.56670400500297557 -0.38214705884456629 0.045413713902235038 -0.040798919275403016 0.44715185463428503 0.10859649628400804 0.047967119142413146 0.074570942670106902 0.21664769947528842 -0.54965287446975697 9.5000000000000018 0.27747285366058355 0.2169860973954201 0.37356825172901159 1.2295631766319277 -0.015263994224369524 -0.60622572898864735 -0.11341090500354765 0.011251214891672136 0.50390121340751659 0.72112441062927257 0.1788681894540787 16.500000000000004 0.32034735381603247 -0.19880107045173642 0.013187423348426821 0.050242856144905097 -0.89043658971786488 0.5869717299938203 2.5000000000000004 0.071220111101865782 -0.042468447238206856 0.35681150853633886 1.1406354308128359 1.0879078507423403 0.0055523966439068326 0.18450326472520831 2 0.37778936326503759 0.13611751794815066 0.059967955574393279 0.15141404420137408 -1.0585370659828184 0.030912905000150207 4.5000000000000009
decision_type=2 2 1 2 2 2 2 1 2 2 2 2 2 2 2 2 2 2 2 2 2 2 2 2 2 2 2 2 2 2 2 2 2 2 2 2 2 2 2 2 2 2 2 2 2 2 2 2 2 2 2 2 2 2 1 2 2 2 2 2 2 2
left_child=2 13 11 4 42 17 -6 8 9 -3 16 -1 23 14 15 -2 -10 22 -19 -20 39 -18 -5 -7 28 26 27 -26 29 32 31 -30 33 -25 -23 -13 54 49 58 40 -9 -41 -4 -44 -12 -28 -14 48 -48 -27 -17 -36 -37 -21 55 -11 -57 -58 -34 60 -60 -61
right_child=1 7 3 5 6 12 -8 20 10 36 44 35 46 -15 -16 50 21 18 19 53 -22 34 -24 24 25 37 45 -29 30 -31 -32 -33 38 -35 51 52 -38 -39 -40 41 -42 -43 43 -45 -46 -47 47 -49 -50 -51 -52 -53 -54 -55 -56 56 57 -59 59 61 -62 -63
leaf_value=-0.0013010299322739978 -7.609736102188181e-05 0.0070843458009115599 -0.0013837772089866337 0.00024116646069438782 0.00094371130165834735 -0.00088832576631312778 0.0026191272383535012 -0.0043989551490971491 0.00095478954770717166 0.0037421867361815855 -0.0023958394629908634 -0.0010267605617439294 -0.0028809526873321144 0.0083860660843933683 0.00018683863184991835 0.01324821035201742 -0.003109329284383908 -0.0015796086010527463 0.00038778336166706782 -0.0013374635286398481 0.00052962576957004488 0.00093547489932423178 -0.0021526620435584364 -0.0011876168920655424 -0.0025447262917973035 0.0011688340566209045 0.00027494899611310851 0.00050274205250307462 -0.0020804755292781665 0.002100495375791421 0.00010458322631873025 0.00088345759975504568 0.0012238108349420019 0.00017928418546259291 -0.001659183969485542 2.3679063415044112e-05 0.0056144623985098646 -0.00034609185981136482 -0.0025041207528526512 0.00018170886753924589 0.00025323608988106483 -0.00086626731006602959 0.0012276240109108758 -0.0023636926980530491 0.0016889268257963747 0.0030061041514100693 0.00039647918715751272 0.0020682184282317106 -0.0013058946109805556 -0.0012928788836567408 -6.8358467832263514e-05 0.00053403884109431976 -0.0019112291774297061 -0.00037680464346748395 -0.00087888441996870903 -0.00069206384200903859 0.0037810636454282233 -0.00054840531591729695 0.001517937147543472 -0.00074502078135153121 -3.5137206345960127e-05 -0.00027566101565470097
leaf_weight=372.38452637195587 117.11086040735245 89.846384108066559 99.1166632771492 46.135942459106445 225.29094469547272 109.9198232293129 151.44867420196533 32.512283504009247 163.23899590969086 142.51855421066284 41.493559837341309 1276.7375541329384 99.625202655792236 138.89378619194031 411.27714204788208 174.57948619127274 111.25918608903885 81.347677052021027 39.919810056686401 209.00113046169281 2321.3601507544518 80.506535232067108 35.27128940820694 77.575086295604706 32.118757009506226 271.39038836956024 194.38446253538132 31.235442578792572 225.56607419252396 183.83110910654068 39.742655217647552 43.177587330341339 102.55093520879745 1472.618186712265 83.138849556446075 617.60042458772659 299.12743252515793 576.04813742637634 90.603556871414185 395.29639148712158 1531.6861578226089 941.65851193666458 94.219195902347565 28.075900673866272 452.90902978181839 199.29022866487503 36.737637221813202 24.806333243846893 247.12127244472504 36.75046581029892 28.736951768398285 38.719601511955261 47.576863884925842 139.29819148778915 223.73745822906494 148.09488266706467 69.36049622297287 41.455259144306183 77.008707761764526 1134.4130088090897 301.18890523910522 2057.4696096777916
leaf_count=415 119 113 99 35 211 91 136 31 169 180 37 1558 51 152 419 175 109 47 21 122 2420 75 29 78 24 265 186 37 200 166 30 43 102 1390 84 738 379 550 80 402 1576 973 92 20 424 141 34 26 234 30 29 35 55 90 284 187 87 53 63 671 272 2293
internal_value=-0.000504913 0.00155879 -0.00200346 -0.00127555 0.00493356 -0.0017298 0.00944549 0.000967591 0.00316558 0.00571914 0.000526431 -0.00474741 -0.0013087 0.00644712 0.00474889 0.00962831 -0.00338867 -0.00757788 -0.00951716 -0.00684913 0.000124694 -0.00703985 0.00354475 -0.000996545 -0.000842166 0.00186505 0.00636193 -0.00764489 -0.00146846 -0.00113734 -0.00735059 -0.00973753 -0.00142425 0.00083961 -0.00244542 -0.00371478 0.00448754 -0.000454151 -0.00235814 -0.00122476 0.000510585 -0.0032587 -0.00272187 0.00320964 0.00431267 0.00863012 -0.006843 -0.00404939 -0.00580829 0.00425355 0.0151723 -0.00848121 -0.000455823 -0.00968056 0.00212586 0.00490539 0.00136461 0.00826692 -0.0020955 -0.00235608 0.0022858 -0.0029077
internal_weight=19207.1 8078.52 11128.6 8814.3 598.151 8216.15 376.74 7207.92 1985.41 1014.14 971.266 2314.3 7665.17 870.598 731.704 320.427 476.863 550.974 469.567 388.219 5222.51 313.624 81.4072 7256.88 7146.96 1341.22 457.029 63.3542 5805.75 5497.26 308.486 268.744 5313.43 1550.19 202.365 1941.91 924.294 884.189 3763.23 2901.15 1564.2 1336.95 221.412 122.295 494.403 393.675 408.29 308.665 283.859 308.141 203.316 121.858 665.177 348.299 625.167 401.429 258.911 110.816 3672.63 3570.08 378.198 3191.88
internal_count=19237 8512 10725 7959 558 7401 347 7618 2216 1283 933 2766 7057 894 742 323 472 344 280 233 5402 303 64 6712 6621 1233 388 61 5388 5115 273 243 4949 1468 194 2351 1170 845 3481 2982 1607 1375 211 112 461 327 345 294 268 295 204 119 793 212 791 507 327 140 3401 3299 335 2964
cat_boundaries=0 1 2 3
cat_threshold=3328 130 4
is_linear=0
shrinkage=0.05


Tree=39
num_leaves=63
num_cat=1
split_feature=36 8 50 44 3 44 42 34 52 11 41 46 62 43 52 52 43 52 22 14 0 17 9 38 43 41 42 46 15 43 12 53 37 5 48 44 62 22 28 52 40 40 42 62 14 42 48 5 41 45 42 62 42 44 50 52 15 53 38 14 18 52
split_gain=22.9251 10.1297 8.14299 8.34006 5.64825 5.4216 6.44252 8.04256 6.41322 7.7531 6.72307 5.56193 6.07639 5.55781 5.22451 5.13566 5.44435 5.05784 4.98859 10.2154 5.84252 5.00579 11.3209 5.47625 8.28195 4.97091 4.87971 5.66501 6.13427 4.77233 4.98337 4.74504 4.71739 4.47855 5.11301 6.01297 6.62286 5.78608 5.51199 4.77944 4.4763 4.41954 4.27689 4.24818 4.49264 7.33828 5.22869 8.27112 6.59374 4.1888 4.14913 5.9629 4.2972 4.14584 4.10338 6.65046 4.90468 6.20226 3.97142 3.95082 3.94484 6.31972
threshold=0.21709516644477847 -0.052612634375691407 1.662858307361603 0.23830475658178332 0.34579527378082281 0.33182197809219366 0.11866180598735811 0.16008093208074572 0.12824487686157229 -0.011422523297369478 1.0142990946769717 -0.069922115653753267 20.500000000000004 0.089040204882621779 0.096777565777301802 0.10169000551104547 0.071805298328399672 0.093934766948223128 15.500000000000002 0.0012696466292254629 0.0093904444947838801 73.770401000976577 0.095312271267175688 0.36426293849945074 0.28892487287521368 1.2197523117065432 0.049261691048741348 0.12475159391760827 -0.014750326052308081 0.082852248102426543 0.099090315401554122 0.29485262930393225 0.44253663718700414 -1.6873692870140073 0.83913114666938793 2.0423929691314702 14.500000000000002 19.500000000000004 0.49380257725715643 1.0234969258308413 1.2656728625297549 1.4953351020812991 0.28612408041954046 8.0000000000000018 0.00028684541757684206 0.081647451967000975 0.58019119501113903 -0.52601841092109669 0.71425774693489086 -0.075510829687118516 0.24491938948631289 24.000000000000004 0.30059000849723821 0.3458488285541535 1.2563786506652834 0.19009562581777575 -0.038652809336781495 -0.30877438187599177 0.19357478618621829 -0.0013797504361718891 0 0.2733099907636643
decision_type=2 2 2 2 2 2 2 2 2 2 2 2 2 2 2 2 2 2 2 2 2 2 2 2 2 2 2 2 2 2 2 2 2 2 2 2 2 2 2 2 2 2 2 2 2 2 2 2 2 2 2 2 2 2 2 2 2 2 2 2 1 2
left_child=2 33 3 -1 18 -5 8 -8 9 10 11 14 40 -12 -7 17 49 58 31 21 -21 22 23 60 32 43 -11 -28 -29 -18 -31 53 50 -2 35 -35 41 38 39 -36 -13 -37 -26 44 -10 -46 48 -48 -47 -17 51 -25 -52 -3 56 -56 -55 -58 59 -9 61 -20
right_child=1 4 -4 5 -6 6 7 15 25 26 13 12 -14 -15 -16 16 29 -19 19 20 -22 -23 -24 24 42 -27 27 28 -30 30 -32 -33 -34 34 37 36 -38 -39 -40 -41 -42 -43 -44 -45 45 46 47 -49 -50 -51 52 -53 -54 54 55 -57 57 -59 -60 -61 -62 -63
leaf_value=0.00066885522586104535 0.0068698428821921398 -0.0010560333120749486 0.0009476931568361852 -0.0020193101370272705 0.00077074471132336508 -0.0026265427990424988 0.0009083606904215128 0.0014560868912037589 -0.001447507533266317 -0.0016480836351529583 0.0019109989650517797 0.0017151865325490457 -0.00073462587344396845 -0.0014700516908665959 6.423489211027516e-05 -0.00058169849197061167 -0.0010218109509763859 -0.0018609732611364754 -9.1454552085978868e-06 0.00047784483540598555 -0.00050492885840630749 0.00035652424218690919 -0.0031421784132851221 0.0043387925898379504 -0.0023713449099360185 -0.001839770042156093 -0.00030188935787168612 0.00014882215976428593 -0.0015648003271626456 -5.244104632826087e-05 0.0040017572048916756 -0.00075105454888374501 -0.00062041307140353564 0.0012748713992590617 0.0058876826825926855 -0.0018881308398398676 0.0021071143197040122 0.0064776381253182046 -0.0010887139912592655 -0.0015641150861623158 -0.0002749391970078306 0.003686274955641819 -0.00035038186415715656 -0.00075928377460726952 0.00096917468114776227 0.0008806000888166662 0.00076611683048087044 -0.0019295424765160638 -0.00066528603704268073 0.0025980541607800054 -0.0011764248882197188 -0.0018017623625565346 0.0025621515189264777 -0.0006275209836489493 0.00071591124903254422 0.0064149109986629321 -0.0011080937072701399 0.00048463859463869084 0.00085418497687482085 -0.0013446159711012818 -0.001211621537727277 -0.0030447835793791858
leaf_weight=414.27538371086121 210.0466845035553 152.15656435489655 63.983652770519257 107.10439085960388 1867.2625237703323 50.548030614852905 97.833532810211182 35.186924517154694 301.35840106010437 129.61209005117416 20.835110604763031 203.96246111392975 62.974412381649017 207.28287774324417 239.56153500080109 59.831045925617218 137.22364073991776 180.36030048131943 510.00139433145523 1410.4567523002625 451.70994734764099 269.02500396966934 72.172193229198456 166.01378065347672 131.56667584180832 72.508333802223206 1470.3401628732681 47.929437696933746 316.50366133451462 718.20480889081955 35.185469090938568 416.97671890258789 187.50693374872208 897.76850271224976 53.969108819961548 222.73789888620377 99.536248862743378 190.67292892932892 94.619598150253296 35.181385040283203 48.660463571548462 22.502012014389038 200.1351997256279 884.66463857889175 48.993453741073608 42.320711851119995 35.289437532424927 145.1359384059906 115.68757843971252 98.309279382228851 76.351161956787109 22.447082340717316 52.776194751262665 370.22372144460678 492.91879087686539 116.04735445976257 261.99603164196014 2587.5594582557678 88.359779953956604 105.10306477546692 895.38267004489899 84.265777230262756
leaf_count=415 217 140 54 89 1977 48 88 38 217 135 19 178 84 202 230 49 125 181 557 1474 477 259 62 164 127 62 1359 43 262 637 24 454 202 993 39 214 127 164 84 27 40 18 191 1064 36 25 21 86 82 85 77 31 50 387 522 109 269 2628 101 117 913 88
internal_value=-0.000487366 0.000760029 -0.00287903 -0.00305392 0.000176801 -0.00352008 -0.0033198 -0.000546721 -0.0042893 -0.00282933 0.00120549 0.00396568 0.00856002 -0.00610009 -0.0010163 -0.00148152 0.000367448 -0.00623366 -0.000345769 -0.00151074 0.0013292 -0.00349502 -0.00422125 -0.00361312 -0.000369956 -0.00676798 -0.00454451 -0.00387789 -0.00946258 -0.0011459 0.000410208 0.000853016 0.00365449 0.00420307 0.00330601 0.00175716 -0.00384748 0.0084305 0.00206565 0.011001 0.0120291 -0.00827083 -0.00651245 -0.00617261 -0.00912224 -0.00553687 -0.00816441 -0.0139813 -0.00148602 0.00891726 0.00737065 0.0121003 0.000425103 0.00138553 0.00170829 0.0054736 0.000994448 0.00169915 -0.00126972 -0.00651612 -0.00543143 -0.00226054
internal_weight=19207.1 12622 6585.13 6521.15 10795 6106.87 5999.77 1555.6 4444.17 2798.21 833.825 605.707 315.597 228.118 290.11 1457.76 1048.75 409.01 8927.69 4529.81 1862.17 2667.64 2398.62 2326.45 836.797 1645.96 1964.39 1834.77 364.433 890.614 753.39 4397.88 505.095 1827.03 1616.99 1242.54 344.776 374.443 183.77 89.1505 252.623 245.24 331.702 1573.45 688.786 387.427 338.434 180.425 158.008 158.14 317.588 188.461 129.127 3980.9 3828.75 608.966 3219.78 2849.56 228.65 140.29 1489.65 594.267
internal_count=19237 13041 6196 6142 11158 5727 5638 1445 4193 2600 801 580 302 221 278 1357 920 437 9181 4672 1951 2721 2462 2400 842 1593 1799 1664 305 786 661 4509 524 1883 1666 1352 359 314 150 66 218 232 318 1531 467 250 214 107 107 134 322 195 127 4055 3915 631 3284 2897 256 155 1558 645
cat_boundaries=0 1
cat_threshold=1
is_linear=0
shrinkage=0.05


Tree=40
num_leaves=63
num_cat=0
split_feature=49 37 52 3 8 41 52 52 49 10 49 45 32 13 29 49 27 29 22 6 45 5 46 52 48 6 3 12 5 12 40 22 37 44 43 15 6 49 33 54 49 52 52 34 49 46 54 49 32 49 36 51 48 10 22 43 61 49 20 52 33 52
split_gain=20.5168 10.2385 7.43023 8.02756 6.839 6.45615 6.31642 9.79455 13.9481 6.33588 7.6536 6.17136 5.26267 5.25469 5.24954 5.24442 5.49276 4.52302 4.45038 4.39369 5.13033 4.7968 5.71763 5.45362 4.52468 4.34455 4.34141 4.23613 4.80589 4.20706 4.25354 4.18473 4.13667 4.66419 4.50016 4.25838 7.22299 7.19696 5.14117 4.79881 4.63241 11.2874 5.39898 7.09551 6.77543 5.73063 5.71408 5.1243 5.78112 6.40943 7.11186 4.87677 4.81943 6.1364 6.08658 5.55628 5.46161 6.23672 6.37745 5.18631 6.38529 5.84048
threshold=0.26601912081241613 0.19874978065490725 0.22682581841945651 0.45245926082134252 0.044300895184278495 1.2153937816619875 0.27747285366058355 0.27185554802417761 0.23270576447248462 -0.30989417433738703 0.16400649398565295 -0.1641079634428024 0.56234782934188854 0.0012350234319455924 0.2827481627464295 0.25674836337566381 -0.16692990064620969 0.28999066352844244 23.500000000000004 0.066164504736661925 0.16196078062057498 -0.69206789135932911 0.394128367304802 0.11016112565994264 0.83459389209747326 0.17836631834506991 -0.38178947567939753 -0.27904190123081202 -0.57780230045318592 -0.044561067596077912 1.3000891208648684 19.500000000000004 0.53991034626960765 1.3150881528854372 0.35681414604187017 0.15445556491613391 0.13741204142570498 0.18830209225416186 0.28701707720756536 0.20301453024148944 0.12678595632314685 0.12580803036689761 0.11642127484083177 0.21074859797954562 0.10961373895406724 0.16947756707668307 0.081007163971662535 0.13894564658403399 0.32859908044338232 0.15106704831123355 0.43023625016212469 0.64963471889495861 0.75091487169265758 -0.026822241023182865 13.500000000000002 0.12550136446952823 7.5000000000000009 0.17171423137187961 0.031129498034715656 0.17933874577283862 0.18292199075222018 0.12483786791563035
decision_type=2 2 2 2 2 2 2 2 2 2 2 2 2 2 2 2 2 2 2 2 2 2 2 2 2 2 2 2 2 2 2 2 2 2 2 2 2 2 2 2 2 2 2 2 2 2 2 2 2 2 2 2 2 2 2 2 2 2 2 2 2 2
left_child=1 4 -2 27 5 11 7 32 -9 12 -11 13 -8 -1 -5 16 -12 -10 31 21 -21 23 24 -13 -23 -20 -15 28 -4 -25 -31 -16 34 -34 35 36 39 -37 -38 40 41 42 44 -44 46 -46 -3 51 52 -50 -51 -42 54 -54 56 -55 57 58 -49 60 -56 -62
right_child=2 6 3 14 -6 -7 9 8 17 10 15 19 -14 26 18 -17 -18 -19 25 20 -22 22 -24 29 -26 -27 -28 -29 -30 30 -32 -33 33 -35 -36 37 38 -39 -40 -41 47 -43 43 -45 45 -47 -48 48 49 50 -52 -53 53 55 59 -57 -58 -59 -60 -61 61 -63
leaf_value=-0.00051523357984996907 0.004355041614506003 0.00028390281241607446 0.011157198036150145 -0.0006466640944434777 0.00037138921649722132 -0.0013592003930561673 -0.00011853963446570596 0.016772881632614454 0.00220296531467138 0.0011539775585984473 -0.00084311386120519141 0.0012855031416441898 0.0054947432157534948 0.00030141451241312708 0.0031846423999814747 0.0042046682825906566 -0.0021752932955743562 -0.0022858031486301597 -0.00075564392566833123 8.8385284692208408e-05 0.00030992507948961081 -0.00044632529576658567 -0.0018816609308144304 -0.0021270571615841171 0.0023106973734642903 0.0064417380419890622 -0.0015573760150196904 0.0002383215342145889 -0.00085051899337834083 0.00044697986358979713 -0.0015068441368680076 0.021674643808712042 0.0056378300678604863 -0.0026645031050807791 -0.0018261216847828754 0.00059636700250628727 0.0032660482059725412 -0.0025677490142057193 0.00057922129495379001 0.0024106727768645857 0.00039711910076324077 -0.00093026118601239336 -0.00070533065017172603 0.0014703544337050511 -0.0004741686756117636 -0.002247268374441154 -0.0018482770277543999 -0.00062462986227936621 -0.0011042897431329135 0.002741545225568659 -0.0028461205152663983 0.0044160094203164997 -0.0017813919033734449 -0.0015736057349032579 0.000749610284273311 0.00013614296006321183 -0.0012285437603051135 0.0021071784093093615 0.0010922968260219776 -0.0021623240716287964 -0.001874204483384416 -0.00017653079444225064
leaf_weight=611.03880149126053 94.191638171672821 1106.1361563801765 112.67018812894821 62.85749226808548 356.06319016218185 343.59039372205734 45.258039832115173 127.04566913843155 47.898098766803741 84.486194550991058 112.83614993095398 138.93187785148621 38.52010977268219 39.490298867225647 231.74663758277893 21.077162981033325 302.04896801710129 57.187780678272247 115.28788679838181 206.4824355840683 41.729821622371674 2997.2767434120178 113.67336791753769 48.112867116928101 20.460123062133789 69.269969761371613 189.02993965148926 2764.8708606958389 53.775170803070068 150.70072370767593 25.626726984977722 145.43140876293182 198.14767587184906 45.258338987827301 95.496630311012268 85.96610951423645 72.732460677623749 60.602386116981506 316.51409739255905 197.54181241989136 461.60348296165466 1011.5446984767914 133.15041369199753 414.97556352615356 456.02442795038223 223.36335968971252 95.199509263038635 396.02334928512573 138.05983555316925 369.28748518228531 71.924328923225403 128.42204880714417 72.877976477146149 190.78918617963791 275.70493990182877 288.03260028362274 166.94552874565125 296.00391799211502 435.32450240850449 146.31426161527634 131.13712722063065 1337.5216780304909
leaf_count=580 95 1210 115 68 303 312 46 124 46 88 113 117 35 35 240 21 307 58 118 198 28 2855 93 44 19 69 176 2732 55 136 31 137 249 53 102 101 67 42 329 228 495 1088 136 454 512 236 110 389 159 384 85 107 67 156 289 272 221 283 394 148 142 1287
internal_value=-0.000498954 -0.00129165 0.00287385 0.00250477 -0.00308014 -0.00356435 -0.000369913 -5.88674e-05 0.0100846 -0.00532886 -0.00738789 -0.003067 0.00739628 -0.00694382 0.0076527 -0.0100613 -0.0113047 -0.00335004 0.00918954 -0.00219592 0.0042231 -0.00265336 -0.00328511 0.00277648 -0.00286809 0.00279019 -0.0134219 0.00140594 0.00915379 -0.00202441 0.0015278 0.012306 -0.000309498 0.00612111 -0.000480703 -0.000366509 -0.000227186 -0.00881801 0.00643199 -0.000531224 -0.000714107 -0.00212088 -0.000270439 0.00409326 -0.00154502 -0.00553616 0.000708189 0.000271424 -0.000325009 0.00432059 0.00726693 0.00464203 -0.00104662 -0.00536117 -0.00029754 -0.00328929 0.0023423 0.00359504 0.0013685 -0.00210736 -0.00134535 -0.00265841
internal_weight=19187.3 15537.2 3650.1 3555.91 5282.21 4926.14 10255 9650.76 232.132 604.227 520.448 4582.55 83.7781 839.559 624.593 435.962 414.885 105.086 561.736 3742.99 248.212 3494.78 3131.41 363.372 3017.74 184.558 228.52 2931.32 166.445 224.44 176.327 377.178 9418.63 243.406 9175.22 9079.72 8933.15 146.568 389.247 8543.91 8346.37 3440.39 2428.85 548.126 1880.72 679.388 1201.34 4905.97 4315.95 579.272 441.212 590.026 3736.68 551.7 3184.98 478.822 1294.3 1127.35 831.348 1890.68 1744.36 1468.66
internal_count=19189 15560 3629 3534 4927 4624 10633 10023 228 610 529 4312 81 791 632 441 420 104 564 3521 226 3295 2967 328 2874 187 211 2902 170 211 167 377 9795 302 9493 9391 9248 143 396 8852 8624 3746 2658 590 2068 748 1320 4878 4276 628 469 602 3648 495 3153 428 1287 1066 783 1866 1718 1429
is_linear=0
shrinkage=0.05


Tree=41
num_leaves=63
num_cat=3
split_feature=36 14 60 35 60 15 1 52 52 41 2 1 1 41 28 22 17 51 38 9 32 35 54 44 5 41 60 32 43 48 50 43 31 53 16 38 53 61 17 9 45 47 53 31 15 40 52 22 48 2 43 22 14 9 45 51 26 15 43 20 20 53
split_gain=17.2421 9.96882 7.39859 7.38045 7.35588 6.50581 6.02639 6.003 5.94002 5.74987 6.93096 6.14574 5.7073 5.82376 5.57064 5.40168 5.31646 5.15011 5.1038 5.0792 5.00981 5.37662 4.89736 4.78766 4.7733 4.60799 5.25273 4.59492 4.50488 4.35698 6.63514 6.42736 10.6782 5.32211 4.45068 4.71104 4.41832 4.12938 4.03355 4.34621 3.85607 3.83121 4.18773 3.76592 3.90305 3.75724 3.68626 5.23584 4.50314 4.51509 3.85889 4.23378 3.68485 6.33122 6.3897 3.71725 3.67852 5.53469 4.76173 4.52542 4.60463 4.47375
threshold=0.31531736254692083 0.00063514156499877583 0 0.10455620288848878 1 -0.083829581737518297 -0.19346947968006131 0.17057846486568454 0.36681661009788519 0.70884507894516002 -0.72914978861808766 -0.80885952711105336 -1.6453269720077512 0.3926128894090653 0.10656849294900896 12.500000000000002 35.93274116516114 0.65806812047958385 0.19571301341056827 0.22254850715398791 1.168018698692322 0.58130159974098217 0.20675263553857806 0.43861098587512976 -1.4400733113288877 1.0752271413803103 2 0.84155318140983593 0.039308331906795509 0.71492493152618419 1.5987284779548647 0.28892487287521368 0.47298753261566168 -0.0032141755800694223 0.046170104295015342 0.72940281033515941 -0.021201209165155884 5.5000000000000009 40.349084854125984 0.009538406506180765 -0.20347385108470914 1.8436903953552248 -0.07319015264511107 0.24172633141279223 0.15445556491613391 1.0742076039314272 0.12515293806791308 17.500000000000004 0.53858065605163585 -0.79395601153373707 0.18966265767812732 9.5000000000000018 -0.0051221023313701144 -0.10936822742223738 0.4813066571950913 0.88467368483543407 -0.0012490302324295042 -0.047926813364028924 0.18110491335392001 0.016264893114566806 0.034032706171274192 0.12327633425593378
decision_type=2 2 1 2 1 2 2 2 2 2 2 2 2 2 2 2 2 2 2 2 2 2 2 2 2 2 1 2 2 2 2 2 2 2 2 2 2 2 2 2 2 2 2 2 2 2 2 2 2 2 2 2 2 2 2 2 2 2 2 2 2 2
left_child=1 4 5 15 7 52 23 16 27 20 38 -12 -5 37 18 -3 -1 40 -8 22 21 -10 28 -6 -4 26 45 29 -15 34 31 -31 33 -33 35 -7 -34 -14 -11 -40 -17 42 -25 44 -36 -16 48 50 -44 -50 51 -48 55 54 -54 -2 -30 58 -58 -59 61 -61
right_child=2 3 24 12 6 8 14 -9 9 10 11 -13 13 19 25 17 -18 -19 -20 -21 -22 -23 -24 41 -26 -27 -28 -29 56 30 -32 32 36 -35 43 -37 -38 -39 39 -41 -42 -43 46 -45 -46 -47 47 -49 49 -51 -52 -53 53 -55 -56 -57 57 59 -60 60 -62 -63
leaf_value=0.0013377296936663758 0.0060030326678878441 -0.0017718832928639414 0.0081988176573055804 0.001524949167546843 -0.0015368094739652027 -0.00036344837855224467 -0.0011243448162596287 0.0039282036255843091 0.0027122260979924348 -0.0023357915782034637 0.0011391127571494422 -0.0022511754102808729 0.0026433002008329461 0.00091110790552560164 0.00074607231146125324 -0.0024528987650724401 -0.00048124842570946847 -0.0009209893503066372 0.00043408155290945163 -0.0017674437365508668 -0.00079092606053946717 -0.0023275500508113988 0.0022156643310253404 -0.0011097885554537624 -0.00011369858211982276 -0.00091118049323189601 -0.00034683145635150013 -0.003574828939762827 0.00015662887932026487 0.0038628330096231846 -0.0024412671885648803 0.0020213692296816017 -0.001728452507002052 -0.0026828072764777332 0.00042040667550339325 0.026494228305946246 0.0085065130520103945 -0.00060689765225746268 0.0045233717100353092 -0.0023342630541870295 -0.00027573325174946802 0.00099085071861198799 -0.00057447493213489212 0.0019705947919635425 -0.0023494552111550013 -0.0002338921889195142 -0.0012295067288286181 -0.0017241543136042722 0.0014693070875118816 -3.2099063696162947e-05 0.0030311851460987417 0.00031034267506578617 -0.0031861563391007972 0.0062378464294313291 0.015048584502496732 -0.00013412740309011741 0.0017363642379468803 0.00024336936295618757 -0.0029506271080938836 -0.0010263339884702082 -9.7521624746722824e-05 -5.7397696945903082e-05
leaf_weight=252.79951608181 286.13061136007309 80.80220365524292 91.50530219078064 55.901666045188904 134.71115225553513 706.34857815504074 475.38451910018921 104.60051476955414 272.35882347822189 32.262381017208099 34.497204899787903 222.88193398714066 94.59519225358963 69.595743954181671 596.77127248048782 25.408532440662384 563.10212141275406 24.542456984519958 116.19078725576401 38.539919078350067 148.58217304944992 35.859581530094147 125.49892002344131 785.96813195943832 2202.6962017416954 537.5491349697113 903.15195941925049 50.556279718875885 1166.571754693985 309.72370404005051 49.973872423171997 33.049365997314453 26.876222252845764 66.073163032531738 44.596688389778137 21.256736934185028 62.603696048259735 43.03098464012146 58.573935687541962 21.442581534385681 81.351949572563171 39.05245041847229 487.88103657960892 856.4114465713501 34.852345764636993 337.65391004085541 285.78693908452988 499.3004042506218 85.527180850505829 158.50012558698654 42.159244179725647 203.83095240592957 119.29649883508682 193.3479346036911 46.391884088516235 44.709212064743042 206.26363527774811 1011.0896211862564 46.772353768348694 944.54006540775299 2064.8518160581589 425.15610009431839
leaf_count=308 283 78 104 43 120 776 469 119 254 30 35 183 91 65 499 27 681 13 126 28 135 32 142 802 2528 529 1015 46 1058 245 62 38 24 44 45 25 46 52 55 17 82 36 466 985 30 292 296 490 72 145 41 211 105 190 46 35 191 1009 44 825 1922 404
internal_value=-0.000448242 -0.0014684 0.00175397 -7.79449e-05 -0.0028359 0.0031094 -0.00350345 0.00130838 0.00213473 -0.00148865 -0.00612756 -0.0106538 0.000230569 8.70686e-05 -0.00194787 -0.00924983 -0.000117671 -0.00294064 -0.00629013 -0.000141725 0.00225488 0.00589752 -2.56837e-05 -0.00520931 -0.000487775 -0.000864016 0.000324656 0.00346063 -0.000233272 0.00380318 0.0076727 0.00941975 0.00210992 -0.00915868 0.00252435 -0.000402477 0.014645 0.0102551 0.00420378 0.0102502 -0.00772277 -0.00472769 -0.00496729 0.00480502 -0.00557128 0.00293801 -0.00360859 -0.00553567 -0.000886597 0.00464865 -0.0020704 -0.00332905 0.00751015 0.00397916 -0.00316952 0.0113246 -0.000384256 -0.00100891 0.00617887 -0.00141927 -0.00228539 -0.00453389
internal_weight=19187.3 13114.4 6072.86 6504.51 6609.92 3778.66 5689.42 920.502 3088.78 826.459 369.658 257.379 6292.41 6236.51 2966.7 212.105 815.902 131.303 591.575 6098.88 456.801 308.218 6060.34 2722.72 2294.2 2375.13 1837.58 2262.32 5934.84 2211.77 548.3 498.326 188.602 99.1225 1663.47 727.605 89.4799 137.626 112.279 80.0165 106.76 2588.01 2548.95 935.86 79.449 934.425 1762.99 1031.08 731.908 244.027 531.777 489.618 689.876 359.036 165.688 330.84 5865.25 4698.67 253.036 4445.64 3434.55 1369.7
internal_count=19189 12791 6398 6074 6717 3766 5609 1108 3107 741 320 218 5874 5831 2930 200 989 122 595 5688 421 286 5660 2679 2632 2335 1806 2366 5518 2320 459 397 152 82 1861 801 70 143 102 72 109 2559 2523 1060 75 791 1721 1038 683 217 548 507 659 341 151 318 5453 4395 235 4160 3151 1229
cat_boundaries=0 1 2 3
cat_threshold=722 133 24
is_linear=0
shrinkage=0.05


end of trees

feature_importances:
index_vol_60d=198
index_vol_30d=142
sector_id=117
day_of_month=108
dist_to_sma_200=104
sma_50_slope_norm=96
rv_60d=75
gk_vol_10d=72
parkinson_vol_10d=68
down_vol_20d=68
vol_asymmetry_20d=68
gk_vol_20d=62
correlation_60d=62
vol_ratio_20_60=60
dist_to_ema_20=58
liquidity_rank=58
beta_60d=55
vp_width_pct=50
trend_strength=50
rv_30d=50
momentum_10=49
vol_ratio_park_rv=49
parkinson_vol_20d=47
ewma_vol_20d=46
up_vol_20d=46
rsi_14=45
dist_to_sma_20=43
vp_position=42
vol_momentum_10d=42
beta_30d=42
beta_change=42
correlation_30d=41
dist_to_sma_50=40
dist_to_ema_50=40
vol_momentum_5d=35
rv_10d=29
rv_20d=29
vol_ratio_5_20=27
volume_ratio_20=26
sma_20_slope_norm=26
volume_zscore_20=25
momentum_20=23
ewma_vol_10d=22
rv_5d=21
sector_encoded=19
volume_zscore_60=16
lot_size_log=12
log_return=6
price_position_ma=6
week_of_month=6
overnight_gap=6
overnight_gap_zscore=6
ivr=6
trend_signal=5
hvc=5
vds=3
pocs=3
is_blue_chip=3
irr=2
volume_spike=1
vp_above_va=1

parameters:
[boosting: gbdt]
[objective: quantile]
[metric: quantile]
[tree_learner: serial]
[device_type: cpu]
[data_sample_strategy: bagging]
[data: ]
[valid: ]
[num_iterations: 1000]
[learning_rate: 0.05]
[num_leaves: 63]
[num_threads: -1]
[seed: 42]
[deterministic: 0]
[force_col_wise: 0]
[force_row_wise: 0]
[histogram_pool_size: -1]
[max_depth: -1]
[min_data_in_leaf: 20]
[min_sum_hessian_in_leaf: 0.001]
[bagging_fraction: 0.8]
[pos_bagging_fraction: 1]
[neg_bagging_fraction: 1]
[bagging_freq: 5]
[bagging_seed: 400]
[bagging_by_query: 0]
[feature_fraction: 0.8]
[feature_fraction_bynode: 1]
[feature_fraction_seed: 30056]
[extra_trees: 0]
[extra_seed: 12879]
[early_stopping_round: 0]
[early_stopping_min_delta: 0]
[first_metric_only: 0]
[max_delta_step: 0]
[lambda_l1: 0.1]
[lambda_l2: 0.1]
[linear_lambda: 0]
[min_gain_to_split: 0]
[drop_rate: 0.1]
[max_drop: 50]
[skip_drop: 0.5]
[xgboost_dart_mode: 0]
[uniform_drop: 0]
[drop_seed: 17869]
[top_rate: 0.2]
[other_rate: 0.1]
[min_data_per_group: 100]
[max_cat_threshold: 32]
[cat_l2: 10]
[cat_smooth: 10]
[max_cat_to_onehot: 4]
[top_k: 20]
[monotone_constraints: ]
[monotone_constraints_method: basic]
[monotone_penalty: 0]
[feature_contri: ]
[forcedsplits_filename: ]
[refit_decay_rate: 0.9]
[cegb_tradeoff: 1]
[cegb_penalty_split: 0]
[cegb_penalty_feature_lazy: ]
[cegb_penalty_feature_coupled: ]
[path_smooth: 0]
[interaction_constraints: ]
[verbosity: -1]
[saved_feature_importance_type: 0]
[use_quantized_grad: 0]
[num_grad_quant_bins: 4]
[quant_train_renew_leaf: 0]
[stochastic_rounding: 1]
[linear_tree: 0]
[max_bin: 255]
[max_bin_by_feature: ]
[min_data_in_bin: 3]
[bin_construct_sample_cnt: 200000]
[data_random_seed: 175]
[is_enable_sparse: 1]
[enable_bundle: 1]
[use_missing: 1]
[zero_as_missing: 0]
[feature_pre_filter: 1]
[pre_partition: 0]
[two_round: 0]
[header: 0]
[label_column: ]
[weight_column: ]
[group_column: ]
[ignore_column: ]
[categorical_feature: 4,7,18,19,21,24,25,60]
[forcedbins_filename: ]
[precise_float_parser: 0]
[parser_config_file: ]
[objective_seed: 16083]
[num_class: 1]
[is_unbalance: 0]
[scale_pos_weight: 1]
[sigmoid: 1]
[boost_from_average: 1]
[reg_sqrt: 0]
[alpha: 0.5]
[fair_c: 1]
[poisson_max_delta_step: 0.7]
[tweedie_variance_power: 1.5]
[lambdarank_truncation_level: 30]
[lambdarank_norm: 1]
[label_gain: ]
[lambdarank_position_bias_regularization: 0]
[eval_at: ]
[multi_error_top_k: 1]
[auc_mu_weights: ]
[num_machines: 1]
[local_listen_port: 12400]
[time_out: 120]
[machine_list_filename: ]
[machines: ]
[gpu_platform_id: -1]
[gpu_device_id: -1]
[gpu_use_dp: 0]
[num_gpu: 1]

end of parameters

pandas_categorical:[[0, 1], [-1.0, 0.0, 1.0], [-1, 0, 1], [-1, 0, 1], [0, 1, 2, 3, 4, 5], [0, 1], [0, 1], ["Conglomerate", "Finance", "Metals", "Mining", "OilGas", "RealEstate", "Retail", "Tech", "Telecom", "Transport", "Unknown", "Utilities"]]
