tree
version=v4
num_class=1
num_tree_per_iteration=1
label_index=0
max_feature_idx=64
objective=quantile
feature_names=log_return volume_zscore_20 volume_zscore_60 volume_ratio_20 volume_spike vp_position vp_width_pct vp_above_va dist_to_sma_20 dist_to_sma_50 dist_to_sma_200 dist_to_ema_20 dist_to_ema_50 sma_20_slope_norm sma_50_slope_norm momentum_10 momentum_20 rsi_14 price_position_ma trend_signal trend_strength day_of_week day_of_month week_of_month is_month_end is_month_start overnight_gap overnight_gap_zscore rv_5d rv_10d rv_20d rv_30d rv_60d ewma_vol_10d ewma_vol_20d parkinson_vol_10d parkinson_vol_20d gk_vol_10d gk_vol_20d vol_ratio_5_20 vol_ratio_park_rv vol_ratio_20_60 up_vol_20d down_vol_20d vol_asymmetry_20d vol_momentum_5d vol_momentum_10d beta_30d correlation_30d index_vol_30d beta_60d correlation_60d index_vol_60d beta_change ivr opm vds pocs irr hvc sector_id sector_encoded liquidity_rank is_blue_chip lot_size_log
feature_infos=[-0.53194433450698853:0.54405128955841064] [-2.9167771339416504:4.2484331130981445] [-2.532334566116333:7.6159577369689941] [-0.93768823146820068:17.269147872924805] -1:0:1 [-37.393833160400391:74.212486267089844] [0:1.0858263969421387] -1:1:2:0 [-0.51774817705154419:0.39768233895301819] [-0.59907764196395874:0.59272325038909912] [-0.70756953954696655:1.1583505868911743] [-0.48010116815567017:0.34518074989318848] [-0.5698128342628479:0.52751505374908447] [-0.07600606232881546:0.02037774957716465] [-0.037335850298404694:0.0092539601027965546] [-0.95609402656555176:0.49995595216751099] [-0.94378799200057983:0.56540507078170776] [0:99.895339965820312] -1:2:0:1 -1:2:0:1 [0:0.39310362935066223] -1:2:3:4:1:0 [1:31] [1:5] -1:0:1 -1:0:1 [-0.12354005873203278:0.10481586307287216] [-7.5462174415588379:7.3526492118835449] [0:6.0937619209289551] [0:4.1158733367919922] [0:2.8651947975158691] [0:2.3821480274200439] [0:1.7323038578033447] [0:4.9097566604614258] [0:3.6837606430053711] [0:3.2581748962402344] [0:2.3732292652130127] [0:3.5000545978546143] [0:2.5602817535400391] [0:2.1449246406555176] [0:2.5692489147186279] [0:1.7259560823440552] [0:1.9645488262176514] [0:1.947406530380249] [0:8.2449407577514648] [-0.7978864312171936:4.3669052124023438] [-0.81826740503311157:5.8367457389831543] [-2.149630069732666:4.7820296287536621] [-0.51312440633773804:0.97729957103729248] [0:1.4185420274734497] [-1.1817560195922852:3.949810266494751] [-0.36254426836967468:0.9650154709815979] [0:1.0910866260528564] [-2.2545194625854492:2.1177244186401367] [0:1.7220042943954468] [-0.051046513020992279:0.029348604381084442] [-3.5092089176177979:3.508314847946167] [-0.61577689647674561:0.83781725168228149] [0:0.68322354555130005] [0:0.44444850087165833] -1:4:1:2:3:8:11:7:10:0:5:6:9 [0:11] [0:28] [0:1] [0:9.2104406356811523]
tree_sizes=6672 7006 6981 6990 6975 6975 7009 6998 6987 6995 7005 7012 7002 7022 6997 6990 7024 7005 7030 6997 7002 7001 7000 7018 6985 6987 6983 7011 7011 7006 7017 7032 7021 7046 7001 6986 7032 7005 7029 7011 7016 6967 7011 7017 7044 7002 7027 7014 6990 7018 7018 7025 7034 7007 7001 6993 6993 7007 7038 7024 7052

Tree=0
num_leaves=63
num_cat=2
split_feature=35 37 41 30 37 60 53 9 46 60 11 41 42 35 30 54 5 11 13 20 38 38 29 14 43 14 40 53 20 39 52 62 3 48 44 39 52 2 3 42 37 52 8 29 14 41 16 43 3 8 6 27 46 43 3 52 27 14 46 46 35 39
split_gain=214.904 61.4171 41.0566 33.4201 11.5953 10.7943 10.2903 10.1049 9.59824 9.02077 7.24999 6.65184 6.69332 5.13789 5.14467 5.08013 5.05645 7.07264 6.50641 8.14958 4.97874 4.76033 4.53076 4.00964 4.00829 4.49072 9.10117 3.82092 3.93445 5.07667 3.6734 3.48076 3.46442 3.35917 3.3525 3.4126 3.59287 4.80481 3.30889 3.30529 3.24349 3.21142 3.87527 3.1467 3.0827 4.47109 4.62474 3.66819 3.26097 3.00373 2.95991 2.94016 2.91639 2.9047 2.94644 2.87808 2.90271 3.17615 2.8258 2.77499 2.86828 3.28471
threshold=0.19094935059547427 0.14015617966651919 1.0000000180025095e-35 0.27345986664295202 0.12884347885847094 0 -0.13319192826747892 0.059846794232726104 0.5310562551021577 1 -0.022770409472286698 1.1935185790061953 0.10233109444379808 0.22413994371891025 0.2008842080831528 0.11289224773645402 0.61849129199981701 0.0056963432580232629 7.7048687671776875e-05 0.013558574020862581 0.21166124194860461 0.36704084277153021 0.13669924437999728 0.00058469767100177716 0.082078400999307646 -2.649222824402386e-05 1.1734409928321841 0.32638034224510198 0.030864061787724498 0.49558779597282415 0.13088782131671908 2.5000000000000004 -0.32477006316184992 0.49041847884655004 4.9814569950103769 0.95285311341285717 0.35591617226600653 -0.95650258660316456 -0.17199333757162091 0.13531579077243808 0.27113726735115057 0.098302587866783156 0.019022773019969467 0.3131078183650971 0.00016295153181999925 1.0534995794296267 0.069654621183872237 0.063642766326665892 0.42762225866317755 0.049643946811556823 0.024882878176867965 0.91891726851463329 0.72955757379531871 0.10555147752165796 -0.42020860314369196 0.096869595348835005 -0.1793217062950134 0.0010807176586240532 0.033614335581660278 -0.15008697658777234 0.17806945741176608 1.0694571137428286
decision_type=2 2 2 2 2 1 2 2 2 1 2 2 2 2 2 2 2 2 2 2 2 2 2 2 2 2 2 2 2 2 2 2 2 2 2 2 2 2 2 2 2 2 2 2 2 2 2 2 2 2 2 2 2 2 2 2 2 2 2 2 2 2
left_child=1 2 -1 9 6 20 -4 11 24 10 -2 12 15 14 53 16 17 18 19 32 39 34 -18 51 25 26 30 40 29 -29 38 -19 -8 -21 35 36 -5 -38 -7 59 49 42 55 -30 -27 46 47 -46 -49 -11 -25 -6 -42 54 -12 56 -26 -58 -39 -3 61 -61
right_child=3 5 4 21 23 8 7 -9 -10 27 13 -13 -14 -15 -16 -17 22 31 -20 33 -22 -23 -24 50 41 44 -28 28 43 -31 -32 -33 -34 -35 -36 -37 37 58 -40 -41 52 -43 -44 -45 45 -47 -48 48 -50 -51 -52 -53 -54 -55 -56 -57 57 -59 -60 60 -62 -63
leaf_value=0.11766076572239399 0.11800395585596561 0.11513374261558056 0.11290952217110865 0.11807440482079982 0.11431368216872215 0.1121512066696226 0.1149067685008049 0.11636102236807347 0.1140740451865469 0.11671213809814865 0.11395926382392645 0.11362648649561946 0.11558763855047814 0.11579912230372429 0.11610640585422516 0.11634013019502162 0.11339596919715404 0.11729981029351857 0.11291763792299481 0.11266257957750254 0.11618076674640179 0.12103064693510532 0.11512883342802524 0.11392983870402422 0.11684882491827012 0.1181068915873766 0.11565654481896452 0.11338178963791994 0.11809525386648119 0.11594155430793762 0.113585062149552 0.11343200509306341 0.11559337675571442 0.11453275391712119 0.11266443460948117 0.11901270188391208 0.11467523618090257 0.11913481272811877 0.11597042606125917 0.11718594841659069 0.11838388245578983 0.11661138199269772 0.11768605895340442 0.11249045628909253 0.11431562751531602 0.11405429987241225 0.11863195784389972 0.11668222211301327 0.11465325295861704 0.11799957267940045 0.11646908054755656 0.11366442173006443 0.11385810628982701 0.11374856885522604 0.11506260856986046 0.11425961077916623 0.11454083099961281 0.11673480421304702 0.11431667779110583 0.11446381993591785 0.11420714668929577 0.11550210247808734
leaf_weight=215.04200077056885 168.39050900936127 256.79494678974152 121.19394701719284 1769.7258026003838 205.9871090054512 21.597283482551575 25.576151669025421 69.478241384029388 61.620533466339111 2818.3477194309235 36.593225836753845 81.421772420406342 60.776032686233521 450.85419178009033 122.59423291683197 33.327066898345947 321.35088473558426 33.818398475646973 87.606476604938507 86.850273966789246 200.89530748128891 4309.5846189856529 40.576020002365112 51.405706286430359 66.500393569469452 54.32737523317337 94.655599355697632 24.99216902256012 215.95069926977158 258.4887501001358 48.622332096099854 29.303583264350891 104.74371522665024 35.075344562530518 22.174366772174835 1750.5156271457672 42.561555325984955 101.74988394975662 26.935568869113922 34.885592579841614 1172.0232678055763 1392.3594456315041 59.350699961185455 18.867147505283356 89.872340083122253 43.906461894512177 113.31417596340179 185.5758290886879 41.322098731994629 514.05122792720795 106.32987409830093 19.525659084320068 28.504252910614014 40.233179926872253 135.37948203086853 32.822430491447449 84.891228318214417 39.913746118545532 22.179244756698608 226.576340675354 98.824130058288574 123.6923999786377
leaf_count=217 210 315 79 1772 203 23 24 57 46 2627 46 71 46 576 156 27 314 17 66 79 255 4562 44 49 72 48 81 24 221 271 39 28 94 25 15 1743 38 88 24 45 1242 1137 67 16 91 35 90 162 28 443 75 19 28 48 171 32 87 47 18 276 122 148
internal_value=0.116622 0.107864 0.100192 0.119825 0.0972883 0.111769 0.0947359 0.0964034 0.113561 0.117004 0.112571 0.0950436 0.0963567 0.110507 0.105811 0.0951373 0.0943041 0.0982072 0.0953507 0.0994814 0.107232 0.121937 0.0899784 0.104838 0.114052 0.110931 0.10437 0.117848 0.113787 0.109819 0.093625 0.113675 0.108241 0.0901747 0.12062 0.120738 0.119287 0.112279 0.10357 0.105237 0.118316 0.115397 0.110546 0.118557 0.113324 0.112024 0.113592 0.110484 0.1139 0.117511 0.111007 0.10055 0.120545 0.101097 0.103993 0.10753 0.109922 0.105424 0.117222 0.104492 0.102108 0.104269
internal_weight=19152.4 5128.64 1729.39 14023.8 1514.35 3399.26 1131.1 1009.9 2457.59 6005.27 954.045 940.426 859.004 785.654 334.8 798.228 764.901 402.974 339.852 252.245 941.669 8018.49 361.927 383.248 2395.97 720.129 191.811 5051.23 518.299 283.481 97.1552 63.122 130.32 121.926 3708.91 3686.73 1936.22 166.491 48.5329 740.773 4532.93 1675.84 283.478 234.818 528.318 473.991 430.084 316.77 226.898 3332.4 157.736 225.513 1200.53 212.206 171.973 224.128 191.305 124.805 123.929 705.888 449.093 350.269
internal_count=19119 4804 1534 14315 1317 3270 971 892 2109 6079 1207 835 764 997 421 718 691 333 288 222 1161 8236 358 346 2063 621 167 4872 532 295 86 45 118 104 3674 3659 1916 144 47 906 4340 1442 305 237 454 406 371 281 190 3070 124 222 1270 265 217 238 206 134 106 861 546 424
cat_boundaries=0 1 2
cat_threshold=2848 2816
is_linear=0
shrinkage=1


Tree=1
num_leaves=63
num_cat=1
split_feature=38 37 32 31 60 37 53 28 31 10 28 43 15 8 20 38 32 13 17 54 30 32 50 10 42 44 43 51 42 28 53 22 13 62 0 20 32 47 32 44 5 53 8 30 50 49 17 2 1 43 50 32 44 62 42 15 33 32 49 43 22 28
split_gain=194.466 72.5834 37.4347 21.8815 17.8011 12.5729 8.34498 6.90686 6.7943 6.35963 5.87721 5.20213 6.47278 8.25206 6.45167 5.53981 5.39666 5.05015 4.99653 4.92993 5.78367 4.8424 4.71715 4.70813 4.66577 5.48057 4.35345 4.28863 4.27213 4.344 4.15519 4.1125 3.94764 4.1827 4.07528 3.63902 3.48357 3.76108 3.33155 3.24474 3.93156 4.15199 3.21413 4.67406 3.20303 4.11744 3.30801 3.81435 3.30536 3.18639 3.14576 3.08531 3.47453 3.05803 4.57468 3.05358 3.0291 2.95647 3.27269 2.94657 2.91728 2.90004
threshold=0.221919059753418 0.14197953045368197 1.0000000180025095e-35 0.26960480213165289 0 0.12590000033378604 -0.13319192826747892 0.19501079618930819 0.10727497935295106 0.24176856875419619 0.34988915920257574 0.18110491335392001 -0.015805438160896298 0.025282309390604499 0.022526751272380355 0.14299023151397708 0.31317356228828436 -0.0030281903455033894 56.720985412597663 0.075656972825527205 0.11594388261437417 0.37147670984268194 0.83299165964126598 -1.0000000180025095e-35 0.06489176303148271 0.86652287840843212 0.05917423032224179 0.75417825579643261 0.098484747111797347 0.090087551623582854 -0.23355142772197721 17.500000000000004 0.0025655926438048486 9.5000000000000018 -0.0091431462205946428 0.026038786396384243 0.14006590843200686 0.48942233622074133 0.13798839598894122 0.74961072206497203 0.59948617219924938 -0.076838105916976915 0.033298503607511527 0.29923178255558019 1.2363330125808718 0.087444793432950987 45.143089294433601 -0.34157218039035792 0.54965543746948253 0.087919738143682494 0.61101186275482189 0.224118746817112 1.261488735675812 1.5000000000000002 0.10793607681989671 0.20147000998258593 0.16247680038213733 0.19636118412017825 0.10548568516969682 0.074801165610551848 21.500000000000004 0.095360301434993758
decision_type=2 2 2 2 1 2 2 2 2 2 2 2 2 2 2 2 2 2 2 2 2 2 2 2 2 2 2 2 2 2 2 2 2 2 2 2 2 2 2 2 2 2 2 2 2 2 2 2 2 2 2 2 2 2 2 2 2 2 2 2 2 2
left_child=1 2 -1 7 22 6 -4 21 -6 19 55 12 -10 16 -13 -15 17 23 38 27 -21 42 24 -14 -3 61 -20 32 -23 -30 -27 44 33 34 -8 -18 -32 -38 -7 40 41 -33 43 51 46 -46 47 -19 -49 -35 -48 52 -2 54 -41 -5 -28 -40 60 -53 -59 -26
right_child=3 4 5 10 8 18 9 -9 11 -11 -12 14 13 15 -16 -17 35 31 26 20 -22 28 -24 -25 25 30 56 -29 29 -31 36 39 -34 49 -36 -37 37 -39 57 53 -42 -43 -44 -45 45 -47 50 48 -50 -51 -52 59 -54 -55 -56 -57 -58 58 -60 -61 -62 -63
leaf_value=0.00094290724024176592 -0.00051611587612172686 -0.00075310837477445621 -0.0036753594644116159 0.0018221555836498739 0.0026897155735510696 -0.0013306037982337316 -0.0021941549706443993 0.00079590606063241996 0.00040113251818880427 -0.00071850545188304621 0.0042398539634902642 -0.0026792354219180715 -0.0028233825001909968 -0.0012635511043323805 -0.0012737539713834111 0.00012114020064473152 -0.00054111934032576579 -0.00051191592373689638 -0.002131047609280211 0.0013865830935537817 -0.0040284261058914587 0.00087764019146561599 -0.00089248245581984508 -0.0021848333481490618 -0.0022987186349928378 -0.0020072911041868727 0.00042391181985212967 -0.0016743091390998229 -0.0025912481360137463 -0.0019305899759962234 -0.0027402949891984461 -0.0031256845785883041 -0.0012284978486074146 -0.0016733901202678682 -0.0031539936165504152 -0.0044236748558457431 -0.0020790066011250018 -0.0023907653614878657 -0.0025432905927300453 -0.0024266362818731596 -0.0025138981552614518 -0.00085033033785032394 0.0011711110690450965 -0.0017855384759604929 -0.0010251535287311489 -0.0023490021814510523 -0.001125250591965572 -0.0021560061743690641 -0.00020688353106379509 -0.003243735767900944 0.00036359764428594985 -0.002048582509160042 -0.0019436639643986378 -0.00035002841090559997 0.00081651955636003891 -0.0041583703010881958 -0.0018898158181249085 0.0011858225513194153 -0.0028662444464862347 0.00067638829143503582 -0.0024600189165194684 -0.0010813024201197122
leaf_weight=219.9739705324173 365.2179274559021 187.34842216968536 108.04289931058884 4484.7567191123962 205.32858026027679 60.651824235916138 38.775122880935669 2448.4796994924545 919.69323009252548 33.716927230358124 3750.1690995693207 42.885954678058624 28.18261855840683 23.429429233074188 53.3500856757164 928.6927108168602 30.568434417247772 79.07997465133667 76.170496702194214 41.747222065925598 37.090611577033997 33.829263925552368 231.22660350799561 24.830511510372162 74.301271855831146 55.320915162563324 80.021269023418427 28.577060580253601 31.068385124206543 67.808856070041656 61.995378911495209 49.238682389259338 49.13705587387085 48.264005959033966 636.08411031961441 35.347271978855133 117.33936142921448 104.21332383155823 167.8121417760849 57.611619353294373 40.14341938495636 124.17432183027267 354.78119611740112 39.647830724716187 45.213387012481689 47.510161280632019 114.56901258230209 44.451465010643005 25.392454147338867 16.625854909420013 418.88351088762283 24.6645587682724 149.70938867330551 324.86548185348511 33.901278614997864 23.156632602214813 42.427433967590332 38.917797565460205 47.265186011791229 707.28964465856552 23.279383897781372 348.15722328424454
leaf_count=222 384 231 69 4650 193 57 36 2495 799 22 3873 32 25 18 47 770 29 73 69 31 24 40 293 22 94 66 66 14 33 78 73 48 40 63 574 21 152 123 152 37 36 114 350 31 47 36 115 37 23 22 329 31 159 309 19 20 33 35 43 742 20 430
internal_value=-3.2756e-06 -0.00689436 -0.0154925 0.00368016 -0.00372941 -0.018192 -0.0214107 0.000750922 -0.00199921 -0.0198659 0.0051773 -0.00252546 -0.0021986 -0.00352953 -0.0139929 0.000117175 -0.00581101 -0.00517286 -0.0119526 -0.0206681 -0.00860755 -0.00162304 -0.00905266 -0.020336 -0.0106919 -0.0124339 -0.00561567 -0.0218239 -0.0108096 -0.0160639 -0.0171857 -0.00459578 -0.022514 -0.0234298 -0.0246024 -0.019822 -0.0196361 -0.01664 -0.0156596 -0.00759925 -0.0126246 -0.00930614 -0.000876611 -0.00204094 -0.00214769 -0.0108671 -0.000954123 -0.00754378 -0.0160495 -0.0111388 0.000877209 -0.0014984 -0.00446447 -0.00500737 -0.0130901 0.00395778 0.000184638 -0.0179881 -0.0114832 0.000581718 -0.00383699 -0.0086073
internal_weight=19152.4 6671.83 1794.58 12480.6 4877.25 1574.61 1038.06 4222.5 3697.34 930.018 8258.08 3492.02 3395.78 2476.09 96.236 952.122 1523.96 1458.05 536.546 896.301 78.8378 1774.02 1179.9 53.0131 948.676 761.327 198.619 817.463 132.707 98.8772 338.869 1405.03 788.886 739.749 674.859 65.9157 283.548 221.553 337.926 629.935 213.556 173.413 1641.31 1286.53 775.1 92.7235 682.376 148.924 69.8439 64.8899 533.453 1246.88 514.927 416.378 91.5129 4507.91 122.449 277.275 109.462 731.954 62.1972 422.458
internal_count=19119 6233 1592 12886 4641 1370 895 4343 3179 826 8543 2986 2907 2108 79 788 1320 1270 475 804 55 1848 1462 47 1169 938 168 749 151 111 414 1223 735 695 610 50 348 275 307 563 198 162 1697 1347 660 83 577 133 60 85 444 1316 543 365 56 4670 99 250 98 773 55 524
cat_boundaries=0 1
cat_threshold=2848
is_linear=0
shrinkage=0.05


Tree=2
num_leaves=63
num_cat=3
split_feature=37 37 32 31 60 37 9 36 53 58 7 28 60 6 28 3 44 31 14 52 6 32 44 32 6 42 38 31 51 14 42 49 29 5 2 49 6 51 49 42 29 61 31 42 53 49 44 20 3 5 15 32 32 6 20 13 52 29 47 52 37 53
split_gain=175.729 55.4392 34.214 26.3789 12.4315 11.649 8.75978 7.30295 6.51713 6.97551 6.38385 5.85253 5.61894 5.31988 5.04361 5.84145 4.7801 5.38102 7.71267 4.29747 4.1595 4.13935 4.14744 6.95077 4.07188 4.55352 4.01654 3.94951 3.73488 3.72742 3.91119 3.87685 4.71872 3.70448 3.65148 3.96937 3.40663 3.84671 4.92306 4.00627 7.92218 3.71033 3.39389 4.25173 3.34639 3.32118 4.20012 3.91241 3.57185 3.17264 3.15368 3.1181 3.06875 2.99426 2.97194 2.95742 2.90642 2.80773 2.7852 3.27045 2.77405 2.73828
threshold=0.19965794682502749 0.14197953045368197 1.0000000180025095e-35 0.27304878830909735 0 0.12884347885847094 0.059846794232726104 0.19516643136739734 0.034190179780125625 1.0000000180025095e-35 1 0.33327466249465948 2 0.068205274641513838 0.059270983561873443 -0.3284385204315185 0.74540060758590709 0.1724619343876839 -0.00028958509210497135 0.35616774857044226 0.039158120751380927 0.224118746817112 0.93172755837440502 0.21297899633646014 0.037378584966063506 0.10858140513300897 0.21332760155200961 0.17091893404722217 0.68107590079307567 0.0039419590029865512 0.10716886818408967 0.094587855041027083 0.16542929410934451 -0.0056207454763352862 -0.96647599339485157 0.15829201042652133 0.042137360200285918 0.43214622139930731 0.15783093869686129 0.10858140513300897 0.1504042595624924 2.5000000000000004 0.22665710747241977 0.13531579077243808 -0.060579396784305566 0.16040389984846118 0.76472580432891857 0.013558574020862581 -0.26426087319850916 -0.29599697887897486 0.20147000998258593 0.20872037112712863 0.17501309514045718 0.047212442383170135 0.032076271250844009 -0.0011580763384699819 0.092417076230049147 0.15165647864341739 0.35463160276412969 0.16205720603466037 0.16849153488874438 -0.12777855247259137
decision_type=2 2 2 2 1 2 2 2 2 2 9 2 1 2 2 2 2 2 2 2 2 2 2 2 2 2 2 2 2 2 2 2 2 2 2 2 2 2 2 2 2 2 2 2 2 2 2 2 2 2 2 2 2 2 2 2 2 2 2 2 2 2
left_child=1 2 -1 10 58 6 8 -5 14 45 12 50 26 16 -4 -16 17 18 52 21 34 22 -14 33 25 61 -2 -22 -25 30 -19 32 -32 -24 -7 51 -18 -38 39 40 41 -39 -41 -44 -20 46 56 48 -48 -49 -9 -36 -6 -42 -8 -55 -10 60 59 -3 -46 -17
right_child=3 4 5 7 13 20 54 11 9 -11 -12 -13 19 -15 15 24 36 29 44 -21 27 -23 23 28 -26 -27 -28 -29 -30 -31 31 -33 -34 -35 35 -37 37 38 -40 42 53 -43 43 -45 57 -47 47 49 -50 -51 -52 -53 -54 55 -56 -57 -58 -59 -60 -61 -62 -63
leaf_value=0.00089576187822967769 -0.0022712270934134721 -0.0010365528905170579 -0.0031858555599596698 -0.0026313344197653847 -0.0038320255744949011 -0.00055560038873118868 -0.0028890603631388494 0.0017067330060252614 -0.0025205872578547249 4.00623237315677e-05 0.00066244413958508057 0.0039032220780732272 4.9790865112349632e-05 0.00068664077344713151 -0.0033633482877364349 -0.0043371619467823955 4.0118323135221459e-05 -0.0027309907383751379 -0.0026668564086703493 -0.0020601837948991198 2.7068407885973026e-05 0.00066825997094727564 0.00033819673434617851 -0.0010092462259215361 -0.0037956490843043381 0.0002234468706732655 -0.0010127871495334479 -0.0018529058598076799 -0.0023217110131497319 -0.0023521174652540518 -0.001398417372153034 0.00044642511914199279 0.00022035122095859783 -0.0016847124597944741 -0.0021314935131455134 -0.0044348756166466951 0.00039501541935316745 0.0008002948775620661 0.00049180760237114139 2.5955201361770368e-06 -0.0017915125893222088 -0.0015547643770345379 -0.0034741866488880663 -0.0010429186121615507 -0.001156887418045368 -0.0046995204016824612 -0.0032808969636568953 -0.0028439179815896529 0.00011869826118167532 -0.0025980119619723424 -0.0040988884940864377 -0.0011206544304707973 -0.0010064167936468286 -0.0027970200965244728 0.00023787911724562047 -0.0021683975824825976 -0.0030029368972940059 8.2067912713959938e-05 -0.001383622477762401 -0.002656915450964888 -0.0025176908256593915 -0.0027207700703699897
leaf_weight=219.9739705324173 105.4502260684967 122.90965068340302 160.20506703853607 24.33440375328064 29.875383615493774 45.304214119911194 31.108295381069183 3898.4656305909157 33.926826953887939 49.805868685245514 2945.1943515539169 4049.8107606768608 493.90996783971786 381.33782309293747 88.343204379081726 28.779179871082306 978.87426382303238 46.471415638923645 42.062478482723236 30.186348021030426 80.986344218254089 1372.0781689286232 158.11648458242416 42.96461433172226 64.689201593399048 19.259679019451141 337.57236766815186 66.562400341033936 33.218992233276367 35.758391201496124 41.574274957180023 259.0827516913414 63.651039302349091 124.12414139509201 199.14189118146896 25.954230308532715 197.61862099170685 48.814456462860107 79.723271310329437 116.75001257658005 29.782341420650482 38.658989131450653 28.278837621212006 57.411056816577911 61.242683231830597 22.003431558609009 32.316450715065002 28.15099310874939 74.032835602760315 67.152260482311249 22.146574914455414 37.650203049182892 27.488550662994385 32.674384891986847 44.068782091140747 31.266802549362183 114.21985828876495 87.833338916301727 704.75438386201859 125.71454989910126 38.551725029945374 273.03597414493561
leaf_count=222 131 148 143 18 22 41 22 4041 24 42 3009 4176 451 311 66 20 812 37 37 28 63 1372 139 46 45 19 428 59 20 24 43 231 66 115 188 27 199 37 70 90 20 35 24 50 55 20 26 24 60 53 19 33 25 28 38 22 81 72 872 157 35 288
internal_value=6.26139e-05 -0.00746856 -0.0146515 0.00310851 -0.00396729 -0.0172139 -0.019938 0.00495602 -0.0211129 -0.0162511 0.000490024 0.00504014 -0.00126603 -0.00223055 -0.0243335 -0.0216991 -0.00312045 -0.00647731 -0.0118232 -0.000236292 -0.0104368 1.5125e-05 -0.00271903 -0.00681302 -0.0190035 -0.0213177 -0.00634546 -0.0034851 -0.0202169 -0.00302765 -0.0016643 6.62048e-05 -0.00800875 -0.00317139 -0.0137481 -0.0160084 -0.00161539 -0.00438883 -0.00688128 -0.00923454 -0.0146454 -0.00374854 -0.00436196 -0.0119177 -0.00769063 -0.0186052 -0.0173837 -0.0126239 -0.00595526 -0.0199991 0.00365996 -0.013927 -0.0282412 -0.0247474 -0.00336307 -0.0184453 -0.023816 -0.00479256 -0.00886326 -0.0135307 -0.0105334 -0.0228228
internal_weight=19152.4 5514.83 1806.67 13637.6 3708.16 1586.7 1131.1 7994.76 1055.92 421.609 5642.82 7970.42 2697.62 2754.78 634.312 474.107 2373.45 733.592 287.054 2254.6 455.599 2224.41 852.334 358.424 385.764 321.075 443.023 147.549 76.1836 446.538 410.779 364.308 105.225 282.241 308.051 262.746 1639.85 660.979 463.36 383.637 181.197 87.4734 202.44 85.6899 229.69 371.803 349.799 201.653 106.349 95.3033 3920.61 236.792 57.3639 93.7235 75.1771 63.9412 148.147 187.628 953.379 248.624 99.7944 301.815
internal_count=19119 5126 1604 13993 3522 1382 971 8254 911 330 5739 8236 2730 2345 581 438 2034 647 246 2171 411 2143 771 320 372 327 559 122 66 401 377 340 109 254 289 248 1387 575 376 306 142 72 164 74 199 288 268 163 86 77 4060 221 47 70 60 50 105 162 1177 305 90 308
cat_boundaries=0 1 2 3
cat_threshold=2848 2 2816
is_linear=0
shrinkage=0.05


Tree=3
num_leaves=63
num_cat=3
split_feature=35 37 32 30 35 60 41 6 46 60 30 28 8 40 14 38 35 57 16 47 40 6 48 40 1 22 2 46 38 43 32 42 13 43 20 28 8 32 33 40 42 30 42 8 46 19 51 43 41 16 32 51 14 41 33 16 32 14 48 46 62 36
split_gain=159.652 50.2834 31.1899 25.2091 11.5267 9.33884 8.25751 7.59231 7.18002 7.00538 5.66901 5.54596 5.33012 5.25479 4.84713 4.58793 4.35974 4.23188 4.07982 6.02915 4.4508 5.33358 4.30015 3.98652 3.72193 3.66474 4.41792 4.10999 3.50674 3.95863 3.90724 3.56186 3.38952 5.73946 5.21913 4.04443 3.68123 3.86762 4.21576 3.38177 3.35003 3.30089 3.26483 3.25859 5.80747 3.46169 3.22465 3.14531 3.97532 5.09367 4.35895 5.7174 4.44573 3.6273 4.94728 3.2881 3.12953 4.69302 4.96256 3.23918 4.0169 4.97579
threshold=0.19677200168371203 0.14197953045368197 1.0000000180025095e-35 0.27345986664295202 0.10455620288848878 0 1.4186581373214724 0.035273423418402679 0.49455215036869055 1 0.16766928881406787 0.33327466249465948 -0.032798932865262025 0.8977058231830598 0.0017046240391209724 0.21058517694473269 0.22413994371891025 0.0077490352559834727 0.043595438823103912 0.76501035690307628 1.1374514102935793 0.026667679660022262 0.73867514729499828 0.98615080118179332 0.010081168729811909 20.500000000000004 -1.3231157660484312 1.4871966242790224 0.21166124194860461 0.10927047207951547 0.21184615045785907 0.06489176303148271 0.00080370286013931047 0.086988002061843886 0.024350215680897239 0.091882877051830306 0.0023248213110491638 0.10964043810963632 0.082984637469053282 1.1399047970771792 0.098484747111797347 0.2008842080831528 0.076358616352081313 -0.010252870619297026 0.13096781075000766 2 0.68274164199829113 0.082078400999307646 1.0816796422004702 0.06614923477172853 0.20064800232648852 0.39253090322017675 0.0018610546248964968 0.84667569398880016 0.12710281461477282 0.014576200861483814 0.36143304407596594 -0.0020637317793443795 0.64093458652496349 0.21120603382587436 4.5000000000000009 0.20138910412788394
decision_type=2 2 2 2 2 1 2 2 2 1 2 2 2 2 2 2 2 2 2 2 2 2 2 2 2 2 2 2 2 2 2 2 2 2 2 2 2 2 2 2 2 2 2 2 2 1 2 2 2 2 2 2 2 2 2 2 2 2 2 2 2 2
left_child=1 2 -1 9 14 28 7 10 17 12 18 25 -2 -9 32 -13 41 47 19 20 43 24 39 -15 -22 27 -27 -5 29 30 31 -3 33 34 36 -34 37 -4 -39 -21 -10 -14 -33 -6 45 -45 -25 48 49 50 53 -52 55 -7 -55 -53 59 58 -58 -11 61 -61
right_child=3 5 4 11 6 8 -8 13 40 56 -12 15 16 23 -16 -17 -18 -19 -20 22 21 -23 -24 46 -26 26 -28 -29 -30 -31 -32 42 35 -35 -36 -37 -38 38 -40 -41 -42 -43 -44 44 -46 -47 -48 -49 -50 -51 51 52 -54 54 -56 -57 57 -59 -60 60 -62 -63
leaf_value=0.00085097378431819382 0.001422614400869813 -0.00045224040833936055 -0.00091005396988948358 0.0021510206688674836 -0.00052932679594266052 0.00033730184805886161 -0.0024477009629523231 -0.002762962810349507 -0.00022751731129705278 0.00071798719463986055 -0.00057408701637099715 -0.0025135150037872795 -0.0021923340087613174 0.00037472737564408012 -0.002167514785254801 0.0035415131969371676 -0.00073069528101542486 -0.002332755867954288 -0.00082800066788854846 -0.0033045132995728845 -0.0031092018607848703 -0.001683803826977097 -0.001443127344222628 -0.00060337484110456691 -0.0025221328394924043 -0.0018304973569476966 0.00078722843569840471 -0.0042084918322013226 -0.00069904754576273281 -0.002144429679820314 0.00014182935762219117 -0.0025211455829907206 -0.0029146597525723824 -0.0035173461818397882 -0.0030946491890261369 -0.0023273998556303382 -0.0014467904999171449 -0.003300338442150347 -0.0033920215771082538 -0.0019145667329593928 -0.0030999471542866343 -0.00058564838659949593 -0.0013828438634111103 -0.0028210693087301016 -0.0030265011640934151 -0.0013899344635772111 -0.0033936738735874938 -6.1561575818231545e-05 -0.0027994555328079789 0.00066479507678559734 0.0021751373873093588 -0.0028075732580550828 -0.00083224234558360987 -0.0027546930365419963 -0.0013071819964182245 -0.0028067008808640025 -0.0029993971846742399 -9.3515423990000324e-05 -0.00085882848583594077 0.00072271386397469478 0.00025912717316127281 -0.0016088606428099094
leaf_weight=219.9739705324173 121.74268484115601 113.88495475053787 19.97951066493988 2301.0134605169296 64.204763531684875 207.41078609228134 31.786377906799316 117.55529886484146 38.893720865249634 3543.1246217489243 84.259945750236511 20.313361287117004 176.99004983901978 82.238374590873718 42.096463441848755 4235.5098432302475 476.52853667736053 103.96721190214157 65.78170257806778 77.163868308067322 97.637870013713837 39.704778730869293 30.181793332099915 152.91138577461243 33.203208863735199 28.186232507228851 1367.3235750198364 18.61334365606308 240.04127222299576 115.56251382827759 97.603170037269592 81.900545060634613 128.18497997522354 67.823198139667511 34.511259853839874 62.283320009708405 59.270011126995087 47.171733975410461 31.923329889774323 33.986957490444183 38.950709342956543 104.69301581382751 358.4636287689209 21.549693405628204 34.242875576019287 99.581261038780212 27.463229298591614 1912.2264158129692 59.727262318134308 195.09554499387741 25.762511134147644 40.487993836402893 26.711338400840759 32.478247284889221 82.220916032791138 46.119469940662384 38.995454609394073 284.77163100242615 25.843861997127533 92.664961814880371 525.33138126134872 166.58028197288513
leaf_count=222 153 138 22 2368 65 182 22 88 31 3442 87 14 219 54 33 4363 609 103 54 50 97 33 19 129 35 26 1406 17 304 143 123 100 123 59 32 60 52 42 25 29 27 133 438 19 38 99 16 1648 43 162 25 36 25 28 63 45 40 302 22 60 575 102
internal_value=0.000136715 -0.00694298 -0.0138161 0.0030804 -0.0162627 -0.00368863 -0.0133869 -0.0126254 -0.00217667 0.000494432 -0.0157893 0.00488266 -0.003573 -0.00693806 -0.0226237 0.00611648 -0.0051765 -0.00175543 -0.0175041 -0.0189621 -0.0157197 -0.02181 -0.0278593 -0.00297913 -0.0266885 0.0034678 0.00143785 0.00468677 -0.00780124 -0.0095308 -0.00800272 -0.00962792 -0.0241416 -0.0203563 -0.0158918 -0.0292827 -0.0119883 -0.0178869 -0.0228507 -0.0324259 -0.0171553 -0.0101119 -0.0116679 -0.0109588 -0.0148756 -0.00966207 -0.00715043 -0.00136166 -0.00418864 -0.003054 -0.00592278 -0.0133263 -0.0181705 -0.0027074 -0.0098431 -0.0236655 0.00126571 -0.00327658 -0.0154085 0.0016368 -0.0012659 -0.00636062
internal_weight=19152.4 5624.18 1806.67 13528.2 1586.7 3817.51 1093.45 1061.67 2810.05 5557.27 681.499 7970.96 879.954 380.168 493.244 4255.82 758.212 2732.21 597.239 531.457 390.124 170.546 141.333 262.613 130.841 3715.14 1395.51 2319.63 1007.46 767.415 651.852 554.249 451.147 260.679 192.856 190.468 158.345 99.0746 79.0951 111.151 77.8444 281.683 440.364 219.579 155.374 121.131 180.375 2628.24 716.014 656.287 461.191 139.081 113.319 322.11 114.699 86.6075 4677.31 349.611 64.8393 4327.7 784.577 259.245
internal_count=19119 5268 1604 13851 1382 3664 934 912 2418 5657 625 8194 1114 287 448 4377 961 2360 538 484 386 165 98 199 132 3817 1432 2385 1246 942 799 676 415 232 173 183 141 89 67 79 58 352 538 221 156 118 145 2257 609 566 404 131 106 273 91 81 4543 364 62 4179 737 162
cat_boundaries=0 1 2 3
cat_threshold=2848 2816 1
is_linear=0
shrinkage=0.05


Tree=4
num_leaves=63
num_cat=0
split_feature=38 35 32 33 35 61 6 39 30 52 45 33 53 14 6 49 9 47 49 53 14 36 12 30 31 43 52 38 47 50 32 40 52 49 20 32 48 61 47 13 17 53 40 8 51 36 17 42 53 47 51 49 41 14 20 41 5 36 20 45 51 6
split_gain=145.148 46.2502 27.5696 18.1921 13.2128 8.36025 7.92616 6.82518 5.74219 5.07347 7.20187 5.06569 4.95566 4.94898 4.72678 4.65306 4.42412 4.2655 4.6791 5.11002 4.21432 7.3861 5.67031 6.40006 5.80216 3.99779 4.57834 4.44067 4.39587 4.30876 4.14607 6.5462 3.99508 9.3717 5.05515 4.97067 4.59332 3.8378 3.78875 6.75223 3.5765 4.71284 4.66853 3.78306 3.54307 5.91203 4.32636 4.04508 3.46743 3.34069 3.27338 3.25635 4.38808 3.81755 3.24405 3.21634 4.1277 3.16691 3.97632 3.38731 3.98743 2.97456
threshold=0.221919059753418 0.1378256753087044 1.0000000180025095e-35 0.35149961709976202 0.10815431550145151 5.5000000000000009 0.074012406170368208 0.35149255394935613 0.11594388261437417 0.17715633660554889 0.053055031225085265 0.19504358619451526 0.04042243771255017 0.0017364015220664444 0.03604524955153466 0.11038058623671533 -0.018756378442049023 1.2233421802520754 0.11498047411441804 0.16789817810058597 0.00020660999143728989 0.18424911051988604 -0.027679227292537686 0.18879859894514087 0.14853814244270327 0.06029172986745835 0.16288372874259952 0.13787408173084262 0.81892821192741405 0.94417145848274242 0.15116610378026965 1.1284690499305727 0.35616774857044226 0.23270576447248462 0.036402026191353805 0.224118746817112 0.59300386905670177 3.5000000000000004 0.89852622151374828 -0.0020761006744578476 57.350128173828132 0.057376945391297347 0.94780781865119945 0.033298503607511527 0.46718813478946691 0.17294908314943316 58.383413314819343 0.090373642742633833 -0.042668161913752549 1.6566940546035769 0.36737209558486944 0.11804671958088876 0.89554187655448925 0.0019550541182979946 0.013558574020862581 1.250913739204407 0.38309484720230108 0.13961602002382281 0.024350215680897239 -0.24199326336383817 0.56957450509071361 0.055277517065405853
decision_type=2 2 2 2 2 2 2 2 2 2 2 2 2 2 2 2 2 2 2 2 2 2 2 2 2 2 2 2 2 2 2 2 2 2 2 2 2 2 2 2 2 2 2 2 2 2 2 2 2 2 2 2 2 2 2 2 2 2 2 2 2 2
left_child=1 2 -1 6 12 8 32 48 -3 20 -11 15 13 -4 25 -7 -14 18 -18 -20 21 22 38 24 -24 27 28 30 -27 -30 31 -9 35 34 -34 49 -37 -36 -10 -40 41 42 -16 -42 50 47 -47 -46 -6 -2 -26 52 -17 -53 -29 -23 -57 58 -22 60 61 -59
right_child=3 5 4 -5 7 11 -8 14 9 10 -12 -13 16 -15 40 51 17 -19 19 -21 57 55 23 -25 44 26 -28 54 29 -31 -32 -33 33 -35 37 36 -38 -39 39 -41 43 -43 -44 -45 45 46 -48 -49 -50 -51 -52 53 -54 -55 -56 56 -58 59 -60 -61 -62 -63
leaf_value=0.00082852229120442618 -0.00025639576090414202 0.0016315864005598828 -0.002746252048892288 0.0036544779426586601 -0.0026048173874314694 -0.00082210353115340709 0.0013854311679559743 -0.0015958987011303113 0.0010435244879178087 -0.0011670330946740926 -0.0030800282055007751 -0.000287442884820803 -0.0038975525313890841 -0.002059139045992061 -0.0036202435920515193 -0.001454625113159127 -0.00043822123462311638 -0.0039823352213319103 -0.0033121185301002599 -0.0029592933903090403 0.00035250441841107598 1.727748620631295e-05 -0.0014848973671367422 0.00058736631462572714 -0.0024872583287271215 -0.0011184307898842716 -0.0028876829962935259 -0.0019354991089507981 -0.0037103983687786406 -0.00070470510925545952 -0.0027367395574819063 -0.0032386523397344158 -0.0024285406168520064 0.00044595394003682233 0.00035357828671439155 0.00022267335246214451 0.001674553658705387 -0.0022687367612778905 -0.0033362879952201774 -0.00060259091415479891 0.00013000420154518543 -0.00074236063044737666 -0.0027185251719891376 -0.0012643605648076368 -0.0028152748464771778 -0.0023682477026529297 -0.00046400710856793481 -0.0026699138916321803 -0.003590126774122529 -0.0041608420638208007 -0.00060088710742821653 -0.0016241768691758628 -0.0024759044332799381 0.0018420209196733754 0.00025773993832382618 -0.0021138870265527839 0.00013120321035937593 0.0006454559584251284 -0.0021752341678499053 4.2753438468893377e-05 -0.0028150670389885434 -0.0021958562033214967
leaf_weight=217.15512311458588 1182.4882291555405 220.44312649965286 330.07635867595673 4512.9954498410225 36.314595878124237 325.93320894241333 3127.220382809639 32.703205704689026 104.74415332078934 96.015622735023499 63.98667049407959 389.45284301042557 45.299811482429504 34.650514721870422 47.856358408927917 62.81403261423111 92.838505566120148 22.046108245849609 28.970197081565857 23.65289580821991 24.708769738674164 626.20078748464584 100.93608820438385 44.538049757480621 33.831742346286774 254.10694396495819 34.973330140113831 31.669982552528381 39.217199385166168 52.872254967689514 71.700469851493835 29.328526318073273 40.544863164424896 182.22913837432861 47.974640429019928 1940.3169335126877 1372.440544962883 49.286184728145599 27.079968392848969 47.88741147518158 124.95403808355331 60.102568507194519 49.905137479305267 45.15189117193222 25.707151830196381 43.737764060497284 27.751452147960663 56.921661019325256 38.692716121673584 25.08283531665802 38.689749896526337 574.47091710567474 58.10647976398468 35.737984418869019 25.327385544776917 40.825490832328796 28.885277450084686 49.574077188968658 26.708388030529022 1645.9146120548248 56.278871357440948 24.377999842166901
leaf_count=219 1212 203 326 4659 25 402 3190 25 85 77 46 493 36 29 37 78 73 10 29 21 19 603 83 42 35 254 36 34 31 34 59 31 47 188 39 2212 1269 58 21 38 85 50 45 34 24 40 20 40 35 12 27 714 70 41 25 31 27 44 21 1270 33 23
internal_value=0.000170553 -0.00578244 -0.0127122 0.0033533 -0.0150469 -0.00327978 0.00191564 -0.0114831 -0.00194172 -0.00247488 -0.0111596 -0.00647262 -0.0210509 -0.0246124 -0.0102638 -0.00826961 -0.0149147 -0.0111051 -0.00794041 -0.0198421 -0.00202105 -0.00426153 -0.00858204 -0.0121051 -0.0145268 -0.0130143 -0.0100247 -0.0189546 -0.00825707 -0.0176313 -0.0239494 -0.0143029 0.000646787 -0.00474815 -0.0145879 0.00102995 0.00203167 -0.00831745 -0.00125661 -0.00985304 -0.00544987 -0.0108686 -0.0176371 -0.000388326 -0.0189732 -0.0232851 -0.0126156 -0.0324294 -0.0260114 -0.0017139 -0.00972142 -0.0104875 -0.0180248 -0.00898298 -0.00712637 -0.000827655 -0.0110094 -0.000488513 -0.0127104 -0.000131193 -0.00789277 -0.000187879
internal_weight=19152.4 6671.83 1769.57 12480.6 1552.41 4902.26 7967.58 974.877 3455.74 3235.3 160.002 1446.52 577.534 364.727 899.869 1057.06 212.808 167.508 145.462 52.6231 3075.3 1247.74 551.825 372.114 327.576 571.899 381.17 190.73 346.196 92.0895 133.732 62.0317 4840.36 320.035 137.806 4520.33 3312.76 97.2608 179.712 74.9674 327.97 157.864 97.7615 170.106 226.64 154.118 71.4892 82.6288 75.0073 1207.57 72.5215 731.129 120.921 610.209 56.9974 695.912 69.7108 1827.56 51.4172 1776.15 130.231 73.9521
internal_count=19119 6233 1583 12886 1364 4650 8227 840 2852 2649 123 1798 524 355 780 1305 169 133 123 50 2526 1116 455 311 269 529 355 174 319 65 115 56 5037 332 144 4705 3481 97 144 59 251 132 82 119 186 124 60 64 60 1224 62 903 148 755 59 661 58 1410 40 1370 100 67
is_linear=0
shrinkage=0.05


Tree=5
num_leaves=63
num_cat=0
split_feature=37 35 32 35 61 33 42 52 53 41 53 54 43 12 52 49 10 51 12 10 32 49 33 43 46 36 8 50 10 17 5 45 52 39 12 20 10 6 51 43 49 12 5 12 20 41 44 32 51 61 52 22 9 2 20 10 3 6 40 10 10 17
split_gain=129.095 47.489 24.92 18.7273 14.6185 11.164 6.02184 6.80754 5.91818 7.00122 5.73243 4.78329 4.67202 4.21009 4.83833 11.2888 6.91457 4.25099 4.19519 3.977 3.97694 3.90851 3.8543 3.81405 3.60069 3.37126 3.35618 4.46094 3.34441 4.57345 3.28149 3.17167 3.0267 3.00029 2.9898 5.3504 2.9155 2.87179 3.12944 2.82723 2.95837 2.75216 2.67492 3.56113 4.83732 3.24314 3.13251 2.93579 2.6547 2.64841 3.48052 2.57614 3.45407 2.54229 3.41992 3.34893 3.17988 2.58062 2.49426 2.48867 2.47676 3.2562
threshold=0.14197953045368197 0.23362435400485995 1.0000000180025095e-35 0.10815431550145151 5.5000000000000009 0.38644938170909887 0.13469227403402331 0.35616774857044226 -0.071202401071786867 1.0901054143905642 -0.10221667215228079 0.074700377881526961 0.031447701156139381 -0.08559106662869452 0.35616774857044226 0.23270576447248462 -0.05093881115317344 0.8335513472557069 0.059506716206669814 -0.042461620643734925 0.23069089651107791 0.16129281371831897 0.090948130935430541 0.18577772378921512 0.013769341167062523 0.31807181239128118 -0.017926991917192932 0.77671238780021679 0.087737865746021285 51.176891326904304 -0.01745456829667091 -0.18177217245101926 0.1788681894540787 1.5568853020668032 0.038555957376956947 0.031751427799463279 0.097031816840171828 0.055596716701984412 0.54647246003150951 0.082078400999307646 0.10519983619451524 0.10285127535462381 0.053405277431011207 0.017485412769019607 0.0062782422173768291 1.0481734275817873 0.74540060758590709 0.18896929919719699 0.69294884800910961 1.5000000000000002 0.091452784836292281 21.500000000000004 0.021509588696062568 -0.47616066038608545 0.021337076090276245 0.10837907716631891 -0.30893549323081965 0.037378584966063506 0.85301753878593456 -0.016313532367348667 0.13444136828184131 49.708473205566413
decision_type=2 2 2 2 2 2 2 2 2 2 2 2 2 2 2 2 2 2 2 2 2 2 2 2 2 2 2 2 2 2 2 2 2 2 2 2 2 2 2 2 2 2 2 2 2 2 2 2 2 2 2 2 2 2 2 2 2 2 2 2 2 2
left_child=2 4 -1 8 6 13 7 20 -4 11 24 12 -10 -3 17 16 25 21 26 -14 23 32 31 42 28 -16 27 59 29 -5 -27 -12 -15 -8 51 -36 -11 38 -34 40 -22 -17 47 44 -44 46 -46 -2 -49 -24 -51 -21 -53 54 56 57 -52 -55 -41 -6 -28 -62
right_child=1 5 3 10 18 -7 33 -9 9 36 22 -13 19 14 15 41 -18 -19 -20 34 39 -23 49 -25 -26 30 60 -29 -30 -31 -32 -33 37 -35 35 -37 -38 -39 -40 58 -42 -43 43 -45 45 -47 -48 48 -50 50 53 52 -54 55 -56 -57 -58 -59 -60 -61 61 -63
leaf_value=0.00071734607626998338 0.00067159998821632013 0.0035997863599490695 -0.0032173857568046321 -0.0018384535291566776 0.00023476001587032782 0.0039839170244898069 0.0004944904305399135 -0.0033088653300865651 -0.002663379440901155 -0.0029442680187885444 -0.0012968830572347033 -0.000345578422233372 -0.0037634859229340196 0.00068582738551934634 -0.002506995057032794 0.00067259592547256404 0.00031450558712436754 -0.0028893973708938028 0.00026736981208080602 -0.0021355529110892364 -0.0018002655193907662 0.0017852130989021631 -0.00066946985379268619 -0.002078395409087021 -0.003494168597713987 0.0001555845735754069 -0.0014881186858713453 0.0011891352674198983 -0.0030140384403646832 3.8935940989321151e-05 -0.0021288256976690137 -0.0025662470386265874 -0.0027167912582140036 -0.0015587341366961522 -0.002646844014261292 -6.4943776185346497e-05 -0.00072498503480730248 0.00010173934779731726 -0.0011925666657293041 -0.0012253366726470557 -0.00011415063603350162 -0.0021630041145854679 -0.0032297418867740114 -0.00045880543329178403 -0.0020953864693913898 -0.0020007334767031962 5.3973915537058885e-05 -0.00054475424368390861 -0.0020020078667066254 0.0014090421256535779 -0.0023892540330210594 -0.0028563138442874248 -0.0014289461946864926 -0.0021936222525167728 -5.1349933221909023e-05 -0.0021909052882429967 -0.0014009221420405518 -0.0020830941384240675 0.00085011644291219871 -0.0013998426775295879 -0.00272954240934103 0.0014647706594848404
leaf_weight=223.23711717128754 435.74478501081467 511.44872480630875 71.321413397789001 36.998679935932159 73.384819388389587 3665.2087501883507 1741.4828870296478 48.047909498214722 49.110465466976166 58.243874371051788 26.684308588504791 38.360746502876282 33.324766635894775 3913.511839389801 32.512926995754242 396.86582064628601 33.456116378307343 21.280735731124878 164.38254278898239 183.25161999464035 44.656748354434967 1894.5906100869179 298.58545571565628 27.311456143856049 55.404247641563416 19.933221757411957 1232.5910768508911 147.38814252614975 31.106307744979858 38.731904208660126 30.927782237529755 58.913069188594818 38.443316042423248 49.894063115119934 33.643270611763 18.573431730270386 22.753904283046722 99.301743388175964 53.842591166496277 38.19056248664856 63.048013627529144 27.2348513007164 52.171070218086243 575.29443937540054 42.670979380607605 67.26128888130188 156.20335185527802 547.38051253557205 44.477306723594666 39.17047256231308 60.801279485225677 49.103021681308746 24.138097941875458 113.84861212968826 89.090925097465515 43.254183351993561 42.848306655883789 59.895559191703796 743.20123571157455 158.92038035392761 33.80298924446106 78.674903392791748
leaf_count=227 334 527 50 36 89 3783 1478 35 52 58 27 28 32 4220 28 406 39 14 199 176 49 1868 237 22 40 21 1537 186 23 31 33 60 39 42 32 21 22 110 56 42 61 23 48 471 36 56 128 472 30 30 61 42 25 110 76 30 37 53 700 197 44 99
internal_value=0.0003686 0.00169459 -0.012373 -0.0145866 -0.00165452 0.0037429 -0.000154009 -0.00156857 -0.0217207 -0.0198059 -0.0104095 -0.0172315 -0.0188838 0.0025811 0.00223935 -0.00228503 -0.0160436 0.00264669 -0.00536655 -0.0167744 -0.00125031 0.00272668 -0.008722 -0.00251565 -0.0190333 -0.0237482 -0.00609472 -0.00192485 -0.0135608 -0.00777979 -0.0154879 -0.0188079 0.00185759 0.00212181 -0.0149643 -0.0259616 -0.0333574 -0.00426827 -0.0106204 0.00151713 -0.00605988 0.00149624 -0.00224838 -0.00424967 -0.00849676 -0.00573772 -0.00249453 -0.000502963 -0.00279996 -0.00755798 -0.00999219 -0.0126967 -0.0206795 -0.0113565 -0.00712241 -0.0150893 -0.0132928 -0.0119269 0.00256856 -0.0062501 -0.00726786 -0.000119889
internal_weight=19105.1 17304.7 1800.4 1577.16 6566.18 10738.6 4677.04 2885.66 581.825 510.503 995.333 429.505 391.145 7073.35 6561.9 540.931 116.83 6020.97 1889.14 342.034 2837.61 5999.69 833.092 1948.52 162.241 83.3739 1724.76 379.693 106.837 75.7306 50.861 85.5974 4105.1 1791.38 308.709 52.2167 80.9978 191.588 92.2859 889.097 107.705 424.101 1921.2 893.601 318.307 266.136 198.874 1027.6 591.858 747.495 448.909 256.493 73.2411 409.739 192.741 216.998 103.65 173.744 781.392 232.305 1345.07 112.478
internal_count=19138 17522 1616 1389 6355 11167 4004 2484 538 488 851 408 380 7384 6857 550 121 6307 2351 328 2449 6293 721 1597 130 82 2152 472 90 67 54 87 4425 1520 296 53 80 205 95 852 110 429 1575 739 268 220 164 836 502 634 397 243 67 367 174 193 98 163 742 286 1680 143
is_linear=0
shrinkage=0.05


Tree=6
num_leaves=63
num_cat=3
split_feature=37 35 32 35 60 12 31 42 52 13 41 60 32 30 41 11 43 17 34 52 28 15 0 39 41 16 17 60 41 51 22 13 49 52 46 35 53 20 43 14 51 17 49 52 49 22 11 14 13 42 37 48 8 40 35 52 48 20 43 36 35 43
split_gain=119.638 44.4926 22.4806 17.9875 17.2627 9.3551 6.76283 6.29119 7.26537 8.09056 6.09764 5.55743 5.08853 4.67329 4.45591 4.29219 4.46834 4.08195 4.04576 3.99524 3.94775 4.54757 3.70027 3.62867 3.45864 3.43174 5.64811 3.42546 5.9581 5.74772 4.91742 4.91055 4.66798 4.06541 6.50913 4.40419 3.69403 3.28135 5.11949 3.21205 4.16026 3.47243 3.20967 3.16564 5.4329 3.16174 3.11837 3.11285 2.95813 2.87118 2.73168 3.86083 2.72262 2.86941 2.73566 3.36204 2.74213 4.47278 3.54078 3.00957 3.57177 2.92038
threshold=0.14197953045368197 0.24805867671966556 1.0000000180025095e-35 0.10815431550145151 0 -0.061909519135951989 0.18532457947731021 0.13469227403402331 0.35616774857044226 -0.002425582148134708 1.1972265839576723 1 0.22981641441583636 0.078310359269380583 1.4186581373214724 -0.025700361467897889 0.18577772378921512 48.77284240722657 0.094857007265090956 0.14766050130128863 0.33088581264019018 0.20147000998258593 -0.0093477466143667681 1.6527131795883181 1.008092522621155 0.017612771131098274 46.770708084106452 2 0.99928191304206859 0.68417415022850048 18.500000000000004 0.00041612214408814912 0.15995823591947558 0.13148085027933124 -0.24252117425203321 0.14332219958305362 0.051257884129881866 0.011540022678673269 0.061313582584261901 0.00060934593784622859 0.73148077726364147 71.01419830322267 0.10786410048604013 0.37286926805973059 0.25063030421733862 24.500000000000004 0.009822803549468519 -0.0022861487232148643 0.0049970061518251905 0.098484747111797347 0.38960914313793188 0.41624696552753454 0.030044156126677993 1.3597757220268252 0.22742469608783725 0.092581417411565795 0.48033365607261663 0.045931084081530578 0.069380044937133803 0.19115728884935382 0.17133730649948123 0.073178824037313475
decision_type=2 2 2 2 1 2 2 2 2 2 2 1 2 2 2 2 2 2 2 2 2 2 2 2 2 2 2 1 2 2 2 2 2 2 2 2 2 2 2 2 2 2 2 2 2 2 2 2 2 2 2 2 2 2 2 2 2 2 2 2 2 2
left_child=2 4 -1 6 47 -3 10 8 12 -10 13 17 15 25 18 -6 39 22 -5 24 21 43 -7 -14 -15 26 -4 29 42 32 -30 -31 33 34 36 37 -20 38 -36 40 41 -17 -29 -13 -45 -46 -26 -2 -9 -43 51 -24 53 54 55 -49 58 59 -57 60 -58 -60
right_child=1 5 3 14 7 11 -8 48 9 -11 -12 20 23 19 -16 16 -18 -19 27 -21 -22 -23 50 -25 46 -27 -28 28 30 31 -32 -33 -34 -35 35 -37 -38 -39 -40 -41 -42 49 -44 44 45 -47 -48 52 -50 -51 -52 -53 -54 -55 -56 56 57 -59 61 -61 -62 -63
leaf_value=0.0006814787724564842 0.00029434280221575716 0.0046383509456134923 -0.0030718473011573794 -0.0030535107589838286 0.0008173399332975659 0.00032651202591633125 -0.0030932058329183991 0.00018960000346307656 -0.0017014328842324643 -0.0030980153724325722 -0.002613731778410202 0.001014726429031873 0.0004311521978809965 -0.0018625525268442693 -0.0020337020674531503 -0.00072319745940878442 -0.0019763790984451642 0.00025449245234803949 -0.0022726637492706107 -0.0037470661103977941 0.0019169071732975135 -0.0025012693807586334 0.00090698378452791712 -0.0015971670213248839 -0.0021837782415708436 -0.0026198431989193959 -0.0016220477841381161 0.00012909479153560413 -0.0021744812246565818 -0.0029140688066925532 -0.0039635645807260048 -0.0030836659760409644 -0.0033726101695587042 0.00019004425812756915 -0.0025589116506871011 -0.0031013131035554976 -0.0017789238446905453 -0.00069797955060779465 -0.00099116709863494444 -0.00033932078703349523 -0.0025122773613856192 -0.0024132131296980375 -0.0012181294032159356 -0.0031925353569086309 0.0033375312810502294 -0.0019563751636334421 -0.0030499030440346597 -0.00023512553100524109 0.0020014205415783302 -0.0017763352849278159 0.00099045849505169305 -0.0027628629105503795 -0.00018645557797608941 -0.0005207374469550864 -0.00025782548769311131 -0.00067817222605940372 -0.0011335156082532051 -0.0027798478427099997 -0.0019975136656204852 -0.00028201597583153736 -0.0019431595175765414 -0.0019881460422727123
leaf_weight=223.23711717128754 76.728076457977295 2508.0314037799835 27.382079362869263 32.600694835186005 301.86507159471512 33.60478949546814 70.639081001281738 2176.2793814539909 26.207056999206543 30.576407253742218 28.117708683013916 3692.202350795269 1220.2145147919655 254.17946285009384 26.787271738052368 1028.8238872289658 27.180123686790466 322.52825260162354 46.736863255500793 33.531360387802124 2824.8230791091919 24.076119065284729 17.501989603042603 40.780927836894989 38.388153851032257 62.486812949180603 25.563530445098877 133.22766530513763 47.570655107498169 38.164268732070923 30.86143970489502 32.686358094215393 23.671938300132751 56.797662496566772 46.374500572681427 23.108488261699677 28.232340395450592 235.98800677061081 77.989178717136383 912.46048587560654 37.603811264038086 23.357303738594055 114.53597921133041 37.507262885570526 107.41094499826431 54.807861804962158 41.536423087120056 87.723222851753235 469.30536276102066 50.193627238273621 14.726592779159544 67.991477966308594 159.16019749641418 146.97089648246765 90.161855816841125 65.514476895332336 105.66907703876495 25.634851813316345 25.113070487976074 113.94329690933228 79.870418787002563 278.19096696376801
leaf_count=227 92 2562 26 34 278 42 49 2035 22 24 30 3833 1240 236 19 967 21 410 43 31 2931 19 20 37 38 67 24 88 39 25 21 25 24 54 32 23 22 215 84 755 24 21 103 36 110 55 37 103 388 49 18 87 190 189 113 82 127 30 31 138 96 347
internal_value=0.000399388 0.0016759 -0.0118666 -0.0139691 -0.0011887 0.00391948 -0.0209607 -0.000122699 -0.00145507 -0.0191922 -0.0189288 0.00300174 -0.00117667 -0.0175862 -0.00987538 -0.00253726 -0.00334712 -0.00231278 -0.00930934 -0.014792 0.00336075 0.00233546 -0.00970358 0.00138893 -0.0131073 -0.0264215 -0.016819 -0.00869625 -0.0040877 -0.0109065 -0.0162155 -0.0245104 -0.00930684 -0.00829221 -0.00985867 -0.00720167 -0.0233547 -0.00582266 -0.0124012 -0.00307696 -0.00484744 -0.00428273 -0.00038828 0.00247083 -0.00364818 0.000290854 -0.0222314 -0.006522 0.00173796 -0.0147926 -0.0145263 -0.0179625 -0.00721088 -0.00816168 -0.00925235 -0.0102042 -0.0113706 -0.00798385 -0.0143395 -0.00624109 -0.0101676 -0.0166206
internal_weight=19105.1 17304.7 1800.4 1577.16 7599.53 9705.21 581.825 6344.85 3699.26 56.7835 511.186 7197.18 3642.48 483.068 995.333 2381.48 2079.62 456.353 968.546 367.635 6740.83 3916 133.825 1261 334.104 115.432 52.9456 935.945 326.196 609.75 78.4321 70.8506 538.899 515.227 458.429 383.46 74.9692 360.352 124.364 2052.44 1139.98 1102.37 247.764 3891.93 199.726 162.219 79.9246 1254.68 2645.58 73.5509 100.22 85.4935 1177.95 1018.79 871.821 781.659 693.936 325.118 368.819 299.483 185.539 303.304
internal_count=19138 17522 1616 1389 7399 10123 538 5861 3438 46 489 7561 3392 459 851 2115 1837 577 832 342 6984 4053 167 1277 311 117 50 798 251 547 60 50 497 473 419 354 65 331 116 1816 1061 1037 191 4034 201 165 75 1538 2423 70 125 107 1446 1256 1067 954 851 391 460 361 223 378
cat_boundaries=0 1 2 3
cat_threshold=2304 768 3096
is_linear=0
shrinkage=0.05


Tree=7
num_leaves=63
num_cat=3
split_feature=36 37 32 36 60 31 32 52 60 3 29 13 42 52 52 2 14 48 32 15 6 39 31 53 14 31 37 2 49 49 42 61 10 52 48 22 10 1 31 10 37 42 44 29 31 52 32 50 49 36 14 31 51 52 32 42 49 14 52 7 41 52
split_gain=102.061 35.287 25.9494 17.891 12.7222 10.3416 9.29227 7.85087 6.8637 6.22386 6.12677 7.89429 5.9442 6.15184 6.02375 5.03638 4.80291 4.40096 4.21218 4.74243 5.02599 4.1622 4.03272 3.8414 3.66743 3.63127 4.17573 3.5107 3.45368 4.45641 4.14572 3.52848 3.33047 3.29986 3.23995 3.22645 3.36251 3.21015 3.20893 3.57958 3.14471 3.26228 3.29921 3.29728 3.60556 3.40431 4.4482 3.17589 3.01996 2.99582 4.52696 3.86699 2.9272 3.17909 3.32433 4.07738 3.14204 4.44414 3.10411 2.92605 3.43465 3.78098
threshold=0.20615565776824954 0.12590000033378604 1.0000000180025095e-35 0.33560234308242803 0 0.18856325745582583 0.1016150861978531 0.35591617226600653 1 -0.51922801136970509 0.17323321104049685 0.0016048565157689156 0.040821380913257606 0.099421620368957533 0.1278863921761513 -0.21904981881380078 0.0013429808313958349 0.36724944412708288 0.13566030561923983 -0.0010871612466871736 0.026667679660022262 1.3307003974914553 0.077173706144094481 -0.096957441419363008 0.0014172077644616368 0.2010246813297272 0.20184368640184405 -0.44144073128700251 0.14749351888895038 0.14025089889764789 0.096777390688657774 2.5000000000000004 -0.237884946167469 0.094371713697910323 0.65679451823234569 10.500000000000002 -0.040756421163678162 -0.96398484706878651 0.11855572462081911 0.099153701215982451 0.24723834544420245 0.23190926760435107 0.61723655462265026 0.24339061975479129 0.28112493455410009 0.35616774857044226 0.44061952829360967 0.87067610025405895 0.14716069400310519 0.18808408081531527 0.00068769673816859733 0.22983358800411227 0.59447798132896434 0.12580803036689761 0.15116610378026965 0.13321749120950702 0.13156358152627948 0.0026361119234934454 0.18186561018228534 2 1.0607380270957949 0.14962037652730945
decision_type=2 2 2 2 1 2 2 2 1 2 2 2 2 2 2 2 2 2 2 2 2 2 2 2 2 2 2 2 2 2 2 2 2 2 2 2 2 2 2 2 2 2 2 2 2 2 2 2 2 2 2 2 2 2 2 2 2 2 2 9 2 2
left_child=1 2 -1 8 -3 6 21 12 25 16 11 15 -6 33 35 18 23 -17 -8 20 -20 22 -4 -10 28 26 -2 -7 29 -16 -31 -30 -5 -14 -33 36 -15 -25 39 -13 41 42 -11 45 59 48 -47 -43 -44 50 -35 -51 53 -42 55 -55 57 -56 -57 60 61 -45
right_child=3 4 5 32 7 27 10 -9 9 40 -12 38 13 14 24 17 -18 -19 19 -21 -22 -23 -24 37 -26 -27 -28 -29 31 30 -32 34 -34 49 -36 -37 -38 -39 -40 -41 52 47 43 44 -46 46 -48 -49 -50 51 -52 -53 -54 54 56 58 -58 -59 -60 -61 -62 -63
leaf_value=0.00080376116792498008 -0.0017992259416712141 -0.0013117563513698931 -0.0024760098270063136 0.0048104929168781736 0.0020793037385974803 -0.0027889920015375757 -0.0030760852479763305 -0.003220159304416654 -4.7931634851297345e-05 0.00091907829315289685 -0.0040415057088734243 -0.0023992183089101278 -0.00079446310928401882 -0.0012481634777793543 -0.0010705241696031785 -0.0016660670650862652 0.0001211488542200344 -0.0024437758756869037 -0.0026644293437060769 7.9426436755932562e-05 0.00030262008670029454 -0.002103144966639838 -0.002666368028928607 -0.0016504514497678918 0.0001724909915641733 0.0011634560376986799 0.00026568809306607154 -0.0022039426342933899 0.00061202634603347856 -0.0012161325164675122 -0.003661275504593955 -0.00058854845631773072 0.001965060814320871 -0.0031104980105066881 -0.0020329785996464982 0.00040290770787782286 -1.4380483782472364e-05 -0.0020635559168602912 9.3501363535533624e-05 -0.000273121088265902 0.0011535453674249492 -0.0019210262555234379 -0.00048520388565013181 0.00059302324703608845 0.00026615304032682059 -0.0022392430067845379 -0.0012069696311060524 -0.001142694411917343 0.0010056558113085414 0.0010473099275628785 -0.0011616463832240327 -0.0020995287662641453 0.0011329247977496508 -0.002988266141125716 -0.0023117436475289044 0.00024719953709804787 0.00039701425821124514 0.0024072527234951938 -0.0019828316983127891 -0.00094412679969663085 -0.0014299103711232304 -0.0014334394523565846
leaf_weight=200.65101623535156 62.829168379306793 965.67911517620087 37.64487487077713 1738.3530403375626 243.2899187207222 85.696314811706543 46.148299694061279 26.270715475082397 85.867412924766541 403.02456212043762 32.91509735584259 28.854763627052307 605.77025628089905 56.686904668807983 406.81554609537125 181.58598923683167 200.59962403774261 99.98797869682312 85.184405744075775 86.707142293453217 34.794053733348846 21.129258155822754 66.800046443939209 140.5151589512825 351.68519502878189 3102.0199112892151 234.76509475708008 41.256818950176239 162.46069973707199 34.285629630088806 38.236403226852417 133.57533156871796 3475.420026242733 56.58073228597641 31.067949056625366 807.14815270900726 348.35666483640671 73.735818088054657 121.38885104656219 53.827313601970673 514.12727153301239 30.837900459766388 585.56911247968674 42.774550020694733 107.26158428192139 24.301903128623962 29.613795399665833 42.703330338001251 476.43693369626999 46.67368072271347 80.260323166847229 18.622604489326477 1026.5041062831879 20.582247614860535 110.54741853475571 60.725064933300018 628.54336631298065 51.137149930000305 27.014057874679565 82.333945691585541 57.704860925674438 31.249071955680847
leaf_count=202 72 1175 42 1734 232 59 40 17 91 385 26 31 616 49 349 199 205 78 67 63 27 22 71 142 258 3278 267 31 132 26 24 146 3760 50 29 653 284 79 95 44 534 29 563 40 98 27 29 35 463 49 76 20 916 25 118 52 676 60 23 77 49 29
internal_value=0.000475155 -0.00517253 -0.012683 0.00283997 -0.00308728 -0.0159057 -0.0140016 -0.00164442 0.00139063 0.000178998 -0.0119337 -0.0109796 -0.00143814 -0.00201598 -0.000729204 -0.0141758 -0.00509783 -0.018792 -0.00900968 -0.00592133 -0.012364 -0.0266455 -0.0307491 -0.00910179 -0.00330929 0.0031093 -0.00214631 -0.0292976 -0.00516814 -0.00787259 -0.0193135 -0.00118857 0.00513322 -0.00578452 -0.00635697 0.00173175 -0.00190133 -0.0126818 -0.00258224 -0.0101853 0.000787647 -0.000727611 -0.000311855 -0.00143546 -0.00589802 -0.000145592 -0.0123938 -0.0110489 0.000472625 -0.0113283 -0.0155375 -0.00242028 0.00197857 0.000497945 -0.00129211 -0.00950296 -0.000159212 -0.00637897 -0.00472145 -0.00964905 -0.0142749 -0.00703461
internal_weight=19105.1 5638.04 1224.57 13467.1 4413.47 1023.92 896.968 3447.79 8253.32 4853.71 771.394 738.479 3421.52 3178.23 2370.32 534.408 500.718 281.574 252.834 206.686 119.978 125.574 104.445 300.118 1158.13 3399.61 297.594 126.953 806.442 479.338 72.522 327.104 5213.77 807.908 164.643 1212.19 405.044 214.251 204.071 82.6821 4352.99 1913.81 1840.27 1437.25 321.324 1115.92 53.9157 73.5412 1062.01 202.137 136.841 65.2963 2439.18 1412.68 898.549 108.321 790.228 161.685 87.7391 214.062 131.728 74.0236
internal_count=19138 5282 1097 13856 4185 895 805 3010 8362 4745 670 644 2993 2761 1950 474 517 277 197 157 94 135 113 312 964 3617 339 90 706 399 50 307 5494 811 175 986 333 221 170 75 4228 1824 1760 1375 293 1082 56 64 1026 195 126 69 2404 1488 954 100 854 178 75 195 118 69
cat_boundaries=0 1 2 3
cat_threshold=2304 1223 2
is_linear=0
shrinkage=0.05


Tree=8
num_leaves=63
num_cat=3
split_feature=37 35 41 60 35 34 9 41 10 53 13 17 5 41 53 33 35 40 16 22 52 9 46 51 52 2 20 6 14 61 5 18 28 40 38 43 14 29 48 22 48 14 60 38 52 14 38 3 54 46 5 45 20 20 48 52 6 28 14 6 10 62
split_gain=94.2717 38.5084 18.3543 13.7922 12.0108 10.5479 6.13757 4.7534 4.74732 4.605 4.39674 4.25162 4.15223 4.14595 4.00261 4.46067 3.68315 3.57343 4.29102 5.3114 4.31681 3.67457 3.43093 5.33318 3.41989 7.43652 4.76172 3.44859 4.74061 3.14826 3.13452 3.06437 3.41338 3.38185 2.88996 3.4408 3.19029 2.83297 3.34466 2.8234 4.10394 2.78297 2.74339 2.71198 3.45679 2.97456 2.74649 2.61792 2.75195 2.65829 2.53796 2.47344 2.33451 5.33981 3.84376 3.78067 3.34425 2.76199 3.94652 2.44653 2.32488 2.28324
threshold=0.14197953045368197 0.23362435400485995 1.0000000180025095e-35 0 0.10815431550145151 0.38778460025787359 0.057733936235308654 1.0901054143905642 0.095074765384197249 -1.0000000180025095e-35 0.0042697512544691571 62.901954650878913 0.68889808654785167 1.319817125797272 -0.10428355261683463 0.15780255198478702 0.11657221615314485 0.8355008363723756 0.016689918003976349 23.500000000000004 0.14962037652730945 0.01422416139394045 0.12140727788209917 0.69709023833274852 0.35681150853633886 -1.0351785421371458 0.0087852734141051787 0.044594550505280502 -0.0017807274125516412 5.5000000000000009 2.3514571189880376 1 0.088279906660318389 1.2572217583656313 0.21526220440864566 0.090373512357473387 0.0014436336350627246 0.13800338655710223 0.48257011175155645 8.5000000000000018 0.10137946158647539 -0.00043076458678115154 2 0.20580786466598514 0.1278863921761513 0.0014172077644616368 0.20021904259920123 -0.50866666436195362 0.050415785983204849 0.7768228054046632 0.13010443001985553 -0.037879765033721917 0.020326843485236171 0.029192483983933929 0.37040737271308904 0.14067187160253528 0.033469071611762054 0.2011009678244591 -0.00014497939991997552 0.044950675219297416 -0.0600210353732109 24.000000000000004
decision_type=2 2 2 1 2 2 2 2 2 2 2 2 2 2 2 2 2 2 2 2 2 2 2 2 2 2 2 2 2 2 2 1 2 2 2 2 2 2 2 2 2 2 1 2 2 2 2 2 2 2 2 2 2 2 2 2 2 2 2 2 2 2
left_child=2 3 -1 31 6 24 7 9 -9 50 13 14 -13 43 15 -6 41 -11 19 20 30 -20 23 -14 42 -26 29 28 -28 -27 -19 32 33 -2 35 -33 -37 -34 -39 -23 -41 60 -3 44 47 52 -47 48 -5 -49 -4 -43 54 56 55 -46 -54 -56 -59 -55 -16 -40
right_child=1 5 4 10 11 -7 -8 8 -10 17 -12 12 22 -15 16 -17 -18 18 21 -21 -22 39 -24 -25 25 26 27 -29 -30 -31 -32 34 37 -35 -36 36 -38 38 61 40 -42 51 -44 -45 45 46 -48 49 -50 -51 -52 -53 53 59 57 -57 -58 58 -60 -61 -62 -63
leaf_value=0.00060721677543741084 -0.0024698428549509914 -0.00049118320666501276 -0.0023124116537303592 -0.00066906435734673329 -0.0014741088783716281 0.0034310436205085438 7.9045551332473937e-05 -0.0025471979116365798 -0.00076499305727752924 -0.0004127013670323428 0.0011922938272245346 0.0001165526398805624 -0.0002471331994029524 -0.0015600550433419091 -0.0019300488971194952 -0.0029011515450840402 -0.0010828136832035963 -3.8108594141650018e-06 -0.0028076757212671223 -0.0031996824131184927 -0.0035926997924865876 -0.0022082023989476777 -0.0023392271526310893 -0.0031181702606663279 -0.0017926842746655515 -0.0031155165782221789 -0.0043800356172008009 0.00088717975162064396 0.0036221008334316311 -8.7707100839391761e-05 -0.0021410612058360653 -0.00071002912285364071 0.00016275223843359305 -0.00044098768856246366 -0.00014066006060351466 -0.0015746547810908847 -0.0026893845231227734 -0.0021473043238391574 0.00010860752993062592 -0.002244479310489799 0.00011671564335784403 7.9373383040867729e-05 0.00093593380954420176 0.00016093726873696041 -0.0024930767426791893 0.00055949191207993367 -0.0010163696393535558 5.7357391343169919e-05 -0.0027308512772489164 -0.0019891537336181779 -0.0033908172051903343 -0.0015827637118319519 -0.0025308906588093305 -0.0010851312585799858 9.6573856339078626e-06 -0.00040410873641335627 -0.0020684102857198997 -0.003555940853137215 -0.00066694792138388215 0.00017950197401388475 -0.0025594594958599816 -0.0023445100114878555
leaf_weight=223.23711717128754 43.111705720424652 428.18854236602783 46.122961401939392 43.922818303108215 83.164222002029419 3877.3835096359253 21.880347967147827 64.643400013446808 20.549293458461761 39.698766469955444 527.26117092370987 101.40476405620575 155.54841589927673 89.963052570819855 30.423516452312469 33.142971158027649 397.22913599014282 89.09707248210907 29.443645000457764 28.525151431560516 30.076644897460938 30.745858490467072 46.165026247501373 25.386268496513367 34.45083075761795 24.723782360553741 20.447362124919891 275.28496289253235 16.239669382572174 21.484070122241974 46.298484742641449 540.04545164108276 78.640044510364532 21.724976301193237 334.17341393232346 240.88191336393356 37.623217701911926 103.61890751123428 74.966239154338837 58.883229196071625 20.934576034545898 34.604043781757355 6040.3563004732132 2287.9586555957794 30.755548715591431 171.50071495771408 41.901893019676208 1304.7167280912399 23.111394643783569 32.483085989952087 54.925181031227112 54.467793583869934 33.338554561138153 35.888524115085602 254.84854704141617 25.403037428855896 42.872516393661499 28.372800409793854 52.439134240150452 44.081052184104919 33.797153830528259 20.57636547088623
leaf_count=227 54 549 37 40 71 4003 20 62 21 41 419 75 135 69 26 23 363 77 28 23 27 31 33 16 36 19 21 279 20 28 53 665 100 27 416 297 43 133 93 66 15 28 6212 2175 31 121 33 1147 24 27 37 55 27 28 203 24 30 22 42 37 26 28
internal_value=0.000453135 0.00158629 -0.0104351 -0.00142951 -0.0123349 0.00343079 -0.0180505 -0.0190683 -0.0300272 -0.0170853 -0.000177937 -0.00898735 -0.00430501 -0.000680808 -0.0112856 -0.0197528 -0.00948437 -0.014488 -0.0161734 -0.0112981 -0.00781212 -0.0228801 -0.00806763 -0.00492093 0.00225149 -0.0022723 -0.000121329 0.00208477 -0.0122614 -0.0150961 -0.00395352 -0.00563113 -0.00983212 -0.0202006 -0.00442619 -0.00602619 -0.0105493 -0.00738781 -0.0105606 -0.0185824 -0.0134844 -0.0160915 0.00252688 -0.000464845 -0.0017337 -0.00444672 0.000539592 -0.000258872 -0.00989523 0.000221167 -0.0266177 -0.0102543 -0.00639736 -0.0115842 -0.0043147 -0.0164243 -0.0210545 -0.00226949 -0.0103193 -0.0024814 -0.0240811 -0.00373924
internal_weight=19105.1 17304.7 1800.4 6566.18 1577.16 10738.6 581.825 559.944 85.1927 474.752 5070.82 995.333 328.504 4543.56 666.829 116.307 550.522 373.703 334.005 193.997 165.472 140.007 227.1 180.935 6861.18 392.631 358.18 311.972 36.687 46.2079 135.396 1495.36 342.638 64.8367 1152.72 818.551 278.505 277.802 199.162 110.564 79.8178 153.293 6468.54 4453.6 2165.64 761.402 213.403 1404.23 67.0342 1337.2 101.048 89.0718 548 156.181 391.819 56.1586 76.2111 335.66 80.8119 79.9696 64.2207 95.5426
internal_count=19138 17522 1616 6355 1389 11167 538 518 83 435 4499 851 259 4080 592 94 498 361 320 180 157 140 184 151 7164 403 367 320 41 47 130 1856 435 81 1421 1005 340 354 254 112 81 135 6761 4011 1836 598 154 1238 64 1174 74 83 444 122 322 55 57 267 64 65 52 121
cat_boundaries=0 1 2 3
cat_threshold=2848 2 768
is_linear=0
shrinkage=0.05


Tree=9
num_leaves=63
num_cat=2
split_feature=38 37 44 34 35 60 6 44 41 60 3 43 9 41 6 46 8 9 31 2 31 6 11 39 9 31 40 50 22 41 22 37 43 43 33 37 41 31 11 14 44 9 40 17 40 31 5 41 11 17 2 28 51 46 22 46 16 35 34 20 34 11
split_gain=88.455 28.7743 18.3127 15.1314 9.67555 9.36693 5.66333 5.58574 5.50457 5.17269 5.39119 4.84469 5.75954 4.6532 5.00088 4.83015 6.00781 4.54391 4.10002 3.81274 3.81126 3.73092 3.54985 3.32094 4.70947 3.2145 3.10391 4.68101 4.22296 3.0097 3.81213 3.00166 2.82269 4.17767 2.81587 2.79778 2.72667 2.68328 3.31996 3.51586 3.34209 4.87812 4.08308 4.07976 3.46379 4.36305 3.46606 3.18363 2.96479 7.53648 2.89666 4.1458 2.8296 3.51824 4.75714 3.20267 2.81596 2.74425 4.45478 2.6489 2.63548 3.70527
threshold=0.21257845312356952 0.14197953045368197 0.30439813435077673 0.38778460025787359 0.10815431550145151 0 0.07658881321549417 0.28944087028503424 1.1972265839576723 1 -0.51344096660614003 0.090373512357473387 0.017101812176406387 1.4186581373214724 0.035677703097462661 0.11158324033021928 -0.011039876844733952 0.057733936235308654 0.189627580344677 -1.062041640281677 0.18422927707433703 0.03049277234822512 -0.022770409472286698 0.6786019802093507 -0.0065819730516523114 0.2010246813297272 1.0481248497962954 0.7018435299396516 10.500000000000002 0.43832454085350042 23.500000000000004 0.20184368640184405 0.06029172986745835 0.058251503854990012 0.082984637469053282 0.095301911234855666 1.0366613864898684 0.35385727882385259 -0.026291233487427231 0.0012928599026054146 0.73833066225051891 0.020635814405977729 1.1660317778587344 45.525932312011726 1.3000891208648684 0.1724619343876839 0.060140198096632964 1.0315390229225161 0.0080554778687655943 53.009674072265632 -0.030291588045656678 0.13292165845632556 0.45275437831878668 -0.062881924211978898 6.5000000000000009 0.049364477396011359 0.047320708632469184 0.17806945741176608 0.2098798677325249 0.041165379807353027 0.23813077062368396 0.0044551368337124595
decision_type=2 2 2 2 2 1 2 2 2 1 2 2 2 2 2 2 2 2 2 2 2 2 2 2 2 2 2 2 2 2 2 2 2 2 2 2 2 2 2 2 2 2 2 2 2 2 2 2 2 2 2 2 2 2 2 2 2 2 2 2 2 2
left_child=1 2 -1 6 8 11 9 -7 17 25 21 -3 59 14 15 22 -17 19 -14 -4 26 -11 -6 24 -16 31 28 -28 35 30 -9 -2 33 -24 -29 -21 -33 38 -31 40 41 44 -43 52 45 46 -40 50 -41 -50 51 -47 -42 -54 -55 -56 -44 58 -51 -13 -23 -62
right_child=3 5 4 -5 13 7 -8 29 -10 10 -12 12 18 -15 23 16 -18 -19 -20 20 -22 60 32 -25 -26 -27 27 34 -30 37 -32 36 -34 -35 -36 -37 -38 -39 39 48 43 42 56 -45 -46 47 -48 -49 49 57 -52 -53 53 54 55 -57 -58 -59 -60 -61 61 -63
leaf_value=0.0003725550562334111 -0.0016568986267448732 -0.00077431906492800089 -0.00035823698816528235 0.0033045743692196763 -0.0023787053737704686 0.0025969125968596297 0.0010209263902540005 -0.00016301819293485233 -0.0023013035523654561 -0.0021036071869576962 3.4447491430333341e-05 -0.0010418972489635095 -0.00279257866466333 -0.0016809106219782832 -0.0021398262080751036 -0.00013133552817142514 -0.0024926360702710385 7.5093273765849963e-05 -0.0016761206118991998 -0.0026486403400003133 -0.0026384799218327677 -9.1955258756570041e-05 -0.0012589556588078416 -9.3373263798106703e-06 -0.001760523795073767 0.00090421709459900454 -0.0022474748598440113 -7.0311078452031843e-05 -0.0016595427822286984 0.0011087530113995791 -0.0029536891225077785 0.00072073841047203685 -0.00073557526257035525 -0.0022532973602851732 -0.0023271649378896115 -0.001182186308689294 -0.0023928350143460155 -0.0025253302733662213 -0.002399119699436477 0.00092372942706251326 -2.2815055815028629e-05 0.00035438050248022063 3.5613950336945564e-05 5.4956024904520619e-05 0.00089882192739027108 -0.002200068736315322 -0.0030401778579318144 0.00014062813203251332 -0.0018314085810285223 -0.00044952895064377516 -5.4975063259089801e-05 -0.002638211659767767 -0.00065722286914344998 -0.0022882181148691292 -0.0013786933125970605 -0.00067426532452514456 -0.0018415858345465184 0.00070570054252033993 -0.0030183647315307691 -0.0019047675755097207 -0.0020194078379920724 -0.00042833566004672616
leaf_weight=215.86282587051392 49.738958835601807 539.98258996009827 29.575662195682526 3857.9671951532364 29.791503667831421 211.05044317245483 3483.5630522966385 72.939327955245972 41.791561007499695 20.806509613990784 3070.4080904126167 200.75793957710266 38.205110788345337 24.582660913467407 31.905820488929749 34.532930791378021 99.874081134796143 19.675737142562866 35.443594932556152 34.609074652194977 49.020341694355011 218.98056244850159 108.66791504621506 207.19365262985229 97.600869476795197 2171.2545850276947 165.66808223724365 30.878196358680725 132.66261225938797 261.45767772197723 21.139297366142273 194.19070130586624 324.04442405700684 28.019767463207245 40.554093420505524 29.487989485263824 19.086643159389496 20.590733528137207 24.279897630214691 256.18907672166824 191.64069730043411 163.61451530456543 27.629385590553284 651.06737565994263 21.17120236158371 36.630583763122559 48.813063323497772 46.81718784570694 49.019993841648102 247.02021414041519 38.27544766664505 37.367227971553802 152.80625194311142 50.859250426292419 56.639088869094849 92.113196313381195 40.976700901985168 356.16680324077606 22.158697307109833 27.501814484596252 109.86821323633194 92.946834802627563
leaf_count=215 60 659 21 3983 29 199 3529 71 41 21 3046 246 43 18 29 35 85 19 45 32 35 226 106 150 72 2376 175 27 123 239 18 233 300 22 30 30 23 11 21 196 197 157 27 560 23 36 41 43 36 202 41 40 145 40 50 73 37 285 20 32 114 100
internal_value=0.000445086 -0.00469706 -0.0100021 0.00269612 -0.0118914 -0.00236368 0.00161621 -0.00110969 -0.0170627 0.000677382 -0.000550354 -0.00702449 -0.0121886 -0.00887545 -0.00831705 -0.010967 -0.0193934 -0.0156675 -0.0243738 -0.016576 -0.0176436 -0.00571061 -0.00864449 -0.0033819 -0.00966146 0.00244341 -0.0161193 -0.020002 -0.0114072 -0.00166996 -0.0104744 -0.00275616 -0.00754375 -0.013589 -0.00917326 -0.0219677 -0.000150769 -0.00138159 -0.00125046 -0.00178969 -0.00315532 -0.00665648 -0.00139621 -0.00172819 -0.0114558 -0.013229 -0.0233747 -0.00852452 0.000671519 -0.00106194 -0.0130955 -0.0188726 -0.00492498 -0.00758344 -0.0119574 -0.00738705 -0.0116401 0.000411468 -0.0033887 -0.00822619 -0.00467306 -0.00878103
internal_weight=19105.1 5816.32 1776 13288.8 1560.14 4040.32 9430.84 3198.43 573.923 5947.28 3513.01 841.891 301.908 986.214 961.631 624.931 134.407 532.132 73.6487 512.456 482.88 442.602 490.524 336.7 129.507 2434.27 433.86 237.1 196.76 2987.38 94.0786 263.016 460.732 136.688 71.4323 64.0971 213.277 2893.3 2872.71 2611.26 1680.7 485.575 232.221 1195.13 253.355 232.183 73.093 159.09 930.555 674.366 112.273 73.9978 544.058 352.418 199.612 148.752 68.6061 625.346 269.179 228.26 421.796 202.815
internal_count=19138 5427 1594 13711 1379 3833 9728 2808 533 6199 3507 1025 366 846 828 577 120 492 88 473 452 461 457 251 101 2692 417 232 185 2609 89 316 428 128 57 62 256 2520 2509 2270 1531 466 221 1065 245 222 62 160 739 543 117 76 505 308 163 123 64 507 222 278 440 214
cat_boundaries=0 1 2
cat_threshold=2304 1223
is_linear=0
shrinkage=0.05


Tree=10
num_leaves=63
num_cat=2
split_feature=36 35 33 41 60 41 35 29 50 11 42 41 53 14 34 60 44 36 10 50 52 29 41 46 50 40 44 52 52 12 28 42 52 17 14 10 38 50 51 50 31 11 11 48 62 17 17 10 22 22 36 36 29 62 53 10 31 47 13 22 14 20
split_gain=88.6444 22.4043 20.7519 19.9154 6.92205 6.40666 6.77666 5.69875 6.23101 5.63526 8.44756 5.10498 4.38647 4.35979 4.2968 4.12839 4.09541 5.34523 5.30914 4.04664 6.53857 5.17382 3.86443 3.80826 4.89638 3.60632 3.53541 3.51546 3.33832 3.33318 3.31445 4.6232 3.25686 3.93078 3.22837 4.00141 3.21779 3.2162 4.91519 4.67555 4.07673 8.14487 5.33412 5.20395 3.64368 3.86011 3.5305 4.24591 3.19506 4.39903 3.61051 4.06104 3.58105 3.53578 2.99064 2.93598 2.87643 3.6412 4.03842 3.42976 3.77716 3.32233
threshold=0.19323407858610156 0.13408720493316653 0.35383094847202307 1.0000000180025095e-35 0 1.2053748965263369 0.11657221615314485 0.083770062774419798 0.69812265038490307 -0.020702823996543881 0.13012252748012546 0.3282496184110642 0.16789817810058597 0.0017364015220664444 0.11735696345567705 1 0.72896561026573192 0.14716472476720813 0.11725513637065889 0.75048041343688976 0.14670030772686007 0.15165647864341739 1.1899068951606753 -0.32944159209728235 0.81628966331481945 0.78914600610733043 1.2876451611518862 0.098302587866783156 0.37609605491161352 0.018634770065546039 0.088279906660318389 0.066083688288927092 0.35616774857044226 55.088335037231452 5.464147943712306e-05 -0.021658579818904396 0.21916539967060092 0.89671641588211071 0.66894355416297924 0.98790702223777782 0.12859681248664859 -0.010371948126703499 -0.0053909278940409413 0.34266504645347601 15.500000000000002 43.763130187988288 52.445890426635749 0.11257612332701684 10.500000000000002 24.500000000000004 0.16777729988098147 0.17994531989097598 0.14217042177915576 1.5000000000000002 -0.26502853631973261 0.13444136828184131 0.15422515571117404 0.85123631358146679 0.0034703331766650085 7.5000000000000009 -0.00076972870738245536 0.013785732444375755
decision_type=2 2 2 2 1 2 2 2 2 2 2 2 2 2 2 1 2 2 2 2 2 2 2 2 2 2 2 2 2 2 2 2 2 2 2 2 2 2 2 2 2 2 2 2 2 2 2 2 2 2 2 2 2 2 2 2 2 2 2 2 2 2
left_child=1 3 9 -1 30 7 -7 8 12 25 22 -6 34 16 -10 28 17 -13 -19 -18 48 -22 32 24 -9 -2 -23 -16 -12 -30 31 -3 56 -34 35 -5 -17 38 40 -39 41 -25 43 -42 45 -43 -41 -48 50 -50 -21 52 -52 -51 -24 -4 61 -58 59 -59 -61 -11
right_child=2 4 55 5 11 6 -8 23 14 10 15 13 -14 -15 27 36 19 18 -20 20 21 26 54 37 -26 -27 -28 -29 29 -31 -32 -33 33 -35 -36 -37 -38 39 -40 46 42 44 -44 -45 -46 -47 47 -49 49 53 51 -53 -54 -55 -56 -57 57 58 -60 60 -62 -63
leaf_value=0.00084004266964221455 -0.0019588354558628634 3.5631147436089587e-05 0.0032364294845662143 -0.002371217949562918 0.0021247242224683399 -0.0019751487623121526 -0.0013616315732937849 -0.0010669596862031741 -0.00089695639803340276 0.00017171540975022896 -0.00042062476629483247 -0.0023073678074785257 -0.00091566716386679839 0.00041515271927324298 -0.0023958192016914105 -0.00024504742883147481 0.00027241299577673226 -0.0014183436545806242 0.0012165465876487396 1.8642943750481842e-05 -6.4159715550330936e-05 -0.0019927436461842848 0.0006885892211191347 5.078408475377442e-05 -0.0017858123713272009 0.0012539170643281229 -0.00064246040316486919 -0.0027074600164813246 -0.0031609649926527907 -0.0046652795902657812 -0.00086848472250702219 -0.0022698561956073986 -0.0026424690459015705 0.0017878796235118095 -0.0020540679895665634 -0.0025162083230002978 0.00072424264989066076 0.0003160185996566775 -0.0032745818761727831 0.00014061304804790148 -0.00082584494866759007 -0.0036482535557467461 0.00014468581750118337 -0.0023077607453510689 -0.00052693267579659385 -0.0018541128216467775 -0.0012756256882404103 -0.0031615978368214706 0.00070573800255961943 -0.0026495032433098199 -0.0012869543475834647 -0.0014854098747293411 -0.0026730432473683115 -0.00063466668653720099 -0.0017931029502741274 0.00063168716291544115 0.00026881962033560027 -0.0017148997128068957 -0.003857236326624477 -0.0015796236309000124 0.00017784679848079147 -0.0025243453659760263
leaf_weight=219.79205822944641 39.249231517314911 46.007367432117462 3831.3670250177383 43.530447542667389 206.6664297580719 63.94242537021637 34.61166524887085 37.23467081785202 78.718574285507202 52.268753111362457 635.19436872005463 46.460155427455902 30.763242125511169 416.15020316839218 39.86191862821579 699.77009439468384 447.65092360973358 267.55542314052582 77.886591851711273 50.186499178409576 26.522409617900848 48.940361857414246 21.41972154378891 57.921813249588013 75.229716181755066 1725.0378538370132 28.232451677322388 41.655512690544128 16.293941259384155 21.924934148788452 759.6771542429924 116.70131582021713 43.24345988035202 21.71934986114502 121.58329892158508 61.126033902168274 5019.4296551942825 101.50531053543091 46.933683276176453 35.963641107082367 27.566188752651215 29.58824610710144 172.20274370908737 37.94757068157196 29.55219441652298 154.35128146409988 40.912263214588165 38.144739985466003 330.35244899988174 33.069162368774414 25.494021236896515 77.520378053188324 53.136360645294189 118.86912095546722 106.39804011583328 637.6678432226181 779.79924112558365 160.73124265670776 22.703974902629852 105.42127650976181 469.09014189243317 70.498554229736328
leaf_count=221 45 56 3887 40 193 56 31 34 64 64 818 36 35 331 25 583 425 252 57 34 19 33 22 50 49 1816 18 31 21 25 911 145 43 26 135 63 4947 54 28 29 30 24 158 40 39 158 33 24 241 15 22 64 40 103 105 729 839 162 20 118 451 82
internal_value=0.000304411 -0.00558544 0.0022564 -0.0103706 -0.00314269 -0.0125668 -0.0249014 -0.0116276 -0.0164614 0.000990983 0.000441527 -0.00161874 -0.0212991 -0.0023835 -0.00866247 0.00130373 -0.0035496 -0.0080091 -0.00584445 -0.00213558 -0.00428413 -0.015992 -0.00252971 -0.00934165 -0.017973 0.00355602 -0.0225398 -0.0167021 -0.00237626 -0.016757 -0.00677092 -0.0133407 -0.00190443 -0.0128883 -0.0237108 -0.0302284 0.00173906 -0.00807656 -0.010093 -0.00287267 -0.0086474 -0.0128416 -0.00383422 -0.0159689 -0.0173556 -0.0199739 -0.00978557 -0.0156984 -0.00251181 -0.000272943 -0.00771802 -0.011474 -0.019486 -0.00732089 -0.0109234 0.00508959 -0.00147096 -0.000879069 -0.00334878 -0.00269802 -0.000881493 -0.00883735
internal_weight=19276.9 4797.72 14479.2 1620.64 3177.08 1400.85 98.5541 1302.29 417.239 10010.2 8245.91 2254.69 257.003 2048.03 160.236 6392.61 1631.88 391.902 345.442 1239.97 792.323 103.695 1853.29 885.054 112.464 1764.29 77.1728 81.5174 673.413 38.2189 922.386 162.709 1725.48 64.9628 226.24 104.656 5719.2 772.59 556.064 216.526 509.13 271.414 237.717 65.5138 213.492 183.94 115.021 79.057 688.628 482.291 206.337 156.151 78.6304 151.938 127.818 4469.03 1660.51 1537.75 757.947 735.243 574.511 122.767
internal_count=19249 4446 14803 1451 2995 1230 87 1143 393 10187 8326 1883 273 1690 120 6394 1359 345 309 1014 589 70 1932 750 83 1861 51 56 864 46 1112 201 1805 69 238 103 5530 667 527 140 499 271 228 70 221 182 86 57 519 359 160 126 62 118 127 4616 1736 1590 751 731 569 146
cat_boundaries=0 1 2
cat_threshold=3360 2816
is_linear=0
shrinkage=0.05


Tree=11
num_leaves=63
num_cat=2
split_feature=38 35 32 33 32 60 31 42 15 44 13 41 60 52 6 52 32 44 12 44 6 52 11 43 42 41 35 17 43 45 1 43 51 15 16 20 53 8 44 32 53 52 47 52 46 16 16 22 10 57 42 52 8 33 32 53 62 40 44 29 52 43
split_gain=77.4109 30.5585 15.994 12.0709 10.4098 6.65328 6.47249 6.36383 5.94907 6.12051 5.43049 8.10959 5.06141 4.87585 10.2423 4.54626 4.40155 4.37237 4.08589 4.06928 3.6793 3.64514 5.48283 3.98352 5.31042 4.1486 4.21015 4.42341 3.94431 3.45425 3.40696 3.26203 4.28208 3.62042 3.70224 3.25428 3.25016 3.23852 3.22194 3.4354 4.70806 3.42929 3.40799 3.21887 3.13311 3.38545 3.23774 3.0434 3.43087 3.03482 3.15706 2.92299 2.90212 2.86584 2.85832 3.22271 2.79787 4.10175 2.79513 3.30004 3.60132 7.23363
threshold=0.2318433299660683 0.13408720493316653 1.0000000180025095e-35 0.35383094847202307 0.1016150861978531 0 0.18422927707433703 0.099402766674757018 -0.015263994224369524 0.87010917067527782 0.0011950568878091874 1.1102796792984011 1 0.35681150853633886 0.052021631971001632 0.1135263815522194 0.29392251372337347 0.57203388214111339 0.1009606681764126 0.3458488285541535 0.082573194056749358 0.096654273569583907 -0.023984299972653386 0.066193509846925749 0.084189064800739302 0.94547396898269664 0.09161930158734323 53.414228439331062 0.085812177509069457 -0.26224583387374872 -1.0218958854675291 0.18577772378921512 0.59241518378257763 -0.049051482230424874 0.072480760514736189 0.019766175188124183 0.41137692332267767 0.015471801627427341 0.77901068329811107 0.17192125320434573 -0.060579396784305566 0.13024454563856128 0.50755587220191967 0.15880092978477481 -0.11341090500354765 0.050051014870405204 0.028003480285406116 20.500000000000004 -0.237884946167469 -0.044303232803940766 0.16631361842155459 0.16706503927707675 0.056071663275361068 0.094038970768451705 0.22304731607437137 0.29485262930393225 5.5000000000000009 0.9640617072582246 0.94916731119155895 0.15165647864341739 0.14670030772686007 0.12226069346070291
decision_type=2 2 2 2 2 1 2 2 2 2 2 2 1 2 2 2 2 2 2 2 2 2 2 2 2 2 2 2 2 2 2 2 2 2 2 2 2 2 2 2 2 2 2 2 2 2 2 2 2 2 2 2 2 2 2 2 2 2 2 2 2 2
left_child=1 2 -1 13 10 19 12 15 -7 52 11 -4 43 20 30 -8 -17 -14 47 -3 54 23 -23 24 25 26 -19 -28 -24 36 -15 33 -33 -31 38 -9 37 -21 39 40 -35 -41 -43 53 46 51 -11 -16 -49 -40 58 -46 -10 -6 -2 -56 57 -44 -51 -60 -61 -62
right_child=3 5 4 -5 6 8 7 35 9 44 -12 -13 17 14 18 16 -18 21 -20 29 -22 22 28 -25 -26 -27 27 -29 -30 31 -32 32 -34 34 -36 -37 -38 -39 49 41 -42 42 56 -45 45 -47 -48 48 -50 50 -52 -53 -54 -55 55 -57 -58 -59 59 60 61 -63
leaf_value=0.0007980405361601037 -0.00026746972347210243 0.0012114044428444466 -0.0018883044621133252 0.0026881099283966219 -0.0020243129372038006 -8.1344515637503398e-05 -0.0022317047784869517 -0.0018765774059972666 -0.00061494404805617978 -0.00093003489935169321 -0.0022226034505107984 -0.0021470569030178732 9.0450186905572524e-05 -0.0022608479682028533 0.0011857740935549662 -0.0004525666901205969 -0.0030266059972938017 5.1919285937423318e-05 -0.0020808881165159322 -0.00052646372476380845 0.0013214454963669121 -0.0025634739504615828 2.269994595852644e-05 -0.00052930554940352418 -0.003199002451903975 0.0011959535834564488 -0.0022174377770805324 -0.0011606609110587725 -0.0030560375749489519 0.001140573044592914 -0.0021025971725996662 -0.0023111265946470609 2.6031328402928673e-05 -0.0027618625180986342 0.00073801250180332255 -0.00035499104406560872 -0.0027444018066384683 -0.001207184788874896 -0.0028456668742039867 0.00014281430427790163 -0.0010381591380098224 -0.003460460013892966 -0.0031135125328309531 -0.0027394290547881725 -0.0016549089992405994 0.00045075135550435577 -0.0026379892520891667 0.003310485011724536 -0.0015685695412546983 0.00074995752984794513 -0.0034307950130329232 -0.0023777474282663594 0.0027557875312189009 -0.0012032272455232878 0.00095539603172746447 -0.00047687289546938797 5.1727826132115517e-05 -0.0015356731275299124 0.00075532889283246659 -0.0002936027157584516 -0.0017601201290530092 0.00020156901384776513
leaf_weight=219.79205822944641 1021.4749947786331 250.45105367898941 49.984021782875061 4400.4989430904388 95.82127982378006 789.30949735641479 94.76556408405304 39.611190974712372 837.11494052410126 205.96084183454514 52.113233327865601 32.02143806219101 114.13465362787247 30.935079753398895 291.27843487262726 30.999091625213623 27.515495181083679 38.250161051750183 29.652518272399902 93.364732384681702 2098.4450538158417 29.304630517959595 234.06460320949554 144.80725425481796 44.578105211257935 28.019767463207245 41.263785600662231 81.180285394191742 40.00895881652832 203.27589160203934 98.78229147195816 49.456285715103149 43.773724436759949 47.654074907302856 456.97164058685303 61.885144412517548 26.982930719852448 50.354910433292389 30.606236577033997 358.26436465978622 89.776449382305145 34.033086895942688 32.923010587692261 49.992037892341614 297.99624913930893 38.091737747192383 27.932961404323578 70.472909331321716 161.59703594446182 530.69532001018524 35.994304358959198 83.754116892814636 92.48467081785202 114.98717659711838 3070.5965746045113 420.8355655670166 115.08959329128265 89.511908173561096 275.38316166400909 546.42097806930542 103.04997473955154 80.598735392093658
leaf_count=221 1038 209 53 4553 103 857 75 26 963 236 57 34 89 34 294 25 18 34 25 80 2156 25 153 146 29 21 37 75 25 181 112 39 28 37 352 51 26 43 27 344 61 35 20 58 325 37 25 68 162 451 26 97 99 133 3239 463 130 52 233 461 84 59
internal_value=0.000305281 -0.00362937 -0.00961369 0.00285682 -0.0115253 -0.00194443 -0.0101602 -0.017332 -0.00398717 -0.00577188 -0.0248162 -0.0166524 -0.00842431 0.00160805 -0.00241121 -0.0237754 -0.012639 -0.00616127 0.000546982 -0.000562768 0.00202389 -0.00775741 -0.00364864 -0.0110391 -0.0150906 -0.0113709 -0.0144748 -0.0189949 -0.00142739 -0.00103282 -0.0150516 -0.000652439 -0.00986149 -0.000367143 -0.000832216 -0.00753817 -0.00795916 -0.00491733 -0.00162818 -0.00429304 -0.011464 -0.00271879 -0.00695662 -0.0145115 -0.00948244 -0.0120738 -0.00480631 0.00158011 -0.00267694 -0.000349168 -4.19176e-05 -0.0134935 -0.00315633 -0.0123077 0.00121788 0.00189902 -0.00480431 -0.0100653 0.000298316 -0.0012476 -0.00301044 -0.0090691
internal_weight=19276.9 7582.38 1665.1 11694.6 1445.31 5917.28 1311.19 254.776 2372.65 1583.34 134.119 82.0055 1056.41 7294.07 682.718 153.28 58.5146 795.612 553.001 3544.63 6611.35 681.478 303.378 378.099 233.292 188.714 160.694 122.444 274.074 3294.18 129.717 3123.48 93.23 3030.25 2826.97 101.496 170.703 143.72 2370 767.252 137.431 629.822 271.558 260.8 653.736 419.842 233.894 523.348 232.07 1602.75 1572.14 381.75 929.6 210.808 4512.91 3491.43 237.525 122.435 1536.15 1005.45 730.07 183.649
internal_count=19249 7105 1488 12144 1267 5617 1123 195 2639 1782 144 87 928 7591 695 118 43 634 549 2978 6896 545 203 342 196 167 146 112 178 2769 146 2620 67 2553 2372 77 149 123 2020 679 98 581 237 294 720 459 261 524 230 1341 1314 422 1062 236 4740 3702 202 72 1288 837 604 143
cat_boundaries=0 1 2
cat_threshold=215 2312
is_linear=0
shrinkage=0.05


Tree=12
num_leaves=63
num_cat=3
split_feature=36 35 33 41 41 30 29 35 50 6 11 41 52 6 37 2 50 9 6 41 6 31 14 2 14 10 15 60 41 41 52 13 52 5 19 40 62 60 12 52 52 28 61 30 30 5 0 47 37 39 6 30 9 16 5 8 41 47 38 14 5 15
split_gain=74.8292 18.1066 17.2934 15.4874 6.53367 6.26482 6.1604 5.94438 5.64989 5.52046 5.76584 4.99382 4.54297 5.86796 4.48565 4.14855 3.99003 3.98706 4.25327 4.86601 5.83915 3.99571 3.87241 3.75814 3.54716 3.48345 3.42505 3.22417 3.21743 4.0278 3.14849 3.07009 2.99074 5.35092 3.12024 4.06082 3.18624 2.97749 5.09297 3.58582 6.67331 3.66389 6.57433 2.97154 2.96134 2.9244 2.86416 3.3609 2.7813 2.74464 2.62297 4.01292 3.01691 2.80727 3.06077 2.51728 2.45666 2.44544 5.69771 5.16589 3.25357 4.12215
threshold=0.19323407858610156 0.13408720493316653 0.35383094847202307 1.0000000180025095e-35 1.2053748965263369 0.099527116864919676 0.067469231784343733 0.11657221615314485 0.7018435299396516 0.079323582351207747 -0.020702823996543881 0.55358615517616283 0.35733072459697729 0.052021631971001632 0.13350469619035724 -1.1100366711616514 1.0959005951881411 0.059846794232726104 0.024188094772398475 0.89554187655448925 0.017368303611874584 0.16843160986900332 0.00097119685960933577 -0.5972495675086974 0.0017677017604000869 -0.14293333888053891 -0.0049251264426857224 0 0.76942113041877758 0.60722938179969799 0.11295875161886217 -0.00021680589270545167 0.091452784836292281 0.7711162567138673 1 0.94139909744262706 6.5000000000000009 2 -0.030560472980141636 0.2169860973954201 0.1788681894540787 0.2090527340769768 2.5000000000000004 0.095100305974483504 0.20224784314632419 0.18828788399696353 -0.0046030324883759013 0.32500921189785009 0.13595721870660785 0.96911656856536876 0.040201164782047279 0.13114418834447863 0.019179809838533405 -0.01413458678871393 -0.40191426873207087 0.020256680436432365 0.71425774693489086 0.95739039778709423 0.14299023151397708 0.0015621334314346316 1.0000000180025095e-35 0.0070913683157414207
decision_type=2 2 2 2 2 2 2 2 2 2 2 2 2 2 2 2 2 2 2 2 2 2 2 2 2 2 2 1 2 2 2 2 2 2 1 2 2 1 2 2 2 2 2 2 2 2 2 2 2 2 2 2 2 2 2 2 2 2 2 2 2 2
left_child=1 3 9 -1 6 -3 8 -6 28 10 -2 22 14 23 -12 -8 27 18 19 21 -21 24 -7 -14 26 -4 31 50 29 -5 44 -17 -20 34 35 -34 -37 38 -16 40 -39 42 -42 -10 -18 -40 -28 49 -36 -48 51 -13 53 54 -53 -54 -38 -29 -59 60 -60 -62
right_child=2 5 25 4 7 11 15 -9 43 -11 12 16 13 -15 37 17 30 -19 32 20 -22 -23 -24 -25 -26 -27 46 57 -30 -31 -32 -33 33 -35 48 36 56 39 45 -41 41 -43 -44 -45 -46 -47 47 -49 -50 -51 -52 52 55 -55 -56 -57 -58 58 59 -61 61 -63
leaf_value=0.00075813850935209793 0.0011005784417286156 0.00089353961068200512 0.0041706364966381309 -0.0016864719256090865 -0.0017561155750773867 -0.0017015415735614895 0.00020535323318695621 -0.0011892389160295725 0.00041920394376910935 0.00085343453969000593 -0.0020425233517625332 0.00021724757569815262 -0.0023731255032745681 -6.3299476719914932e-05 -0.0025965462092146264 -0.0019114918493945351 -3.5315872778970972e-05 2.5523450189669092e-05 9.5849411316607628e-05 -0.00047514046886112108 -0.0020667392937971144 -0.0021673921358689322 0.00038496048219615909 -0.0008930185622882975 -0.00036277892368155709 0.0014175279428927671 -0.0019210293690924219 -0.00042394369838765866 -0.0024641388845522225 -0.0019062461556103444 0.0013273900330347036 -0.0027169971745840504 -0.0023414148713488871 -0.0020529135619633933 -0.00075116626813434442 -0.0013460365161593606 -0.0030474289818809407 4.8420575772735344e-05 -0.0015081754851537603 0.0015427199237884417 -0.0026075402714719332 -0.00030411995398614002 -0.00098862769021047098 -0.0023849955993723924 -0.001793156002895284 0.00057886086047345589 -0.0016063642562772784 -0.00040006278334876115 -0.0012213220004546723 -0.0022120116027028003 -0.00031737001619363967 -0.0017877429328785666 -0.0025144864471252325 -0.0010120517125114942 -0.0017828421246909526 -0.0014293408015835036 -0.0014026813585244263 -0.0026460612580459768 -0.00074384672915991023 0.00033040821811493158 -0.0029454407185328614 -0.0019083680004107692
leaf_weight=219.79205822944641 1060.7679609060287 282.89679509401321 2082.8517683744431 36.691942632198334 63.94242537021637 176.03576946258545 62.453951239585876 34.61166524887085 30.090699315071106 3081.1077148914337 27.136430323123932 42.174416780471802 68.91743528842926 153.70963835716248 39.635931730270386 43.685065805912018 175.97111457586288 77.211528539657593 43.3396155834198 145.87206882238388 29.534305095672607 32.442368268966675 43.453951179981232 45.15066260099411 24.459576845169067 2386.1830998659134 25.643339872360229 1644.0150573253632 38.857242166996002 42.110212445259094 174.77817702293396 41.802268028259277 28.667868196964264 62.217295467853546 212.16456592082977 52.02864134311676 21.8910071849823 4344.2673751115799 248.52267837524414 543.2186586856842 49.891657829284668 104.03396421670914 56.925376117229462 39.988538980484009 25.230342626571655 186.90835046768188 51.521736741065979 51.450695335865021 42.184760332107544 48.173138558864594 89.693917036056519 18.393977880477905 26.921960711479187 51.361061334609985 21.452744603157043 16.911144256591797 17.810658872127533 37.210291981697083 120.40636336803436 128.41267418861389 32.627688705921173 69.131330907344818
leaf_count=221 1110 292 2054 39 56 188 47 31 24 3084 21 55 78 159 48 46 163 65 28 156 29 26 42 50 17 2562 26 1533 40 42 122 39 21 41 151 34 23 4367 311 517 41 103 60 34 16 238 58 48 36 52 117 24 35 67 28 22 21 23 100 89 24 55
internal_value=0.00032609 -0.00508534 0.00211955 -0.00938731 -0.011324 -0.00288909 -0.0103763 -0.0237735 -0.0187793 0.000964318 0.000180552 -0.0035842 -0.000431926 -0.00679329 -0.000126762 -0.00895483 -0.0029864 -0.0096993 -0.010566 -0.0138318 -0.00708794 -0.0175189 -0.0108416 -0.0153811 -0.0155947 0.00470594 -0.0172949 -0.0037681 -0.0254878 -0.0195047 0.00177928 -0.025577 -0.00719044 -0.00843738 -0.00616084 -0.0128017 -0.00757796 -2.69447e-05 -0.00377092 0.000327761 -0.000128484 -0.00881392 -0.0153215 -0.00742457 -0.00246666 -0.0022731 -0.0132496 -0.0105624 -0.00299392 -0.0159146 -0.00889469 -0.0127585 -0.0169619 -0.0116647 -0.0216342 -0.0278188 -0.0182299 -0.00303307 -0.00662562 -0.00462975 -0.00924864 -0.0158411
internal_weight=19276.9 4797.72 14479.2 1620.64 1400.85 3177.08 1302.29 98.5541 187.739 10010.2 6929.09 2894.18 5868.32 267.778 5600.54 1114.55 2674.69 1052.1 974.889 494.585 175.406 319.178 219.49 114.068 286.736 4469.03 262.276 2298.71 117.659 78.8022 375.98 85.4873 480.304 436.965 374.748 120.398 91.7303 5573.4 475.067 5098.34 4555.12 210.851 106.817 70.0792 201.201 435.431 176.789 151.146 254.349 99.6949 266.909 177.215 135.041 91.2078 39.8467 43.8331 39.7017 2031.8 387.788 350.578 222.165 101.759
internal_count=19249 4446 14803 1451 1230 2995 1143 87 179 10187 7103 2703 5993 287 5706 964 2473 917 852 497 185 312 230 128 286 4616 269 2172 121 81 301 85 355 327 286 99 78 5685 597 5088 4571 204 101 58 179 549 184 158 187 110 348 231 176 119 52 57 44 1824 291 268 179 79
cat_boundaries=0 1 2 3
cat_threshold=2048 1 768
is_linear=0
shrinkage=0.05


Tree=13
num_leaves=63
num_cat=2
split_feature=37 37 49 34 41 53 51 60 14 11 31 49 44 20 31 17 6 14 36 6 53 60 52 31 14 51 1 31 44 32 14 52 20 5 35 49 15 8 44 49 52 45 32 52 15 3 20 10 20 1 10 52 46 45 38 32 13 53 41 36 10 33
split_gain=63.5827 18.9479 16.8407 16.1865 12.824 6.80158 6.41594 6.37256 6.10767 5.22397 4.66167 4.65608 4.57931 4.5085 4.5081 4.39888 4.29542 4.13775 3.95577 3.92971 5.24968 3.75688 4.71579 3.73719 3.73663 3.53766 3.28711 3.36144 3.32358 3.10978 2.90877 5.30856 2.83247 2.79895 2.69515 3.60422 2.64198 2.63993 3.21235 3.85575 8.55552 3.06862 2.8829 3.62544 2.79296 2.86167 2.62798 3.54821 5.35125 2.52082 2.49557 3.68184 8.83219 3.11739 4.2285 2.85977 2.56126 5.88617 2.46047 2.45982 3.65653 2.45379
threshold=0.1951420530676842 0.12884347885847094 0.11520217359066011 0.39500762522220617 0.42114740610122686 0.0014307095552794637 0.31409394741058355 0 5.464147943712306e-05 -0.022203856147825714 0.14726487547159198 0.079072695225477233 0.77520230412483226 0.033413235098123557 0.14301935583353045 52.221199035644538 0.054983291774988181 0.00092375281383283447 0.21802584081888202 0.079788625240325942 0.28176388144493109 1 0.35591617226600653 0.35111123323440557 -0.00050798506708815683 0.5363806188106538 -1.0000000180025095e-35 0.12270945310592653 0.70756810903549205 0.21184615045785907 0.00020660999143728989 0.14962037652730945 0.024350215680897239 6.1163980960845956 0.34954862296581274 0.46775130927562719 0.0076288117561489352 -0.01875598635524511 0.61287084221839916 0.23270576447248462 0.35616774857044226 0.25901624560356146 0.23258846253156665 0.18186561018228534 -0.0010871612466871736 0.69963216781616222 0.019485098309814933 0.025514125823974613 0.01088968710973859 -1.4389150142669676 -0.18495368957519528 0.1788681894540787 -0.075078040361404405 -0.26224583387374872 0.17896791547536853 0.19408874213695529 -0.0032538148807361718 -0.053915262222290032 1.1219730377197268 0.31669737398624426 -0.10778771340847014 0.13615369051694873
decision_type=2 2 2 2 2 2 2 1 2 2 2 2 2 2 2 2 2 2 2 2 2 1 2 2 2 2 2 2 2 2 2 2 2 2 2 2 2 2 2 2 2 2 2 2 2 2 2 2 2 2 2 2 2 2 2 2 2 2 2 2 2 2
left_child=1 2 4 7 -1 8 -4 9 12 -2 24 -12 -6 17 30 59 33 46 21 20 37 29 23 50 25 -7 -19 28 -28 58 31 -8 -30 -14 35 -5 -37 49 -39 40 41 42 43 -40 -43 -46 47 -10 -49 -9 -23 53 -53 54 55 -52 57 -55 -3 60 -11 -13
right_child=3 18 6 34 5 10 14 19 13 15 11 61 16 -15 -16 -17 -18 26 -20 -21 -22 22 -24 -25 -26 -27 27 -29 32 -31 -32 -33 -34 -35 -36 36 -38 38 39 -41 -42 44 -44 -45 45 -47 -48 48 -50 -51 51 52 -54 56 -56 -57 -58 -59 -60 -61 -62 -63
leaf_value=0.00043320662386036658 0.0010072396116528729 -0.001598092578083775 -0.0020949195017231077 0.00095485275518038541 -0.0025397376340742794 -0.00011720907688954521 -0.00058694381224140145 -0.003240583511803387 0.00019456479797822225 -0.0025944829643001935 -0.0020787460594479429 -7.7346689508265179e-06 -0.00087526017411180624 0.0003049822298890198 -0.0026149064962680559 -0.00027973166206915132 -0.0016804998625156347 -0.002750236681021053 0.00024023182785797156 0.00097994698498406001 -0.00064272851839899947 0.00074884423490098476 -0.0024624710834711006 -0.0010382801086957518 0.0001706216265433921 -0.0020919536089938086 -0.00031556696483157068 -0.001065207223219613 -0.0013011845358706616 0.00053679756745160306 -3.5196472321074965e-05 -0.0030535313508674739 -0.0020953634532694756 -0.0019485898795429141 0.0033957379574577479 0.0023532006476094467 -0.0033020015519471427 0.0008380560717030465 -0.0002319924319871658 0.002146770024494322 -0.0017889340505786513 0.0010455495196421848 0.00039700153409262182 -0.0026961917910144667 -0.002000518846404265 -0.00043328170365782687 0.00033657918763506243 -0.00050547266097454027 -0.0018077704051885628 0.0012825305346234779 -0.00066894768549360939 0.00024685969158994849 -0.0027429927395844554 -0.0018797007668706186 -0.00030723364897586444 -0.0021645611644205342 -0.00033154806807108092 -0.00018142821048356216 5.1450597761036615e-06 0.00027317334766475965 -0.00154759921384032 -0.0024692878966230268
leaf_weight=254.77173429727554 264.90693700313568 267.77920889854431 76.214009284973145 423.48873925209045 32.03547191619873 28.29505467414856 36.110878229141235 19.394620954990387 32.710676550865173 37.281857013702393 38.010499715805054 35.539481282234192 54.457288563251495 35.212441802024841 34.682631731033325 651.00470459461212 24.926529765129089 64.684207677841187 517.95525056123734 3045.026351749897 688.86497694253922 86.205498397350311 26.536832809448242 23.145930886268616 163.9255131483078 37.703950047492981 22.296406090259552 58.593555927276611 45.424928426742554 53.385211944580078 35.883718132972717 31.46900874376297 20.965351581573486 22.712464213371277 3240.1719650626183 25.992432177066803 43.496853172779083 1032.0018592476845 916.83197683095932 350.61293178796768 41.101370632648468 45.826526522636414 1638.2823302745819 30.580712020397186 61.387009918689728 35.526223182678223 28.666585803031921 55.782179057598114 37.313176214694977 1196.8574590086937 30.677069425582886 48.292830884456635 49.36644834280014 33.276770710945129 74.583526194095612 58.286461412906647 2382.2242707014084 57.551034390926361 46.027086317539215 47.021576285362244 345.60777258872986 31.998361647129059
leaf_count=238 336 348 76 407 28 23 41 19 36 49 28 21 51 34 26 831 19 36 528 2988 728 73 23 18 113 31 24 56 52 69 32 31 24 26 3378 27 43 968 838 313 42 44 1692 26 60 36 24 51 39 1183 31 53 48 31 70 53 2108 50 60 60 437 21
internal_value=0.000332014 -0.00445808 -0.00956266 0.00205358 -0.00710959 -0.009996 -0.0224159 0.00104322 -0.0134959 -0.00215752 -0.00438905 -0.0130843 -0.0227641 -0.0103834 -0.0159035 -0.0037181 -0.0174705 -0.0120303 -0.00263455 0.00151773 0.00078166 -0.00328411 -0.00263969 -0.00245069 -0.000371766 -0.0104279 -0.0165777 -0.0123719 -0.0185175 -0.00801541 -0.0105827 -0.0166879 -0.0241252 -0.0115183 0.0048799 0.00142152 -0.00910609 0.00130962 0.000707964 -9.03338e-05 -0.000717347 -0.000373978 1.81982e-05 -0.00217514 -0.00750819 -0.0123228 -0.00575145 -0.00888241 -0.0138706 0.00335928 -0.00228407 -0.00254951 -0.0120895 -0.00219381 -0.00888485 -0.01624 -0.00174896 -0.00999426 -0.0101346 -0.00764456 -0.00897308 -0.00509948
internal_weight=19276.9 5095.68 1340.39 14181.3 1126.03 871.254 214.36 10448.1 535.781 1345.82 335.473 105.548 134.132 401.65 138.146 1080.92 102.096 366.437 3755.29 9102.29 6057.27 3237.34 2870.15 2843.61 229.925 65.999 211.964 147.28 88.6867 367.192 103.464 67.5799 66.3903 77.1698 3733.15 492.978 69.4893 5368.4 4152.15 3120.15 2769.54 2728.43 2585.7 947.413 142.74 96.9132 154.473 125.806 93.0954 1216.25 2820.46 2734.26 97.6593 2636.6 163.547 88.9635 2473.05 90.8278 313.806 429.911 382.89 67.5378
internal_count=19249 4744 1181 14505 975 737 206 10650 500 1713 237 70 124 376 130 1377 96 342 3563 8937 5949 3035 2558 2535 167 54 192 156 100 477 104 72 76 77 3855 477 70 5221 4019 3051 2738 2696 2556 864 140 96 150 126 90 1202 2517 2444 101 2343 154 84 2189 81 408 546 486 42
cat_boundaries=0 1 2
cat_threshold=2816 2080
is_linear=0
shrinkage=0.05


Tree=14
num_leaves=63
num_cat=3
split_feature=36 60 34 33 43 52 40 39 42 6 39 14 22 39 7 37 43 60 34 8 43 13 32 9 5 51 14 49 22 30 39 39 13 17 49 52 16 37 15 36 47 51 15 5 51 47 15 14 20 29 13 22 36 40 15 1 17 61 1 2 50 20
split_gain=56.8849 16.3053 16.178 12.0456 9.05052 8.81224 7.95787 5.39561 7.34199 5.39289 5.24139 5.23123 6.1414 7.06432 5.16354 5.06592 4.90402 4.78288 4.63556 5.51031 3.84123 4.10933 4.84422 4.51629 3.80633 3.77815 3.76033 3.69577 3.65711 3.85083 3.62426 3.61713 4.94833 3.19125 3.16425 8.71407 4.10493 3.25986 3.44763 3.06552 3.06196 3.0405 2.84369 2.91994 2.68821 4.13058 4.39638 2.73888 2.74316 2.74571 2.67256 2.58266 2.55967 2.49266 2.49249 2.50082 4.89339 2.66926 2.4903 2.57873 2.45536 2.85866
threshold=0.19323407858610156 0 0.44252017140388494 0.10051933676004411 0.035846097394824035 0.098302587866783156 0.85013139247894298 0.80490389466285717 0.093586452305316939 0.079788625240325942 1.8033390045166018 -2.649222824402386e-05 9.5000000000000018 0.44836209714412695 1 0.16284613311290744 0.06245172210037709 2 0.11462253704667093 0.021316853351891044 0.089626379311084761 0.0011950568878091874 0.1016150861978531 0.020635814405977729 -0.40191426873207087 0.71201220154762279 -0.00048380311636719847 0.46775130927562719 13.500000000000002 0.12590540200471881 1.6527131795883181 0.65583926439285289 -1.0000000180025095e-35 81.770122528076186 0.23270576447248462 0.36091753840446478 0.031143493019044403 0.13350469619035724 0.01548726996406913 0.15926168113946917 0.71923643350601207 0.32470278441905981 -0.0025275920052081342 0.028741336427628997 0.52542254328727733 1.0551880002021792 0.028265381231904033 -0.0015336649375967679 0.013103149365633728 0.15294643491506579 -0.0027282565133646126 21.500000000000004 0.14926993846893313 1.2533816099166872 0.019608048722147945 0.54965543746948253 63.276819229125984 3.5000000000000004 0.49907910823822027 -0.95650258660316456 0.91559582948684703 0.024016110226511959
decision_type=2 1 2 2 2 2 2 2 2 2 2 2 2 2 9 2 2 1 2 2 2 2 2 2 2 2 2 2 2 2 2 2 2 2 2 2 2 2 2 2 2 2 2 2 2 2 2 2 2 2 2 2 2 2 2 2 2 2 2 2 2 2
left_child=1 3 9 15 -3 6 7 8 -6 14 31 12 13 -7 17 20 18 24 -8 25 21 26 -23 -24 -2 28 53 -11 -20 -30 54 32 -5 -21 35 37 -37 -19 -39 -18 -34 51 43 -28 -14 46 47 52 -49 -50 -26 -41 -46 -1 -13 57 -57 -56 59 -15 -43 -62
right_child=2 4 -4 10 5 11 16 -9 -10 27 -12 30 44 58 -16 -17 39 34 19 33 -22 22 23 -25 50 -27 42 -29 29 -31 -32 -33 40 -35 -36 36 -38 38 -40 41 -42 60 -44 -45 45 -47 -48 48 49 -51 -52 -53 -54 -55 55 56 -58 -59 -60 -61 61 -63
leaf_value=-0.0022012730570524705 -0.0017683300533302374 0.00098230697255395952 0.0035349858021772153 -0.0017197489056366361 -0.0018840649450959507 -0.0023393475292975453 -0.00077522500770539973 -0.003368352144426095 -0.00031780633374188348 0.00081509417130304026 -0.001253561862196083 0.00026197634352637323 0.00027047827780315374 -0.00040561737636937966 0.00040979831087580932 0.0012160951244517431 0.00021199473249408526 -0.0026614387417256791 -0.0029580886648906349 0.00031463107085812157 -0.0024169247583422232 -0.0018750899165616446 -0.0016571695129059866 -0.0009206686889236843 -0.0017857157285270876 -0.0020635894184214136 -0.0016445855519475741 -0.002075588330259507 -0.00024437593752425773 -0.0025502299130956948 -0.0024336341171084784 -0.00070802352357992454 -0.00036637446955169672 -0.0029117936959613239 0.001378242715090082 -0.0021424089760442586 -0.00070530918549080587 0.00013233841932891178 -0.00073420073994036241 -0.0010791615434829996 -0.0024109588311741737 0.00067031584443281306 -0.00066203777813656287 -0.0020621197017900955 -0.0020796765699963157 0.0012099360651859571 -0.0020444757794267003 0.00087807872428059548 -0.00030665310802877803 -0.0017628159306564814 -0.0011796907706005861 -0.0016285023280409212 -0.0026934407061659266 -0.0018585965682265178 0.00018454695842430911 -0.0026556791088582876 -0.00032286343178716679 -0.0017710814853965655 -0.00055167192808030737 -0.0018836983790780949 -0.0016694956499564825 -2.416998335674874e-05
leaf_weight=37.808664202690125 30.592186689376831 393.42693030834198 2863.1923283934593 114.52591818571091 48.456002473831177 27.484464704990387 72.239197850227356 25.629561305046082 48.059308886528015 3994.2399954795837 16.722713589668274 735.80790799856186 289.38264358043671 30.54950076341629 3475.1836223602295 33.266529083251953 134.11424332857132 16.884422183036804 33.357816636562347 52.911246418952942 25.943187534809113 52.113233327865601 18.753999829292297 39.154379785060883 38.429760217666626 25.997831702232361 28.12853729724884 39.240287721157074 42.866395950317383 37.493020355701447 40.463418483734131 876.90441262722015 149.08220267295837 23.153752446174622 458.0822246670723 42.194674551486969 24.529337584972382 2209.3862125277519 959.93850696086884 26.570883452892303 26.597917199134827 72.602321743965149 87.542092263698578 30.143629133701324 27.919683754444122 60.236734449863434 24.816579163074493 93.729290425777435 28.552717387676239 50.446805715560913 327.33514380455017 22.342325985431671 22.017731845378876 29.650169610977173 269.75886392593384 42.230437457561493 110.00726079940796 32.81624847650528 56.032733261585236 114.08129960298538 58.975455343723297 56.849817156791687
leaf_count=41 39 365 2942 139 35 21 45 16 35 4032 20 551 257 28 3569 43 104 12 26 46 29 57 21 44 48 12 34 39 31 34 30 1030 178 16 431 43 24 2229 983 31 33 72 99 34 23 52 18 75 22 38 412 24 21 35 173 27 84 39 48 98 55 57
internal_value=0.000360085 -0.00435805 0.00192381 -0.00853142 -0.00229984 -0.00329326 -0.00781371 -0.0195485 -0.0140263 0.00109348 -0.00608584 -0.00157229 -0.00465279 -0.0116334 0.00030697 -0.0163067 -0.00563003 -0.000892389 -0.0105291 -0.0141984 -0.0180838 -0.0165602 -0.0244573 -0.014321 -0.00604205 -0.0200978 -0.0124534 0.00257076 -0.0160635 -0.01017 0.000488851 -0.00568075 -0.0105296 -0.0032847 -0.000323728 -0.000873753 -0.0187451 -0.000497354 -0.000378662 -0.00181615 -0.00521355 -0.0052392 -0.00787516 -0.0164363 -0.0019757 -0.00523192 -0.0080984 -0.00583823 -0.00281733 -0.00968958 -0.00475658 -0.0163504 -0.0161608 -0.022249 0.000993421 -0.00190961 -0.0071373 0.000705618 -0.00833458 -0.0118011 -0.00232122 -0.00685573
internal_weight=19276.9 4797.72 14479.2 1566.34 3231.38 2837.95 781.619 122.145 96.5153 11616 1183.83 2056.33 825.25 228.148 7582.56 382.504 659.474 4107.37 288.019 215.78 349.238 323.295 110.022 57.9084 396.357 139.715 213.273 4033.48 113.717 80.3594 1231.08 1167.11 290.206 76.065 3711.02 3252.93 66.724 3186.21 3169.32 371.455 175.68 237.341 145.814 58.2722 597.102 307.72 247.483 222.666 172.729 78.9995 365.765 48.9132 49.9374 67.4588 1190.62 454.813 152.238 302.575 200.664 144.631 188.428 115.825
internal_count=19249 4446 14803 1837 2609 2244 639 86 70 11861 1400 1605 701 195 7790 437 553 4221 210 165 394 365 122 65 499 103 243 4071 91 65 904 1380 350 62 3722 3291 67 3224 3212 343 211 239 167 68 506 249 197 179 135 60 460 55 44 76 874 323 111 212 174 126 184 112
cat_boundaries=0 1 2 3
cat_threshold=3328 2 768
is_linear=0
shrinkage=0.05


Tree=15
num_leaves=63
num_cat=3
split_feature=38 37 49 12 44 60 6 32 15 50 31 40 60 31 53 31 2 10 38 44 2 46 53 43 44 8 10 43 38 13 53 32 43 6 10 6 2 35 32 40 10 14 33 10 31 13 1 35 5 5 37 12 38 18 35 40 44 6 46 23 12 6
split_gain=54.455 24.8356 15.6653 12.2605 12.2312 6.70915 5.8099 4.83376 4.76697 4.02524 3.78084 3.77582 3.69822 3.604 4.12249 3.50437 4.12554 3.50441 3.49393 5.65547 5.38023 4.64949 3.39422 3.14931 5.44295 3.10042 3.14068 3.3176 4.21633 3.01238 3.00682 2.98045 2.94429 5.46038 3.18114 2.8412 4.02537 2.81097 2.71952 2.71144 5.63892 3.82595 3.20778 2.70482 2.68932 2.70899 3.83489 3.44891 2.64207 2.63743 3.45966 2.59273 2.59069 2.45563 3.08092 2.66753 2.40241 3.54213 3.98971 4.04255 3.09238 2.52235
threshold=0.2318433299660683 0.12590000033378604 0.11520217359066011 -0.061909519135951989 0.50709107518196117 0 0.026667679660022262 0.15494560450315478 0.041525933891534812 0.5343015491962434 0.35385727882385259 1.2103444933891299 1 0.11426603794097902 0.36316613852977758 0.14726487547159198 -0.17258500307798383 -0.04867227375507354 0.15371840447187426 0.74961072206497203 0.89429911971092235 -0.24252117425203321 -0.15857999771833417 0.06245172210037709 1.8568160533905032 -0.026005743071436879 -0.062200047075748437 0.10719183832406999 0.2095717787742615 0.0015234719030559065 0.29485262930393225 0.17501309514045718 0.18110491335392001 0.088743779808282866 0.075106497853994383 0.035677703097462661 -0.082950878888368593 0.52581849694252025 0.17371170967817309 0.91777771711349498 0.049532651901245124 -0.0012534240959212182 0.15417516976594928 0.15992661565542224 0.28112493455410009 0.00041612214408814912 -0.59872043132781971 0.2569903433322907 -0.96512448787689198 0.13679707050323489 0.34606367349624639 0.0023997710086405282 0.10647909343242647 2 0.22205293178558352 1.3105604052543642 0.87010917067527782 0.033469071611762054 -0.18095082044601438 3.5000000000000004 0.0068483112845569858 0.028829430229961876
decision_type=2 2 2 2 2 1 2 2 2 2 2 2 1 2 2 2 2 2 2 2 2 2 2 2 2 2 2 2 2 2 2 2 2 2 2 2 2 2 2 2 2 2 2 2 2 2 2 2 2 2 2 2 2 1 2 2 2 2 2 2 2 2
left_child=1 2 4 37 38 48 9 22 12 11 13 -4 29 -7 18 16 -9 -17 19 20 35 -21 -6 -19 -25 -16 -27 -28 -29 49 -14 -18 -20 34 -34 36 -15 -2 -1 42 41 -41 52 -42 45 46 47 -32 -3 50 53 -13 -24 55 -55 -5 -50 58 61 60 -60 -58
right_child=3 5 6 8 7 10 -8 15 -10 -11 -12 51 30 14 25 17 31 23 32 21 -22 -23 39 24 -26 26 27 28 -30 -31 44 -33 33 -35 -36 -37 -38 -39 -40 40 43 -43 -44 -45 -46 -47 -48 -49 56 -51 -52 -53 -54 54 -56 -57 57 -59 59 -61 -62 -63
leaf_value=0.00037071785439779975 0.0018659037509074301 0.00012399267063762653 -0.0023415461861806125 -0.0023073503357006657 -0.0027775423529702811 0.0013963901571420691 -0.0018206396697930519 0.00032196874350841478 0.0011089919278967687 -0.0018766754891224174 -0.0028374618626339134 -0.0020403979559525331 0.00048596113064898889 -0.0022757431989063196 0.0003486455552964376 -0.0013168440350971615 -0.00077141010116256708 -0.0019033078752893598 4.8910577347046737e-06 -0.0019604270449534371 -0.0025540580043849378 0.0002111061362939433 -0.0012343401780309975 -0.00037207211246758308 -0.0018107297764298127 -0.002286863119778236 -0.00058492837946614641 -0.0012299970199676118 -0.0037924149332291797 0.00035049972277866536 -0.0011605109487901938 -0.0012454391268973126 0.00032121112543847798 -0.0018937226146470089 -0.0025678043562137108 -5.278792437571514e-05 -0.00036948671988386723 0.0072733891167750453 -0.0014505587222268916 -0.0019884746099424035 -0.0018430066656172938 -0.00087388673795915856 -0.0018562198644334366 -0.0013752444363537564 0.00040088457032150807 -0.00022351580622272246 -0.00067932174362934732 -0.0017361036671603991 -0.00058718645537269719 0.00048100487993388356 0.0015240622572963707 -0.001774455980202273 9.4231906906122207e-05 0.0013437095277758146 -0.0025116339279724442 -0.0017394536432084003 0.00047431768348479147 -0.00077850844821475374 -0.00096860740488246698 -0.0019051754597652988 -0.0021482003855693502 -0.0016012352658851953
leaf_weight=262.96978956460953 1510.5271354317665 121.75318366289139 39.617041349411011 33.423404932022095 23.417620897293091 281.77641534805298 53.166161298751831 93.710155785083771 3313.6834709048271 46.506552457809448 26.726446449756622 21.882624745368958 4846.3140202760696 33.732086181640625 70.129874408245087 41.7671138048172 32.556015968322754 30.885200500488281 3780.6742788553238 33.138349294662476 24.593947529792786 234.99035459756851 84.942162990570068 56.312817513942719 40.85425591468811 44.458489120006561 172.649034678936 33.015812337398529 35.002492368221283 175.95841956138611 35.341927945613861 32.023800730705261 74.232385694980621 27.751305997371674 41.481241226196289 38.724680483341217 56.029256582260132 1108.268752515316 22.919861912727356 21.854374885559082 85.494722485542297 106.67973786592484 20.133235335350037 26.206689476966858 245.79029631614685 177.76087898015976 99.429591953754425 19.326948583126068 605.13281226158142 60.540195465087891 25.802356481552124 21.946081638336182 54.486534953117371 36.869327545166016 66.826128959655762 18.541505813598633 60.784179747104645 309.18096077442169 75.71421492099762 46.200026333332062 30.388211071491241 22.467790544033051
leaf_count=247 1528 146 42 44 16 255 47 59 3448 40 16 23 4966 28 67 34 24 20 3335 26 15 180 82 43 34 39 167 32 30 222 40 24 63 23 31 27 63 1133 12 18 80 104 20 30 293 180 102 21 747 76 33 22 47 47 85 23 76 374 92 55 37 28
internal_value=0.000357962 -0.00297133 -0.0094989 0.00247937 -0.00711023 -0.00170211 -0.0229902 -0.0104601 0.00161566 -0.0171986 -0.000869564 -0.0237799 0.000755245 -0.000769444 -0.00109959 -0.00587629 -0.000489881 -0.0108643 -0.000674844 -0.00500231 -0.0126683 -0.000603905 -0.0139998 -0.0149676 -0.0104468 -0.00627914 -0.00859977 -0.00630914 -0.0156682 -0.00372197 0.00110606 -0.0102339 -0.000208953 -0.00723741 -0.00240381 -0.00850063 -0.0133894 0.00549692 0.00167639 -0.0128889 -0.0162643 -0.00905042 -0.0077686 -0.024505 -0.00229807 -0.00523711 -0.0100904 -0.0207389 -0.00493176 -0.00743215 -0.0104493 -0.0134346 -0.00502046 -0.0132696 -0.00873005 -0.022198 -0.00571325 -0.00812906 -0.0127594 -0.0175776 -0.0121036 -0.00387438
internal_weight=19275.5 7501.06 1220.33 11774.4 1037.21 6280.73 183.118 751.324 9155.61 129.952 5009.11 83.4457 5841.93 4982.38 4700.6 328.109 158.29 169.819 4345.35 421.209 153.08 268.129 423.215 128.052 97.1671 355.256 285.126 240.667 68.0183 417.961 5423.96 64.5798 3924.14 143.465 115.714 128.486 89.7613 2618.8 285.89 399.797 240.236 128.534 159.562 111.701 577.65 331.859 154.098 54.6689 1271.62 242.003 181.463 43.8287 139.429 155.66 103.695 51.9649 1149.87 544.735 235.554 152.302 106.102 83.252
internal_count=19261 7020 1068 12241 894 5952 174 635 9580 127 4397 87 6132 4381 4126 238 107 131 3791 339 133 206 397 97 77 335 268 229 62 530 5602 48 3452 117 94 118 91 2661 259 381 232 122 149 110 636 343 163 61 1555 308 232 45 129 199 132 67 1409 662 288 184 129 104
cat_boundaries=0 1 2 3
cat_threshold=2336 768 2
is_linear=0
shrinkage=0.05


Tree=16
num_leaves=63
num_cat=1
split_feature=34 33 36 49 44 62 40 36 31 32 52 47 57 62 49 11 52 49 64 49 1 29 49 32 43 53 20 11 36 11 10 34 43 48 47 20 45 49 20 32 32 20 28 8 20 41 58 44 53 17 40 0 1 43 43 44 8 45 13 45 18 20
split_gain=48.8142 19.8481 12.5636 8.51569 8.22562 5.72511 6.80278 5.55758 7.15042 4.36118 4.24314 5.99324 7.56091 4.49088 4.45012 4.12782 4.70691 5.8312 4.10971 5.13627 3.99083 6.03341 3.98995 4.46345 4.46789 5.37348 3.93981 3.65195 3.56351 3.53742 3.47148 3.35089 3.32824 3.08777 3.04969 3.03585 3.02004 3.3656 2.99948 3.56446 4.65514 2.98498 3.49053 3.75303 2.9569 4.98263 3.45608 4.00139 2.9467 5.28824 3.2556 3.46678 2.94245 3.15805 5.00355 2.81412 2.92465 3.37058 2.7812 2.84777 2.74604 3.45874
threshold=0.16560825705528262 0.35149961709976202 0.11315090954303743 0.10285512357950212 0.55806896090507518 3.5000000000000004 1.2103444933891299 0.22080489993095401 0.38097669184207922 0.55702373385429393 0.10064300149679185 0.85123631358146679 0.040908183902502067 15.500000000000002 0.11738192290067674 -0.057053195312619202 0.35591617226600653 0.23270576447248462 1.5455212593078616 0.071198217570781722 -0.52603641152381886 0.090055000036954894 0.16129281371831897 0.224118746817112 0.17598314583301547 -0.19173087179660794 0.029725908301770691 -0.025700361467897889 0.54026645421981823 0.040367843583226211 0.0049505187198519715 0.11735696345567705 0.18966265767812732 0.41920422017574316 1.1688364744186404 0.05473443120718003 -0.050452319905161851 0.2234204784035683 0.032785838469862945 0.16678570210933688 0.17986613512039187 0.022230981849133972 0.13527186214923861 0.026350558735430244 0.011280015110969545 1.2197523117065432 0.2136722803115845 0.97348132729530346 0.29485262930393225 61.87629699707032 1.240441679954529 0.00074675411451607953 -0.031233306042850014 0.28892487287521368 0.29438105225563055 1.2796807885169985 -0.0011090098414570091 0.054707670584321029 0.0015234719030559065 0.012519570067524912 0 0.022230981849133972
decision_type=2 2 2 2 2 2 2 2 2 2 2 2 2 2 2 2 2 2 2 2 2 2 2 2 2 2 2 2 2 2 2 2 2 2 2 2 2 2 2 2 2 2 2 2 2 2 2 2 2 2 2 2 2 2 2 2 2 2 2 2 1 2
left_child=2 7 3 4 -1 -5 -7 8 9 27 11 44 18 33 -15 -9 22 26 -13 -20 -6 31 23 24 34 -26 -18 -2 52 60 -8 -22 -27 55 -17 48 37 -28 39 -16 -41 -35 -43 -44 46 -46 47 58 -25 50 51 -50 53 -3 -55 56 -12 -58 59 -4 61 -29
right_child=1 28 10 5 20 6 30 15 -10 -11 13 12 -14 14 38 16 17 -19 19 -21 21 -23 -24 35 25 32 36 29 -30 -31 -32 -33 -34 41 -36 -37 -38 -39 -40 40 -42 42 43 -45 45 -47 -48 -49 49 -51 -52 -53 -54 54 -56 -57 57 -59 -60 -61 -62 -63
leaf_value=3.5886411144150756e-05 0.00048949668692031194 0.00079047147721022506 -0.0015751491361510606 -0.00062967713169696229 0.00037180188684951071 -0.0017165765102297025 -0.00083313725311447314 0.0049898389281227903 -0.0026875880182975799 -0.0024069913865787194 -0.0018444743385629401 -0.00017786263299513104 -0.0021682314169675274 6.7349994088135304e-05 -0.00090956297296269993 -0.00051391441546747225 -0.0017793164094115901 5.7661967043315694e-05 -0.0017321167361822052 -0.00187268962565246 -0.0015935593302392798 -0.00080587303265981238 0.0011833881648477596 0.00038215841787208406 -0.00024455299507464203 -0.0041624935225934865 -0.00066468575167463002 -0.00060550155846804887 0.0048951611110650065 0.0006168949629454135 -0.0018720229824112302 -0.0017484868342169881 -0.00054732425012067045 0.00025201495129266574 0.00048783200123008255 0.0012576634650001833 0.00029899994341799633 -0.0018669003334403512 0.001164347747147542 -0.0024586348297706024 -0.0016978742061377048 5.8647889092880057e-05 -0.0020830198873071659 -0.00024499493250687386 0.00013317982700234752 -0.0017484786764650291 8.0405947419555821e-07 -0.00033627856169185375 -0.00061871196267804457 0.002172251690394983 0.0011785836754108472 -0.0021993565096028269 0.0019938366719568917 -0.0031688393973904778 -0.00026248603651733568 0.0014238816636275868 4.7091978985124277e-05 -0.0027295671894810199 -0.0010989860572672963 -0.0022211519822280756 -0.00060823974415066546 0.00044568057276090023
leaf_weight=147.1618310213089 458.37879526615143 1001.7302705645561 47.116049826145172 33.728654026985168 30.16436779499054 64.622554898262024 38.383747816085815 268.36149007081985 24.252906382083893 28.545010447502136 82.55089282989502 103.62120306491852 61.616219520568848 226.71528726816177 241.65330368280411 811.54154944419861 47.392348229885101 469.01322829723358 31.276437997817993 60.411561131477356 119.22752350568771 136.54961353540421 2077.7494372725487 2025.906477868557 41.376797676086426 34.082843422889709 82.777497112751007 278.8848934173584 1737.1702164411545 431.16085124015808 22.221269130706787 23.855309903621674 24.708228647708893 483.16329860687256 218.08695727586746 1140.7597165703773 50.44554191827774 48.277211785316467 29.729781568050385 53.423918068408966 98.176578640937805 165.22212564945221 58.848814904689789 35.311068773269653 280.97199153900146 32.061302423477173 47.680328190326691 50.757105112075806 126.28376168012619 147.70782190561295 44.560482621192932 98.549696564674377 1720.0014843940735 33.609796702861786 206.54597115516663 46.346973657608032 77.594492197036743 28.153139352798462 30.559628963470459 23.38184642791748 2124.7596732974052 460.58556550741196
leaf_count=128 441 1065 48 21 19 63 38 277 21 23 69 78 56 300 317 812 55 463 31 51 125 137 2029 2246 28 24 85 260 1805 368 22 15 27 362 196 1209 48 43 39 68 129 120 38 23 283 35 44 57 133 161 46 101 1756 27 212 40 59 24 32 20 1993 416
internal_value=0.000382544 0.00146568 -0.00546352 -0.0118363 -0.0083478 -0.0218217 -0.0267489 0.000351738 -0.00121239 -0.0010371 -0.00382307 -0.00688564 -0.0131246 -0.00237119 -0.0055929 0.00111989 0.000900746 -0.003007 -0.00826273 -0.0159724 -0.0129717 -0.014839 0.0013031 0.000497177 -0.00224134 -0.0123225 -0.00954776 -0.000887374 0.00420591 -0.00147008 -0.0145451 -0.0220286 -0.0220299 -0.000223714 -0.00125463 0.00136194 -0.00615087 -0.0101614 -0.00862193 -0.00978481 -0.0158134 0.001351 -0.0029643 -0.0106483 -0.00374638 -0.00069647 -0.00850429 -0.0121974 0.000365175 -0.00345837 -0.0076327 -0.0100861 0.0031477 0.00128724 -0.00385298 -0.0052267 -0.00795379 -0.00238743 -0.0179475 -0.0234235 -0.00210667 0.000511808
internal_weight=19275.5 16263.2 3012.26 615.915 456.959 158.956 125.228 11564.1 3806.57 3782.31 2396.34 769.454 256.925 1626.89 649.699 7757.58 7489.22 697.906 195.309 91.688 309.797 279.632 6791.31 4713.56 1129.8 100.168 228.893 3753.77 4699.06 3295.39 60.605 143.083 58.7911 977.191 1029.63 3583.77 181.5 131.055 422.984 393.254 151.6 742.545 259.382 94.1599 512.528 313.033 199.495 151.815 2443.01 417.102 269.394 224.833 2961.89 1241.89 240.156 234.645 188.299 105.748 101.058 70.4979 2864.23 739.47
internal_count=19261 16370 2891 568 424 144 123 11505 3522 3501 2323 735 216 1588 853 7983 7706 694 160 82 296 277 7012 4983 1087 79 231 3478 4865 3037 60 140 51 735 1008 3896 176 128 553 514 197 543 181 61 519 318 201 157 2687 441 280 234 3060 1304 239 192 152 83 100 68 2669 676
cat_boundaries=0 1
cat_threshold=2
is_linear=0
shrinkage=0.05


Tree=17
num_leaves=63
num_cat=3
split_feature=30 37 44 35 32 60 52 60 62 37 45 40 48 60 9 42 11 9 62 9 50 41 9 37 41 43 43 32 49 20 31 49 12 8 37 49 52 45 41 33 37 37 41 51 50 37 31 52 48 49 43 32 43 15 17 45 9 62 40 1 43 12
split_gain=43.4894 15.551 12.5059 11.871 8.58117 6.25567 8.36953 5.942 7.47208 5.36672 5.36511 4.49583 3.8357 4.74978 3.70221 3.68966 3.65789 3.65923 3.56396 5.3839 3.76903 3.5078 3.53303 3.83389 3.43353 3.38932 4.07464 6.11866 3.34914 3.31338 3.14736 3.75371 3.09343 3.84758 3.05564 2.98867 4.33438 4.35381 2.94323 2.76764 2.89191 3.41 2.71944 2.68119 3.36721 2.68191 2.65042 2.53831 2.81454 2.49467 5.15514 2.64173 2.7105 3.577 2.59786 4.91901 3.10507 2.46952 4.91403 4.17374 2.9083 3.67951
threshold=0.2064749822020531 0.12590000033378604 0.30439813435077673 0.39546123147010809 0.1016150861978531 0 0.35616774857044226 1 9.5000000000000018 0.11520976945757867 0.018643649294972423 1.1951564550399782 0.64093458652496349 2 0.0089258179068565386 0.036402031779289253 -0.024536978453397747 -0.014808478299528359 3.5000000000000004 -0.049171023070812218 1.2040712237358095 1.3139896392822268 0.03858847729861737 0.26629155874252325 0.3926128894090653 0.31130048632621771 0.28892487287521368 0.31191359460353857 0.16281493753194812 0.040019666776061065 0.14853814244270327 0.12206783890724184 -0.037166440859436982 0.015471801627427341 0.25602342188358312 0.14749351888895038 0.15880092978477481 -0.079519938677549348 1.3706151843070986 0.15658761560916903 0.10004162415862085 0.11165964603424074 0.90084934234619152 0.6040233075618745 0.59284037351608287 0.11165964603424074 0.26070238649845129 0.35988263785839086 0.57796293497085582 0.46775130927562719 0.18110491335392001 0.25046537816524511 0.11778089776635171 -0.0060465396381914607 52.445890426635749 -0.0020763118518516417 -0.0072346443776041261 2.5000000000000004 0.8118019998073579 1.4428759813308718 0.061313582584261901 0.044438730925321586
decision_type=2 2 2 2 2 1 2 1 2 2 2 2 2 1 2 2 2 2 2 2 2 2 2 2 2 2 2 2 2 2 2 2 2 2 2 2 2 2 2 2 2 2 2 2 2 2 2 2 2 2 2 2 2 2 2 2 2 2 2 2 2 2
left_child=1 2 -1 9 11 16 24 8 30 -2 14 15 13 -11 43 -4 -3 -18 19 20 -15 22 -21 -24 -7 26 -5 -28 -25 35 31 -6 -20 34 38 36 46 -38 -34 40 -12 -42 -43 44 45 -9 57 -36 -49 51 -51 52 -14 -54 55 -55 -57 59 -59 -26 61 -60
right_child=3 5 4 25 7 6 -8 10 -10 12 39 -13 49 18 -16 -17 17 -19 32 21 -22 -23 23 28 29 -27 27 -29 -30 -31 -32 -33 33 -35 47 -37 37 -39 -40 -41 41 42 -44 -45 -46 -47 -48 48 -50 50 -52 -53 53 54 -56 56 -58 58 60 -61 -62 -63
leaf_value=0.00051426948608347873 -0.0020481028702017019 0.00065039294515095161 -0.0015476087860388432 0.0016896812978632076 -0.0010022365606262365 0.0019400857532720459 -0.0019921236387295599 -0.0013335966665270916 -0.00062856115847570102 0.0011964589330358767 -0.0018024544321019573 -0.00078853553840547714 0.001200390278589483 -0.0025675746803508958 2.2001248219383902e-05 -0.0016711752904963824 -0.0012322840423183621 -0.0007939681335073376 0.001232135283192885 0.00096287841990261205 -0.0021133289092709977 -0.0011697150196829434 -0.00076545367720740607 -0.0023683051525588087 0.00044325865329399906 0.0050240993788968364 -0.0028972251029495324 -0.0001732778188144213 -0.0021144728021040677 0.00059546912185938191 -0.0021007851337273365 -0.002223545691816231 -0.00060592350420356591 0.00032199723596929578 0.0003368111558616688 0.00015380506815712802 -0.0024272193627166965 -0.00071040009122587313 -0.0019955630521860546 -0.0018313152101234209 0.00023954159220148909 -0.0023535782082744344 -0.00094342383016962942 -0.0016728882027181907 0.00027349354905146795 -0.0019012139093713652 -0.0023416436378926957 5.5528753676518602e-05 -0.0016923239889448023 -0.0028116545619873757 -6.2789571922203632e-05 0.0015591389460909988 0.00070034418083056796 0.00068852497129103689 -0.00020118326457094286 -0.00030270647203211183 -0.002626786400340714 -0.0023312546622162558 -0.0013618802857967125 -0.0019544840152490844 -0.00025583991327395722 0.0026492591171247055
leaf_weight=199.89490383863449 31.255483746528625 170.36815792322159 30.328873515129089 1603.8873372673988 28.653352022171021 279.15950262546539 48.817809998989105 40.221192240715027 64.821882367134094 1195.756580889225 61.612848997116089 29.482722401618958 335.90448749065399 55.474631309509277 271.40571022033691 71.276924192905426 337.78149616718292 1124.3028561472893 667.59355229139328 184.25549042224884 36.117141723632812 35.287465453147888 183.51510298252106 59.699976086616516 385.52178609371185 1656.9803479909897 23.815658330917358 130.92541253566742 35.157519102096558 559.80820101499557 28.668373823165894 33.331903696060181 817.88451856374741 1897.9980911016464 756.63946706056595 570.51689040660858 42.531248271465302 87.758265674114227 38.573171317577362 32.487343966960907 45.011417746543884 53.699008762836456 33.035788416862488 45.143079280853271 54.692136287689209 36.23428201675415 45.648820996284485 27.050181925296783 31.654018998146057 21.542310535907745 99.592959880828857 2118.7931813597679 332.6083772778511 44.905227184295654 327.31553959846497 32.205321788787842 44.606301307678223 10.856693983078001 138.75268965959549 51.372404932975769 1406.7933368682861 28.477984130382538
leaf_count=195 24 209 33 1778 26 265 38 35 85 1511 51 30 260 33 214 78 421 1375 730 104 24 22 98 33 195 1701 23 132 20 493 25 33 883 2099 841 531 32 84 38 24 34 36 27 28 35 33 45 30 36 22 96 1804 276 36 269 36 38 9 132 26 1361 26
internal_value=0.000397389 -0.00295187 -0.00819555 0.00208155 -0.0105654 -0.00180061 -0.000640939 -0.00867392 -0.0173967 0.00116447 -0.00629897 -0.0224737 0.00123399 0.000478034 -0.00320671 -0.0274692 -0.00436387 -0.00519962 -0.000222637 -0.00386589 -0.0150075 -0.00180375 -0.000631807 -0.00419563 -0.000362686 0.0046069 0.00307216 -0.00465953 -0.0123515 -0.000810802 -0.02779 -0.0212284 0.000282587 -0.000300373 -0.00205047 -0.00152143 -0.00235942 -0.0112085 -0.00413614 -0.0126813 -0.0103596 -0.00611426 -0.0119215 -0.00884747 -0.00516999 -0.0119571 -0.00179882 0.000134489 -0.00986495 0.00258848 -0.00443754 0.00285313 0.000880263 -0.000728528 -0.00364447 -0.00988418 -0.0175718 -0.00152666 -0.00244546 0.00179472 -0.00220965 -0.00844758
internal_weight=19275.5 6448.47 1160 12827 960.107 5288.47 3656.02 829.018 155.476 9411.39 673.543 131.089 9380.13 6022.66 447.696 101.606 1632.45 1462.08 4826.9 589.507 91.5918 497.916 462.628 278.373 3607.2 3415.61 1758.63 154.741 94.8575 3328.04 90.6536 61.9853 4237.39 3569.8 1671.8 2768.23 2197.71 130.29 856.458 225.846 193.359 131.746 86.7348 176.291 131.148 76.4555 2067.42 815.344 58.7042 3357.47 121.135 3236.34 1117.55 781.641 449.032 121.717 76.8116 2021.77 1584.88 436.894 1574.02 167.231
internal_count=19261 6264 1022 12997 827 5242 3237 686 169 9363 517 141 9339 6502 345 111 2005 1796 4991 334 57 277 255 151 3199 3634 1933 155 53 2934 84 59 4657 3927 1828 2441 1910 116 921 172 148 97 63 131 103 68 1794 907 66 2837 118 2719 915 655 379 110 74 1749 1528 221 1519 158
cat_boundaries=0 1 2 3
cat_threshold=3872 2312 1249
is_linear=0
shrinkage=0.05


Tree=18
num_leaves=63
num_cat=1
split_feature=38 37 49 11 44 51 60 20 52 47 6 3 41 51 32 42 49 31 50 40 14 49 31 53 36 44 14 31 37 39 50 47 29 20 12 11 39 48 45 17 11 14 49 49 29 52 49 3 10 55 12 41 50 2 41 47 31 39 14 45 52 44
split_gain=40.1387 17.1838 14.2815 10.0777 9.82499 6.12474 5.89791 5.28427 6.3242 4.9893 4.58419 4.42577 4.35215 4.33096 4.22749 5.01851 4.04644 4.01035 3.59284 3.51915 3.50688 4.4637 3.19993 3.63373 4.8566 5.3938 4.44029 5.61322 4.09207 3.43542 3.12099 3.08344 3.31131 4.11267 4.46152 3.03412 3.01797 2.90249 2.55814 2.50295 2.45077 2.44191 2.37138 4.50644 4.06839 5.23661 6.0872 3.24518 3.95884 4.36545 2.6783 2.79924 2.68598 4.3946 2.61447 2.25693 2.25351 2.25319 2.47409 2.21852 2.60277 2.19169
threshold=0.2318433299660683 0.12590000033378604 0.11520217359066011 -0.06125198304653167 0.55806896090507518 0.31106099486351019 0 0.032785838469862945 0.098302587866783156 0.65903332829475414 0.084349762648344054 -0.38510285317897791 0.67056405544281017 0.41167092323303228 0.1016150861978531 0.036402031779289253 0.0703151971101761 0.14726487547159198 0.48716498911380773 1.2369909286499026 0.0028528007678687577 0.25460945069789892 0.11426603794097902 0.36316613852977758 0.14716472476720813 0.74961072206497203 1.0000000180025095e-35 0.1590298190712929 0.13814778625965121 0.49558779597282415 0.87361857295036327 0.60334452986717235 0.17227360606193545 0.060714466497302062 -0.0046859011054038993 -0.075579091906547533 0.49558779597282415 0.40329602360725408 0.027419655583798889 62.265897750854499 -0.0010609445744194088 -0.0053829690441489211 0.14749351888895038 0.14025089889764789 0.15816978365182879 0.16205720603466037 0.14479526132345202 -0.26811607182025904 0.13444136828184131 -0.0014183255843818186 0.043755318969488151 1.0938674807548525 0.42316032946109777 -0.70868185162544239 0.89068862795829784 1.2233421802520754 0.12859681248664859 0.6521100401878358 0.0010511636501178148 -0.039198622107505791 0.17238476127386096 0.56300002336502086
decision_type=2 2 2 2 2 2 1 2 2 2 2 2 2 2 2 2 2 2 2 2 2 2 2 2 2 2 2 2 2 2 2 2 2 2 2 2 2 2 2 2 2 2 2 2 2 2 2 2 2 2 2 2 2 2 2 2 2 2 2 2 2 2
left_child=1 2 4 -2 -1 -4 55 8 9 14 11 12 20 -11 15 -6 -15 18 19 -7 21 31 -8 24 25 28 27 -27 -24 -25 37 -5 36 34 -34 -26 -33 -10 -16 -30 -40 -12 43 47 -45 46 -46 48 49 -37 52 -52 53 -51 -54 57 -42 59 -59 60 61 -3
right_child=3 6 5 10 7 17 22 -9 30 13 41 -13 -14 16 38 -17 -18 -19 -20 -21 -22 -23 23 29 35 26 -28 -29 39 -31 -32 32 33 -35 -36 42 -38 -39 40 -41 56 -43 -44 44 45 -47 -48 -49 -50 50 51 -53 54 -55 -56 -57 -58 58 -60 -61 -62 -63
leaf_value=0.00011970009038197645 0.005671396463799965 -0.0022683137027967449 -0.0015225628373899272 -0.00062585826449396218 -0.00073427610007379134 -0.0025051916116632243 0.0011298745280235196 1.6439793189783772e-05 -0.00047424791912140303 -0.0024749528675122919 0.003014769201122371 0.00051781693728093217 -3.6842912997157867e-05 -0.00061198848974791729 -0.00038091879700989238 -0.0016099521316447381 -0.0025658923044065288 -0.0023040719758349935 -0.00021664730953834186 -0.0011185747425108334 0.001109409629258694 0.00020536292620136761 -0.0010640103979335585 -0.0030827072099024067 -0.0034800184798216664 -0.00090925367140379731 0.00019619358421235026 -0.0019019674399334352 -0.0017080331858396721 -0.00060895517458082137 0.00020377703031072516 0.00037234241822193609 -0.0015599073724807046 -0.002400870239572455 -0.00023007993330812979 -0.0020539857499236162 -0.0024236045194354103 -0.0017533123899904452 5.2084915963166586e-05 -0.0009194468013384139 -0.0014269742067080282 0.00092940869363915604 0.00024433274740332938 0.0001043421824349026 -0.0019626853442995629 0.00021775684716864773 -0.002178374041295793 0.00012268409609803344 0.00054496690125802657 7.4762289292713835e-05 -0.0022578420425311265 -0.00045754292812330111 -0.0010876917955652821 -0.0032445229760502169 0.00012896405120978909 0.00079184122282908932 -0.0020273526996322368 -0.00079161111180402687 0.00017088136901081686 -0.00073479284809226802 0.00010034701795939502 -0.0013746655901681324
leaf_weight=319.42719173431396 1390.2192452549934 23.682575583457947 69.69398045539856 48.717174470424652 20.965351581573486 21.992245554924011 281.77641534805298 120.80748730897903 69.913299202919006 29.978498697280884 476.90573298931122 4440.8082689642906 1124.8859369754791 62.05238926410675 137.82105487585068 35.815808951854706 70.93437248468399 20.756771683692932 51.272637128829956 19.40282666683197 69.235173761844635 55.805264592170715 56.701488792896271 39.989180564880371 17.548295021057129 43.238631665706635 122.32197195291519 25.457716226577759 28.750219464302063 315.26652234792709 50.680274248123169 32.526171565055847 27.511721670627594 42.183158278465271 32.682079434394836 30.962430357933044 26.099788129329681 43.709261298179626 22.116550028324127 36.343252778053284 35.230239152908325 4006.8246455788612 898.12029534578323 58.18318647146225 55.378000557422638 33.551326990127563 64.860272467136383 2077.7687270641327 256.01467549800873 21.205785572528839 41.838049113750458 24.701720118522644 203.63003879785538 20.232312440872192 255.26593619585037 98.477896332740784 17.76231175661087 620.16679167747498 211.68824338912964 153.83906596899033 34.129299461841583 129.63750690221786
leaf_count=284 1406 30 69 57 24 23 255 98 57 23 489 4597 1223 41 147 41 38 16 46 20 77 58 45 36 14 33 96 23 24 299 27 35 33 37 34 30 28 33 24 37 39 4167 759 43 39 26 49 1852 219 27 29 18 196 24 224 124 18 764 244 190 43 160
internal_value=0.000418683 -0.0024396 -0.00786942 0.00224003 -0.00558891 -0.0207492 -0.0013837 -0.00883598 -0.0107661 -0.0139392 0.0017041 0.000787137 -0.00159961 -0.0208731 -0.00972484 -0.0218734 -0.0169122 -0.0134863 -0.00894265 -0.0198808 -0.00660372 -0.00922128 -0.000604095 -0.000914751 -0.000518278 -0.00652045 -0.00124717 -0.0114308 -0.014742 -0.00577849 -0.0023762 -0.0125691 -0.0159055 -0.0213494 -0.012791 -5.43597e-05 -0.00629361 -0.00700033 -0.00645301 -0.0233069 -0.0138842 0.00290964 3.47333e-05 -0.000611375 -0.00765016 -0.0119162 -0.0167971 -0.000100482 -0.00269688 -0.00492739 -0.00391594 -0.0133514 -0.00264871 -0.0148382 -0.00153411 -0.00441101 -0.0197098 -0.00505751 -0.00364266 -0.00848935 -0.0121535 -0.0149322
internal_weight=19275.5 7501.06 1220.33 11774.4 1037.21 183.118 6280.73 717.787 596.979 432.677 10384.2 5900.45 1459.65 162.965 269.711 56.7812 132.987 113.424 92.6677 41.3951 334.761 265.525 5009.11 4727.33 4372.07 312.813 191.018 68.6963 121.795 355.256 164.303 209.72 161.003 102.377 60.1938 4059.26 58.626 113.623 212.93 65.0935 75.1091 4483.73 4041.71 3143.59 211.973 153.79 120.238 2931.62 853.851 597.836 566.874 66.5398 500.334 41.4381 458.896 1271.62 52.9926 1173.14 831.855 341.288 187.449 153.32
internal_count=19261 7020 1068 12241 894 174 5952 610 512 395 10835 6179 1582 102 293 65 79 105 89 43 359 282 4397 4142 3807 258 152 56 106 335 117 224 167 104 67 3549 63 90 228 61 81 4656 3535 2776 157 114 88 2619 767 548 518 47 471 51 420 1555 57 1431 1008 423 233 190
cat_boundaries=0 1
cat_threshold=2336
is_linear=0
shrinkage=0.05


Tree=19
num_leaves=63
num_cat=3
split_feature=30 37 49 38 44 51 52 53 60 52 43 1 49 37 15 39 60 48 6 52 2 53 10 29 52 37 2 53 2 51 52 31 40 32 60 62 38 50 32 15 59 45 31 45 53 48 46 61 1 2 0 38 38 33 41 61 15 8 53 1 62 44
split_gain=37.0682 13.3303 11.752 10.6436 9.63234 6.68817 5.74139 5.38573 5.08767 7.02027 4.18983 4.1211 3.46666 3.37226 3.27295 3.20778 2.96766 3.79096 3.11447 4.5671 6.60792 4.68481 3.22642 2.98003 2.95848 2.93659 3.09455 3.06527 2.67984 2.66435 3.98317 2.89887 2.44902 2.39727 2.3753 3.20192 3.60723 2.34887 2.2785 2.22229 2.23871 5.18747 2.61706 2.33711 2.41368 3.02447 2.29993 2.4265 2.21799 2.53486 2.15676 2.85813 2.14137 4.27816 2.21224 3.10247 2.17405 3.0656 2.69616 2.42644 2.28144 2.21096
threshold=0.2064749822020531 0.12590000033378604 0.11520217359066011 0.55431616306304943 0.55806896090507518 0.31106099486351019 0.098302587866783156 -0.012768803164362906 0 0.35616774857044226 0.049521021544933326 0.39904513955116278 0.17061997205019 0.11741053685545923 -0.040344500914216035 0.80063664913177501 1 0.68257600069046032 0.072537522763013854 0.35733072459697729 -0.74155312776565541 0.3346258699893952 -0.13668605685234067 0.7220122516155244 0.18186561018228534 0.20384272933006289 1.8234745860099795 0.10517686232924463 -0.25162491202354426 0.70311090350151073 0.14986605197191241 0.12270945310592653 0.71042975783348095 0.10964043810963632 2 2.5000000000000004 0.23496928066015246 0.69057747721672069 0.14976978302001956 0.04469046741724015 0.10409346595406534 -0.077565830200910554 0.15134050697088244 -0.42471861839294428 -1.0000000180025095e-35 0.7027452588081361 -0.29297137260437006 9.5000000000000018 -0.54012927412986744 -0.091230284422636018 0.0010411890689283612 0.2318433299660683 0.26414422690868383 0.22799780964851382 1.2653131484985354 2.5000000000000004 0.036577021703124053 0.026350558735430244 -0.14547447115182874 -0.32602027058601374 12.500000000000002 0.78607335686683666
decision_type=2 2 2 2 2 2 2 2 1 2 2 2 2 2 2 2 1 2 2 2 2 2 2 2 2 2 2 2 2 2 2 2 2 2 1 2 2 2 2 2 2 2 2 2 2 2 2 2 2 2 2 2 2 2 2 2 2 2 2 2 2 2
left_child=1 2 4 11 -1 -4 7 48 14 25 15 13 24 -2 -3 33 -15 18 19 21 22 52 -21 -20 34 26 38 -28 -8 30 31 -7 -12 -9 -13 36 -36 -30 -10 40 43 -42 -43 -16 -45 46 -46 -48 -6 -50 -23 -52 53 -18 56 -56 57 58 59 60 -55 -60
right_child=3 8 5 -5 6 29 28 10 9 -11 32 12 -14 16 39 -17 17 -19 23 20 -22 50 -24 -25 -26 -27 27 -29 37 -31 -32 -33 -34 -35 35 -37 -38 -39 -40 -41 41 42 -44 44 45 -47 47 -49 49 -51 51 -53 -54 54 55 -57 -58 -59 61 -61 -62 -63
leaf_value=0.00011371508586287744 -0.00160860936276258 0.00051669494727725473 -0.0014298988329158094 0.0042894353366903582 -0.0014879642634185973 -0.00040187007666598305 0.00025626103420161862 -0.0015503128323660466 0.00038061211661171275 -0.0018795211194178837 -0.0011856313618950228 0.0013382394814158193 0.002270815874017998 0.0011039839530490702 -0.0020058695541871111 -0.0014765026388588911 9.7338387672101312e-05 0.00076289996966150131 0.00023018354196415025 -0.0022561190905754426 5.6741226420407045e-05 -0.00084812518153921435 -0.00075613569342587803 -0.0045377891731076935 -0.0011765492189606585 0.00030816580907456971 -0.0013016539739784158 2.0056705622329561e-05 -0.0017243751465747051 0.00012679846061290357 -0.0023230293586077636 -0.0014897552825942435 -0.00053090917900546701 0.0023036689108947048 -0.00018888577193225639 0.00029686742118503751 -0.0013783145278505333 -0.00099703433283165367 -0.00028325485090840432 0.00019513885180871273 0.00084437572551435906 -0.001292732706833357 -0.0019274926765836188 -0.00051815739390632107 0.00040001537008633531 -0.0015227600671604267 -0.00081954671584013325 -0.0019242763364088799 -0.0022366645907689934 -0.0024359546264803977 -0.0029684545004231614 -0.001005428825397385 0.00030754404573844004 -0.0026323731065357229 -0.0017094194431482902 -0.0008417363208234025 0.00042119352424557918 -0.0018112768805048319 -0.0011995500229883133 -0.00053095009935122883 -0.0020849288220948121 0.00021389637745617904
leaf_weight=319.42719173431396 36.558958053588867 146.76400500535965 66.663807392120361 1755.8470719456673 38.674266993999481 35.394104480743408 121.26195245981216 23.586020529270172 200.81658571958542 48.817809998989105 37.250392556190491 876.08386343717575 1171.9726801514626 1064.7105147838593 25.617217481136322 66.194301545619965 589.87858021259308 2031.7267400622368 2489.357619702816 37.502900421619415 57.154028117656708 120.58349740505219 27.217829763889313 28.033305525779724 43.16212922334671 1447.7316778302193 57.714051127433777 28.416321814060211 39.841323792934418 24.265084266662598 27.96560525894165 18.873972773551941 217.43778324127197 21.732752323150635 55.907604217529297 761.88193136453629 45.424928426742554 32.780151069164276 1872.5191881656647 127.63542997837067 21.131923258304596 15.541785717010496 18.971875190734863 458.27143561840057 90.874657511711121 33.677291393280029 648.52050024271011 45.446388840675354 35.571468353271484 33.081565022468567 32.955903172492981 72.208596229553223 1089.707047522068 21.83146196603775 29.308472633361816 39.188540637493134 81.699294090270996 27.218415558338165 31.72385162115097 29.862398624420166 22.466048240661621 155.82064241170883
leaf_count=284 28 180 66 1848 25 38 84 27 135 38 40 951 1129 1345 32 60 556 1649 2597 42 63 128 29 31 43 1426 44 26 34 18 26 19 225 15 32 774 26 20 1568 150 27 20 21 567 116 45 789 58 21 20 30 78 1188 19 21 41 82 24 33 30 29 151
internal_value=0.00039615 -0.00269595 -0.00755088 0.00195103 -0.00543454 -0.0195727 -0.00885279 -0.0118213 -0.00162997 -0.000583954 -0.00890703 0.00137681 0.00297634 0.000793947 -0.00394165 -0.0170066 0.000863167 0.000485488 -0.000255043 -0.00151861 -0.0109557 -0.00102545 -0.0218882 0.000980919 0.00158333 -0.000328988 -0.00149818 -0.0107858 -0.00157446 -0.0117063 -0.0160068 -0.00795696 -0.00533581 -0.00658438 0.00190695 1.75873e-05 -0.00832176 -0.00918052 -0.00110944 -0.00467081 -0.00526449 -0.015121 -0.0270592 -0.0048384 -0.00453232 -0.00616104 -0.00552105 -0.00650207 -0.0217009 -0.0271537 -0.00787194 -0.0131179 -0.000293259 -0.00193087 -0.0056684 -0.0139486 -0.00412124 -0.00616291 -0.00447328 -0.0125445 -0.0199658 -0.00125007
internal_weight=19275.5 6448.47 1160 12827 986.839 173.163 667.412 473.529 5288.47 3656.02 366.201 11071.1 2954.43 8116.71 1632.45 111.513 8080.16 7015.45 4983.72 2466.33 121.875 2344.45 64.7207 2517.39 1782.46 3607.2 2159.47 86.1304 193.883 106.499 82.2337 54.2681 254.688 45.3188 1739.3 863.214 101.333 72.6215 2073.34 1485.69 1358.05 55.6456 34.5137 1302.41 1276.79 818.519 784.842 693.967 107.327 68.653 225.748 105.164 2118.7 1029 439.119 68.497 370.622 288.923 261.704 74.1599 44.2975 187.544
internal_count=19261 6264 1022 12997 855 167 571 433 5242 3237 367 11149 2955 8194 2005 102 8166 6821 5172 2544 134 2410 71 2628 1826 3199 1773 70 138 101 83 57 265 42 1783 832 58 54 1703 1825 1675 68 41 1607 1575 1008 963 847 66 41 236 108 2174 986 430 62 368 286 262 78 48 184
cat_boundaries=0 1 2 3
cat_threshold=3872 1217 235
is_linear=0
shrinkage=0.05


Tree=20
num_leaves=63
num_cat=3
split_feature=35 36 37 49 42 32 48 40 53 49 10 60 46 42 60 20 37 5 39 48 62 52 39 28 5 51 9 62 30 42 30 8 39 15 5 40 46 14 17 10 32 20 10 20 9 39 32 46 40 39 3 20 9 50 14 51 32 28 40 19 48 36
split_gain=33.7582 9.95959 9.09379 11.0259 6.10242 7.62546 5.43338 4.60461 4.52878 5.24608 4.43148 4.32811 4.29369 6.02093 3.94233 3.78249 3.43253 3.69129 3.31314 2.96367 3.93299 5.62392 3.73825 3.97922 3.99197 3.60448 3.07656 2.51267 2.44666 2.90368 4.57439 3.63671 2.86817 2.39946 2.71348 2.61205 2.37963 2.41783 2.29638 3.17649 2.92879 3.50729 3.23252 2.34992 2.29324 2.93211 3.95652 2.46495 6.50828 2.23757 2.23656 2.2149 2.21253 2.17359 2.14622 3.26948 2.37838 2.13075 2.70286 2.11223 2.10546 2.09099
threshold=0.19677200168371203 0.49068126082420355 0.12324490398168565 0.11476994678378107 0.031827682629227645 0.1016150861978531 0.42774859070777899 1.1951564550399782 -0.014012048486620186 0.098800219595432295 0.12915173918008807 0 0.55251801013946544 0.10170575976371767 1 0.018706323578953746 0.35479646921157842 -1.1531553268432615 1.6527131795883181 0.61014163494110119 4.5000000000000009 0.36091753840446478 1.6134400367736819 0.13399190455675128 -0.027274279855191704 0.47303412854671484 0.10636296868324281 6.5000000000000009 0.15504401922225955 0.090373642742633833 0.13278777152299884 -0.003002218902111053 1.034717381000519 -0.016347505152225491 -0.82940161228179921 0.76678341627120983 -0.50915512442588795 0.00031207915162667638 48.77284240722657 0.10619461536407472 0.14976978302001956 0.019766175188124183 -0.18051595985889432 0.047240389510989196 -0.018756378442049023 0.75558397173881542 0.32493786513805395 0.21120603382587436 0.92961239814758312 0.44171729683876043 0.8004782795906068 0.033413235098123557 -0.031521935015916817 0.85565906763076793 0.00063514156499877583 0.68274164199829113 0.21488461643457415 0.079387761652469649 1.2103444933891299 2 0.30378940701484686 0.17180114984512332
decision_type=2 2 2 2 2 2 2 2 2 2 2 1 2 2 1 2 2 2 2 2 2 2 2 2 2 2 2 2 2 2 2 2 2 2 2 2 2 2 2 2 2 2 2 2 2 2 2 2 2 2 2 2 2 2 2 2 2 2 2 1 2 2
left_child=2 11 3 4 -1 15 7 -5 9 10 49 16 14 27 18 -6 17 -2 54 20 21 22 23 24 -13 -24 50 -14 29 61 32 -32 -31 -3 -35 -36 37 -19 39 40 41 -38 52 -44 -25 -46 47 60 -49 -7 -22 57 -42 -26 55 56 -4 -10 -59 -8 -47 -16
right_child=1 33 12 6 5 8 59 -9 51 -11 -12 19 13 -15 28 -17 -18 36 -20 -21 26 -23 25 44 53 -27 -28 -29 -30 30 31 -33 -34 34 35 -37 38 -39 -40 -41 42 -43 43 -45 45 46 -48 48 -50 -51 -52 -53 -54 -55 -56 -57 -58 58 -60 -61 -62 -63
leaf_value=0.00048829813394264958 0.0028150822047126496 0.0057024165054708493 -0.00096854575543680601 -0.0015154404581302194 -0.0015207600939637197 -0.00091346646655926424 -0.0028633676382924188 -0.0015573788371816015 4.9831419542808315e-05 -0.00055656898606308038 -0.0018876909183928991 4.2528456606094836e-05 0.00021128362212750117 -0.002792703767861099 0.00010787389542100804 -0.0012046045049672932 0.0010234739522864799 -0.0021667483039798804 -0.0011169141366975644 0.00072467928369382851 8.0645353232176864e-05 -0.0032199375628384737 -0.00043116222481076328 0.0013081959451961044 -0.0010213413179387995 -0.0025021619925187002 0.0016734022967644592 -0.0024287899173517924 2.471540693253019e-05 -0.0018141204154771958 -0.0023354791376973632 -0.00030901994546083669 -0.0014400482461460924 -0.0051455390924569468 -0.0021311057133595701 0.0019934500703785579 -0.00039377797423940307 -0.0044373877356815193 -0.00024805885600671511 -0.0028836133311810571 -0.0027482419795192936 -0.0027947189869473952 0.00034614787536402854 -0.0012294276044274239 0.0012915538952793504 -0.0013100426078475553 -0.0024628110160414413 4.094438113853178e-05 -0.0031060141797439422 -0.0021085974313519423 0.0014625238488137364 0.00034243063694911402 -0.0027486039731328266 -0.0027125659101305101 -0.00029909738219232522 -0.0019186516577091341 0.0001354311695112597 -0.00065950680817490137 -0.0016781020539347507 -0.00013132717993171242 0.00058968974685166895 -0.001061489814258635
leaf_weight=225.13976955413818 81.331636190414429 1071.7525778412819 599.64974677562714 67.773794889450073 35.078754007816315 36.595955848693848 27.032228231430054 44.658343911170959 115.79387092590332 57.981252670288086 45.121584892272949 39.705440998077393 43.554232835769653 29.993844509124756 444.37784796953201 37.59032678604126 298.98078465461731 19.054115414619446 24.450122356414795 4205.8454002141953 3680.1314963698387 28.462788462638855 36.486679255962372 218.05637538433075 26.378621518611908 51.521015882492065 910.97415351867676 27.19499659538269 2216.1120388507843 31.507450819015503 30.59002012014389 281.84483885765076 20.976089239120483 30.523614108562469 43.330087721347809 999.91597145795822 30.845981240272522 17.281215906143188 612.33265328407288 46.410141348838806 17.046096563339237 18.135706543922424 208.86061692237854 42.830230832099915 152.64477598667145 44.476790249347687 28.034740507602692 52.233376026153564 34.327292442321777 54.642842590808868 330.86159008741379 79.559015393257141 14.943387508392332 29.901751399040222 375.29726976156235 28.297430276870728 129.81366908550262 265.38119548559189 19.559634506702423 52.246154069900513 134.09722495079041 152.26475822925568
leaf_count=226 101 1111 746 68 40 21 20 46 100 42 24 23 30 24 368 41 386 22 31 3635 4173 19 30 186 22 31 1070 31 1934 31 22 227 18 28 44 1070 40 22 779 60 23 22 260 55 93 29 20 29 24 37 381 68 20 18 448 37 164 237 21 42 82 134
internal_value=0.000371525 0.00172069 -0.00289386 -0.00682837 -0.00465983 -0.00683547 -0.017794 -0.0248788 -0.00516624 -0.0116117 -0.0169671 0.0011325 -0.00186004 -0.0120671 -0.00162142 -0.0222349 -0.001456 -0.00275054 -0.00410702 0.00149729 0.000764581 -0.00231933 -0.00157769 -0.000440322 -0.00995496 -0.0113293 0.00131471 -0.00401152 -0.000699205 -0.00280788 -0.0063221 -0.00400435 -0.0199907 0.0048468 0.00316674 0.0036007 -0.00356547 -0.0161486 -0.00309767 -0.00615877 -0.00442624 -0.0157229 -0.00245323 -0.000527076 0.000929114 -0.001117 -0.00405149 -0.0021379 -0.00906398 -0.0233121 0.000717389 -0.00254593 -0.0174034 -0.0185168 -0.0037431 -0.0052753 -0.00461793 -0.00406575 -0.00639288 -0.00766465 0.00119461 -0.000649428
internal_weight=19157.8 13557.7 5600.08 1164.15 972.444 747.304 191.711 112.432 674.635 194.342 136.36 11412.2 4435.92 100.743 4335.18 72.6691 1408.05 1109.07 1157.51 10004.1 5798.29 876.327 847.864 759.856 95.9858 88.0077 4921.97 70.7492 3177.67 961.561 364.918 312.435 52.4835 2145.52 1073.77 1043.25 1027.74 36.3353 991.405 379.072 332.662 48.9817 283.68 251.691 663.871 445.814 293.169 265.135 86.5607 91.2388 4010.99 480.294 31.9895 56.2804 1133.06 757.761 729.463 400.735 284.941 79.2784 178.574 596.643
internal_count=19186 13908 5278 1033 857 631 176 114 550 124 82 11655 4245 85 4160 81 1790 1404 1426 9865 6230 606 587 526 63 61 5624 61 2734 800 298 249 49 2253 1142 1114 1303 44 1259 480 420 62 358 315 463 277 184 164 53 58 4554 426 43 40 1395 947 910 358 258 62 111 502
cat_boundaries=0 1 2 3
cat_threshold=2816 2848 1
is_linear=0
shrinkage=0.05


Tree=21
num_leaves=63
num_cat=3
split_feature=35 37 37 49 44 51 48 6 60 11 61 12 36 22 43 49 52 41 46 42 52 41 9 60 40 50 49 52 50 60 6 28 14 48 62 43 42 10 40 17 49 20 41 41 11 43 2 46 14 3 22 10 62 28 6 9 38 41 28 53 22 35
split_gain=30.1626 9.64723 8.21791 9.88148 8.48101 6.87982 5.12887 5.16302 5.11136 4.47896 4.38933 5.33576 4.35527 4.81055 3.8759 4.72682 7.05527 9.75925 3.755 5.69911 3.73084 3.91638 4.19994 3.53349 4.41086 3.40596 3.32794 4.75423 4.85395 3.6246 3.05347 2.8671 2.75463 2.72948 4.0213 3.86729 5.45346 4.57706 4.88048 3.85934 3.32898 3.16969 3.03312 2.86075 2.69544 2.68054 3.43741 4.14597 3.11784 2.65507 2.76721 3.17173 3.44436 2.58622 2.58515 2.51169 2.63352 4.41641 2.47548 2.39528 2.52183 2.3952
threshold=0.19677200168371203 0.35015343129634863 0.12324490398168565 0.11476994678378107 0.61723655462265026 0.64077427983284008 0.42774859070777899 0.032198376953601844 0 -0.08254691585898398 1.0000000180025095e-35 0.032276282086968429 0.083552286028862013 12.500000000000002 0.42906071245670324 0.25674836337566381 0.35616774857044226 0.42114740610122686 0.55251801013946544 0.10170575976371767 0.37170025706291204 1.3797806501388552 -0.0022916805464774366 1 1.3105604052543642 1.0198567509651186 0.16995611041784289 0.1788681894540787 0.78808757662773143 2 0.061750365421175964 0.24559695273637774 0.0011369954445399346 0.59081223607063305 4.5000000000000009 0.089040204882621779 0.095178429037332549 0.010434302967041733 1.0226176977157595 52.815589904785163 0.13474179059267047 0.045931084081530578 1.0510233640670779 0.82850056886672985 -0.02980795223265886 0.087487120181322112 -0.21199765801429746 -0.2507519125938415 2.8643204132094983e-05 0.1052127815783024 17.500000000000004 -0.237884946167469 2.5000000000000004 0.21153528243303302 0.045267278328537948 0.091829754412174239 0.22022138535976413 0.88284185528755199 0.3848023414611817 0.50638166069984447 24.500000000000004 0.21163684874773028
decision_type=2 2 2 2 2 2 2 2 1 2 2 2 2 2 2 2 2 2 2 2 2 2 2 1 2 2 2 2 2 1 2 2 2 2 2 2 2 2 2 2 2 2 2 2 2 2 2 2 2 2 2 2 2 2 2 2 2 2 2 2 2 2
left_child=2 8 3 4 10 12 7 -5 20 -3 11 -1 13 -6 15 16 26 -18 23 -20 21 44 -23 24 30 -7 27 29 53 33 -4 -30 -22 34 35 -10 -37 38 39 -38 -41 43 -35 -36 -2 46 -14 -48 -49 50 -11 -52 -53 -29 -33 56 57 -45 -25 60 -58 -46
right_child=1 9 18 6 5 25 -8 -9 14 49 -12 -13 45 -15 -16 -17 17 -19 19 -21 32 22 -24 58 -26 -27 -28 28 31 -31 -32 54 -34 42 41 36 37 -39 -40 40 -42 -43 -44 55 61 -47 47 48 -50 -51 51 52 -54 -55 -56 -57 59 -59 -60 -61 -62 -63
leaf_value=-0.0017977507281508058 0.0020261771011482127 0.0067477521869928163 -0.0011648701619592645 -0.0013952962837009198 -0.0023305313540663204 -0.0020446121654418871 -0.00068881239665906195 -0.0014395545705541818 -1.6951225265070585e-05 0.0013319092089640384 0.0001979283041815612 0.00012817506764191549 0.00035251582647861739 -0.001034589045903641 -0.0015953826631740699 0.002640898074089024 -0.0021686331650341683 -0.00045114494650075028 -0.00034448325524839358 -0.002653068579468044 -0.0018483467143002774 -0.0036361842307825938 -0.00095070463964602107 -0.00017320802246526825 0.00040137201077522435 -0.0013481870551946399 0.0011330774805844977 -0.0022415141825610197 0.00088898075515660233 0.00078469901934820428 0.0012317217389784107 -0.002261559879064868 -0.0039059435399789785 0.0010512744488369002 0.00051412180952365924 0.0024247999332419911 0.0012278960652295815 -0.0027946396814919378 -0.0020073271215782736 -0.002187516442681539 -0.00045802614399466628 0.00093958770575996585 -9.812578628643013e-05 -0.0022143911447140029 -0.0012289219439706744 -0.0010525090072711824 -0.0017255002714193079 -0.0012235099637616495 7.5760907841763292e-05 0.00217295370563744 0.0027453831390912217 -0.0037850614027889898 -9.8904128428742305e-05 -0.00067791679660242007 -0.00092563450055173639 0.0016502914148811541 -0.0012206871255238422 0.00037898091127642569 -0.0013169048146147531 -0.0014440617699628109 0.00027813100647098725 -0.00010870339687973352
leaf_weight=22.712464213371277 133.67997944355011 812.09773850440979 353.43528538942337 78.763931393623352 17.471126317977905 41.030560612678528 79.278382301330566 33.668207406997681 114.17482936382294 1555.4661563634872 321.45695251226425 26.206689476966858 114.78794431686401 23.586020529270172 40.34913969039917 632.93616956472397 29.651328921318054 125.21223771572113 70.749229431152344 29.993844509124756 61.354860901832581 19.599302053451538 34.508042454719543 3807.9040768146515 108.55027717351913 40.38494873046875 1123.8548556566238 41.97244268655777 104.64253878593445 1986.8165091872215 43.944953620433807 27.304572522640228 19.656866669654846 734.91892123222351 382.91433107852936 38.653631567955017 61.109979867935181 54.644952654838562 41.127439379692078 33.284236907958984 27.889768958091736 512.64092457294464 672.09550875425339 30.702115893363953 173.5857344865799 131.04443371295929 47.177641868591309 39.591289401054382 146.99413096904755 1201.2783525586128 257.4775123000145 62.271138846874237 846.32595604658127 59.851122379302979 54.072710931301117 77.281359851360321 407.70911991596222 160.32702231407166 21.346689343452454 21.851663887500763 128.52005887031555 653.9031970500946
leaf_count=26 167 827 459 83 20 22 62 31 75 1650 270 30 85 27 29 561 23 121 61 24 79 23 43 3484 141 28 996 40 107 2216 57 22 23 633 389 26 41 33 27 23 20 543 561 30 219 107 45 37 160 1300 265 35 975 55 63 78 439 157 19 22 137 835
internal_value=0.000338308 0.00161361 -0.00274827 -0.00648858 -0.00443527 -0.00809846 -0.0168701 -0.0237528 0.00063582 0.00343447 0.00150653 -0.0124081 -0.00596914 -0.0216128 0.00108956 0.00117279 0.000800482 -0.00974731 -0.00176542 -0.0113114 -0.00254406 -0.00173698 -0.0148195 -0.00154217 -0.00543235 -0.0216301 0.00103814 0.000552593 -0.00570763 0.000882028 -0.00798307 -0.000873194 -0.0128961 -8.82052e-05 -0.00123469 -0.00595699 -0.00936389 -0.0124405 -0.00819672 -0.00313084 -0.0120258 -0.000214376 0.00161289 -0.00161379 -0.000993851 -0.00461526 -0.00230356 -0.0057919 -0.00240867 0.00273252 0.00186514 1.93842e-05 -0.00136454 -0.014481 -0.00792957 -0.00327131 -0.00416051 0.000883605 -0.00100993 -0.0058959 -0.00521986 -0.00206263
internal_weight=19157.8 13557.7 5600.08 1164.15 972.444 602.068 191.711 112.432 8822.8 4734.92 370.376 48.9192 520.653 41.0571 7726.51 7686.16 7053.22 154.864 4435.92 100.743 1096.29 1015.28 54.1073 4335.18 505.931 81.4155 6898.36 5774.51 287.843 5486.66 397.38 186.02 81.0117 3499.85 2092.83 370.885 256.71 218.056 163.411 122.284 61.174 1721.95 1407.01 1209.31 961.169 479.595 348.551 233.763 186.585 3922.82 2721.54 1166.07 908.597 101.824 81.3773 826.391 749.11 191.029 3829.25 558.081 536.229 827.489
internal_count=19186 13908 5278 1033 857 531 176 114 8856 5052 326 56 481 47 7467 7438 6877 144 4245 85 1389 1287 66 4160 657 50 6733 5737 287 5450 516 192 102 3234 2040 245 170 144 111 84 43 1795 1194 1252 1221 434 327 242 197 4225 2925 1275 1010 95 85 863 785 187 3503 598 576 1054
cat_boundaries=0 1 2 3
cat_threshold=2816 2080 28
is_linear=0
shrinkage=0.05


Tree=22
num_leaves=63
num_cat=3
split_feature=38 37 49 11 44 14 60 48 62 12 10 40 41 29 40 60 42 37 10 49 22 37 41 46 2 44 22 49 52 22 10 49 11 62 52 10 48 38 45 5 60 14 40 43 30 62 39 53 29 37 43 48 10 43 43 15 10 15 38 49 49 49
split_gain=27.5108 9.82228 8.99955 8.1025 8.03596 4.73916 4.86418 4.39133 4.38933 5.33576 3.80343 4.85169 5.20597 4.71453 3.74023 3.64318 3.36614 3.22819 4.18651 3.1941 2.9602 2.88579 3.44929 4.28221 2.57881 2.50805 2.48168 3.59609 3.56576 7.08066 6.3602 5.24554 3.42921 3.7249 3.10827 5.6464 4.74865 3.92715 3.26927 4.81706 3.09786 2.8256 3.30899 2.69139 2.51583 5.04948 2.45129 2.44306 4.5548 2.44274 2.94712 2.43662 2.40217 2.90578 2.53347 2.37861 2.36198 2.27597 2.27248 2.25866 7.94966 6.30873
threshold=0.2318433299660683 0.12324490398168565 0.11476994678378107 -0.071844313293695436 0.61723655462265026 -0.0064708776772022239 0 0.42774859070777899 1.0000000180025095e-35 0.032276282086968429 0.036990318447351463 0.92743748426437389 0.74032264947891246 0.17323321104049685 1.1951564550399782 1 0.29492293298244482 0.11165964603424074 -1.0000000180025095e-35 0.095535587519407286 9.5000000000000018 0.40477658808231359 1.3797806501388552 0.18740031123161319 0.02175411302596331 0.28944087028503424 19.500000000000004 0.17061997205019 0.17933874577283862 25.500000000000004 -0.237884946167469 0.30106374621391302 -0.020702823996543881 15.500000000000002 0.14486308395862582 0.18122271448373797 0.78567922115325939 0.35180209577083593 -0.06408271566033362 -0.033376825973391526 2 0.00073451487696729611 0.90013957023620617 0.099243082106113448 0.4276640266180039 9.5000000000000018 0.7487865984439851 -0.31500135362148279 0.26493433117866522 0.35940594971179968 0.17598314583301547 0.22474856674671176 0.030776898376643661 0.10490102320909502 0.12473083660006525 -0.015805438160896298 -0.046572584658861153 -0.0070791682228445998 0.18329481780529025 0.1480706259608269 0.141009695827961 0.14479526132345202
decision_type=2 2 2 2 2 2 1 2 2 2 2 2 2 2 2 1 2 2 2 2 2 2 2 2 2 2 2 2 2 2 2 2 2 2 2 2 2 2 2 2 1 2 2 2 2 2 2 2 2 2 2 2 2 2 2 2 2 2 2 2 2 2
left_child=1 2 4 -2 8 -3 52 14 9 -1 17 13 46 20 -4 21 26 -6 19 56 -12 22 24 -24 -5 -8 27 34 -28 30 -30 32 33 -32 -17 36 40 38 -37 -40 41 42 -36 -41 -31 -46 -13 48 -42 50 57 -16 55 -54 -55 58 -19 -34 -7 60 -27 -62
right_child=3 5 7 15 10 6 25 -9 -10 -11 11 12 -14 -15 51 16 -18 18 -20 -21 -22 -23 23 -25 -26 59 28 -29 29 44 31 -33 49 -35 35 37 -38 -39 39 43 47 -43 -44 -45 45 -47 -48 -49 -50 -51 -52 -53 53 54 -56 -57 -58 -59 -60 -61 61 -63
leaf_value=-0.0017078631917432656 0.0052932066117905019 -0.002250027286729349 -0.0013676907066959992 -0.0010159621837651609 9.6779082699923586e-05 -0.00056547454012253475 0.0019906944044382501 -0.0006543717768261087 0.00018803188897248345 0.0001217663142598198 -0.00097163658624390109 0.00057514442597473084 -0.0016639666123597257 -0.0015681226954384793 -0.0012660713306073834 0.00068728420354370189 0.0018055243934244098 -0.00076408189105777043 7.6467529799791133e-06 -0.00077244443677108843 0.00026550986150216185 0.001488070189584443 0.00068326801483986068 -0.0027971924586242289 0.0010208033249318315 -0.00011253417703070675 0.00036830415974914215 0.0013470830384451572 0.0015468744676029782 0.0011575023673532359 -0.0037139282057696969 -0.00090956569895636857 -0.00034011391544984154 -0.0017426967207124654 -0.0018168841192328822 0.00053223330589211308 -0.001915333548223109 -0.0032240961718508904 -0.0028941094969622259 -0.0012975453141299998 0.00074826692562911527 0.0019338886730421942 0.00050068893327251775 -0.00019276051189847377 -0.0023550205922030234 0.0030197873834456311 -0.0016637707422542836 -0.00018767945112810466 -0.0022287605289833027 -0.00033169743756237549 -0.0026988909697131446 -0.0018108940261991197 0.00039518887573477271 -0.0013648301298038895 -0.00074952387816261574 -0.00095951885122401654 -0.0022673082763289935 -0.0012986409757099278 0.00046316906125655965 0.00016213146846437779 -0.0017773747865884244 -0.00045494428441104841
leaf_weight=22.712464213371277 1073.9931152462959 16.553689956665039 67.773794889450073 389.74635457992554 161.08793258666992 141.72909379005432 251.52288085222244 79.278382301330566 321.45695251226425 26.206689476966858 29.367736756801605 32.573037683963776 82.103393495082855 34.151023983955383 24.241384506225586 1879.9428254961967 1521.216899394989 23.687814772129059 48.630528211593628 45.211403608322144 88.228082954883575 142.67557668685913 20.675835371017456 33.683593511581421 189.71888780593872 3739.820993244648 2008.4130286574364 1930.2626605629921 157.05512028932571 401.08404982089996 29.403188824653625 90.104737401008606 48.799957096576691 28.717583060264587 30.922493457794189 81.743374288082123 44.764319479465485 25.295621037483215 32.507024049758911 31.009675920009613 20.620231449604034 454.46669518947601 150.00241303443909 82.619983792304993 48.228848218917847 38.448517262935638 34.24163943529129 402.89046931266785 21.825564503669739 89.156710207462311 20.28682816028595 20.416959404945374 224.21528261899948 38.352920055389404 59.751109302043915 700.54054892063141 22.785502970218658 75.24383932352066 126.15703898668289 878.91516125202179 109.99424183368683 110.55970376729965
leaf_count=26 1095 11 68 491 155 173 229 62 270 30 25 25 75 22 24 2064 1572 24 45 33 78 178 26 39 240 3332 2112 1856 146 404 21 90 45 37 30 81 37 32 33 30 21 422 164 76 35 46 32 448 22 95 21 22 266 48 72 863 17 75 157 749 84 85
internal_value=0.000334313 -0.00201157 -0.0062369 0.00186467 -0.00427702 -0.00124189 -0.00117154 -0.0161448 0.00150653 -0.0124081 -0.00784287 -0.0118292 -0.0182528 -0.00548451 -0.0225166 0.00144173 0.0017038 -0.00384713 -0.009392 -0.0156838 -0.000685227 -0.00183881 -0.00331323 -0.0153595 -0.00217209 -0.000469953 0.00130493 0.00196928 0.000167406 -0.00222783 -0.00618086 -0.0096673 -0.0129255 -0.0238528 0.000954079 -0.000846494 0.00066724 -0.00759315 -0.00548423 -0.00996782 0.00133307 0.0035443 -0.00166244 -0.00504744 0.0021287 -0.00556812 -0.0077669 -0.00184877 -0.0132915 -0.010175 -0.0142046 -0.011068 -0.00390068 -0.00017583 -0.00736317 -0.00517538 -0.024911 -0.0112352 -0.00114509 -0.00072481 -0.00123439 -0.0104583
internal_weight=19157.8 7562.27 1164.15 11595.5 972.444 6398.11 6381.56 191.711 370.376 48.9192 602.068 300.665 148.918 151.747 112.432 10521.5 9745.03 301.403 140.315 91.6847 117.596 776.5 633.825 54.3594 579.465 5090.81 8223.82 5188.87 3034.94 1026.53 538.768 381.713 291.608 58.1208 3258.61 1378.67 1125.49 253.176 227.88 146.137 1080.73 635.392 180.925 113.63 487.761 86.6774 66.8147 445.336 42.4458 233.487 144.331 44.6583 1290.75 322.319 98.104 968.427 46.4733 124.044 267.886 4839.29 3960.37 220.554
internal_count=19186 7102 1033 12084 857 6069 6058 176 326 56 531 257 132 125 114 10989 10015 274 119 74 103 974 796 65 731 4479 8443 5316 3127 1015 530 384 294 58 3460 1396 1144 252 220 139 1107 616 194 106 485 81 57 491 43 236 141 46 1579 386 120 1193 41 120 330 4250 3501 169
cat_boundaries=0 1 2 3
cat_threshold=2336 768 179
is_linear=0
shrinkage=0.05


Tree=23
num_leaves=63
num_cat=2
split_feature=35 15 37 43 40 10 36 41 17 22 49 15 47 54 35 60 45 39 45 6 52 14 10 52 1 6 2 11 52 16 5 43 49 52 51 52 39 36 52 52 31 52 50 43 41 11 22 36 52 38 45 29 40 20 51 60 10 45 10 53 5 43
split_gain=25.78 9.56995 7.33551 8.53227 6.41278 5.6514 5.64959 6.78389 6.0504 5.43185 4.7754 3.99299 3.91254 3.78915 3.52487 3.13052 3.10474 2.8837 2.87868 3.38155 3.11907 2.80256 2.56935 5.56281 7.27662 4.92915 4.81636 3.76775 3.22481 2.7436 2.53178 2.46763 2.32117 2.22121 4.1079 3.85325 3.37037 3.00021 2.96161 3.05502 4.5867 2.59505 3.66836 2.59483 2.59478 3.72303 3.36045 2.77525 2.77363 3.87682 2.59383 2.41301 2.20274 4.41041 2.18043 2.62021 4.82291 6.59571 3.32386 2.14993 4.1325 3.91258
threshold=0.19677200168371203 -0.064525868743658052 0.12324490398168565 0.085296019911766066 0.91777771711349498 0.12365220114588739 0.083552286028862013 0.91042718291282665 59.278289794921882 17.500000000000004 0.26601912081241613 0.035918565467000015 0.095496721565723433 0.060997845605015762 0.11125322431325914 0 -0.4569097608327865 1.6527131795883181 0.093145877122879042 0.020701671019196514 0.10946783795952798 5.464147943712306e-05 -0.2883059680461883 0.17933874577283862 -0.58064794540405262 0.052021631971001632 -0.43498615920543665 0.0036166975041851406 0.35733072459697729 -0.021118987351655957 -0.94722557067871083 0.119572501629591 0.19689308851957324 0.12714371085166934 0.46420015394687658 0.099421620368957533 0.63325566053390514 0.16228910535573962 0.12863197177648547 0.17122317105531695 0.21664762496948245 0.096777565777301802 1.2363330125808718 0.065397448837757124 1.0455430150032046 0.0056963432580232629 15.500000000000002 0.22381974011659625 0.13360619544982913 0.18698135018348697 -0.012527240905910729 0.19912925362586978 0.95240798592567455 0.026815406046807769 0.6040233075618745 1 0.10837907716631891 -0.030905027873814103 0.1723832115530968 0.3346258699893952 0.094163078814744963 0.12012890353798868
decision_type=2 2 2 2 2 2 2 2 2 2 2 2 2 2 2 1 2 2 2 2 2 2 2 2 2 2 2 2 2 2 2 2 2 2 2 2 2 2 2 2 2 2 2 2 2 2 2 2 2 2 2 2 2 2 2 1 2 2 2 2 2 2
left_child=2 -2 3 4 -1 13 -6 16 -9 10 59 22 -10 14 -5 17 -8 -4 19 21 -20 -18 -11 54 25 27 -27 -25 -29 -28 -17 -26 33 35 -35 41 52 50 -39 44 -41 -32 43 -43 46 -46 -40 -47 -48 -50 -38 -51 53 -36 55 56 -24 -58 -59 -3 61 -61
right_child=1 9 15 5 6 -7 7 8 12 11 -12 -13 -14 -15 -16 30 18 -19 20 -21 -22 -23 23 24 31 26 29 28 -30 -31 32 -33 -34 34 36 -37 37 38 39 40 -42 42 -44 -45 45 47 48 -49 49 51 -52 -53 -54 -55 -56 -57 57 58 -60 60 -62 -63
leaf_value=0.00015549083965357634 0.0024379190699678451 0.00040941630375029251 -0.00062392264161712234 -0.0012990506845388687 -0.0012006201827513094 -0.00029962430547189454 -0.0017292632992741142 0.0003349141839350978 -0.0014643529348803302 0.0017641799340859486 0.0023358936721428448 0.00043400069390773876 -0.0018611400982268727 -0.002905232097338159 -0.00073625287904305206 0.00031260546755583252 -0.0013786009291494692 -0.00083570420848858593 -0.00029141448822116774 0.00016332089424206806 -0.0012657699319734725 -0.00016752087312444375 -0.00011925979452701784 -0.0023331922900646364 -0.0013666997249639559 -0.00033513596461511377 -0.0036432665223759676 0.00016406697223158781 -0.0014212060673452446 -0.00061141914830059737 -0.00030229218803411802 0.00010829389020081157 0.0018455268363837493 0.00029781591453374864 -0.0019990572445370588 0.00021724532729599936 -0.0019721388283817291 -0.0025858747141207601 0.0007285094691740269 -0.0016289444917810766 0.00061788690142128158 -0.0020935218118450505 -0.0017032342845624917 -4.8214448778192501e-05 2.258896576484157e-05 -0.0029349395190287932 0.00030154999274482067 -0.0018899113033857635 -0.0022071790729513772 0.0006454761363084698 -0.0017173170384200227 -0.0012776644650554858 0.00022504232245022446 0.00020373696112307383 0.00050817195596890915 -3.1172534151142905e-05 0.0005810222497438719 -0.0023972745274731572 -0.0020960219155480788 0.00087507627910985439 0.00052711854175348932 -0.0022716030962393547
leaf_weight=337.98095411062241 1931.0913455486298 4571.4916530251503 1152.2787619233131 98.02839320898056 46.237382650375366 35.343392372131348 29.75467050075531 28.162150323390961 23.121968328952789 256.72422432899475 1462.4656438231468 1848.2333042621613 37.797781348228455 24.232074975967407 60.320598483085632 192.5019902586937 64.265612840652466 29.539348840713501 33.185524106025696 196.05652689933777 26.184185981750488 123.48350763320923 322.04229861497879 54.374443411827087 61.897829234600067 172.29837530851364 27.557346284389496 28.465066313743591 20.637459516525269 20.498782277107239 644.14802181720734 333.35837441682816 93.009064197540283 306.71855044364929 35.555766940116882 947.15682935714722 36.749795258045197 26.225001752376556 182.35475814342499 47.283516407012939 32.989395499229431 40.01071560382843 30.425374031066895 75.716427266597748 36.95078432559967 32.626795649528503 40.922820389270782 24.329529643058777 54.911181449890137 49.159594595432281 30.06109094619751 20.100426495075226 229.09916985034943 45.09964519739151 708.40454894304276 1191.3960208296776 49.696589052677155 36.805903732776642 42.476883828639984 74.24372136592865 225.13262641429901 118.42189025878906
leaf_count=321 1982 4680 1418 92 50 21 23 29 26 246 1449 1919 25 15 57 161 61 37 29 131 23 130 289 53 62 186 24 28 21 18 645 347 82 281 31 749 30 18 133 40 28 40 32 72 28 23 37 19 36 43 25 16 192 29 624 1410 46 31 41 83 244 125
internal_value=0.000311673 0.00149071 -0.00254185 -0.00607568 -0.00401334 -0.0150015 -0.0070827 -0.0056863 -0.018348 0.000948768 0.00191674 -0.000257099 -0.0271977 -0.0185465 -0.0156554 -0.00161319 -0.00328737 -0.00380745 -0.00222267 -0.000622716 -0.0124633 -0.00542844 -0.00129317 -0.00169613 -0.00554486 -0.0111019 -0.00683496 -0.0201248 -0.00990015 -0.0208316 -0.000800495 -0.000977683 -0.00115403 -0.0013992 -0.00302424 -0.000244728 -0.00468937 -0.00683283 -0.00559719 -0.00475813 -0.0137429 -0.00282484 -0.00884424 -0.00471903 -0.00310993 -0.0104858 -0.00109957 -0.0185013 -0.00627656 -0.0100084 -0.016867 -0.00205404 -0.000419004 -0.00753332 -0.000516539 -0.00151824 -0.00471572 -0.0129915 -0.0219377 0.00117885 -0.00224928 -0.00762888
internal_weight=19157.8 13557.7 5600.08 1164.15 946.23 217.924 608.249 562.012 89.0819 11626.6 6451.76 5174.87 60.9197 182.581 158.349 4435.92 472.93 1181.82 443.175 383.806 59.3697 187.749 3326.63 3069.91 719.088 323.831 220.355 103.477 49.1025 48.0561 3254.11 395.256 3061.6 2968.6 1231.14 1737.46 924.419 614.665 547.854 521.629 80.2729 790.301 146.153 115.727 441.356 93.9071 347.449 56.9563 165.094 124.171 66.8109 69.26 309.755 80.6554 2350.82 1642.42 451.022 128.979 79.2828 4989.29 417.798 192.666
internal_count=19186 13908 5278 1033 848 185 527 477 80 11926 6581 5345 51 164 149 4245 397 1455 374 322 52 191 3426 3180 739 330 228 102 49 42 2790 409 2629 2547 1009 1538 728 476 421 403 68 789 144 112 335 70 265 42 132 95 55 59 252 60 2441 1817 407 118 72 5132 452 208
cat_boundaries=0 1 2
cat_threshold=2848 272
is_linear=0
shrinkage=0.05


Tree=24
num_leaves=63
num_cat=3
split_feature=33 37 49 49 6 20 52 60 60 20 3 1 49 52 34 17 28 31 6 9 49 42 10 5 32 31 49 27 26 11 20 11 45 3 51 22 15 22 8 51 41 12 12 45 10 17 44 52 28 60 51 6 22 11 32 28 62 48 32 37 45 42
split_gain=22.8726 10.2013 8.39837 6.29757 5.50164 5.10487 4.83862 4.50904 4.49919 4.49645 4.74986 4.34365 4.21281 5.05682 3.89679 3.60788 3.72519 4.43484 3.87372 4.13817 3.58372 3.69803 3.90274 3.90204 3.50263 4.19973 3.1371 3.09673 3.55132 2.95989 2.92119 2.89839 2.8862 2.82699 3.55378 2.72039 3.38843 3.36015 3.21316 2.85475 3.16773 2.66875 2.62052 2.5791 2.49529 2.48145 2.97843 2.48127 3.09135 3.21741 3.57745 5.98249 2.5437 4.06829 2.74472 2.39693 3.08922 2.45678 2.32161 2.58001 3.02962 2.30121
threshold=0.20048850029706958 0.12324490398168565 0.30106374621391302 0.11595240980386735 0.032198376953601844 0.032785838469862945 0.35616774857044226 0 1 0.013983114156872036 -0.21894973516464231 -0.71387788653373707 0.16129281371831897 0.12714371085166934 0.19524226337671283 72.37524795532228 0.25453609228134161 0.38097669184207922 0.086122184991836562 0.12529946118593219 0.23270576447248462 0.15466201305389407 -0.076640207320451723 -0.19564138352870938 0.11581949144601823 0.10727497935295106 0.16168561577796939 0.19267683476209643 0.0014403462992049756 -0.08254691585898398 0.0078675444237887877 0.019556998275220398 0.091305989772081389 -0.28331251442432398 0.8335513472557069 15.500000000000002 0.1782932057976723 23.500000000000004 0.013090037275105717 0.71201220154762279 1.2768195867538454 -0.016424523666501042 0.090501397848129286 0.077136497944593443 0.066396027803421034 56.720985412597663 0.9409160614013673 0.36938682198524481 0.43228906393051153 2 0.67738983035087597 0.10452255979180337 6.5000000000000009 -0.017190573737025257 0.58204579353332531 0.28792707622051245 4.5000000000000009 0.56669145822525036 0.43606971204280859 0.26281289756298071 -0.0041064636316150418 0.19242912530899051
decision_type=2 2 2 2 2 2 2 1 1 2 2 2 2 2 2 2 2 2 2 2 2 2 2 2 2 2 2 2 2 2 2 2 2 2 2 2 2 2 2 2 2 2 2 2 2 2 2 2 2 1 2 2 2 2 2 2 2 2 2 2 2 2
left_child=1 3 7 5 26 9 8 14 -3 27 11 -11 13 42 -2 16 17 -15 19 30 21 22 -8 -24 25 44 32 -1 -29 -4 31 -18 -5 34 -16 36 -14 38 39 40 58 -26 -9 55 -12 -45 -47 -31 49 -49 51 -51 53 -52 -54 -32 -57 -58 59 60 -37 -60
right_child=2 6 29 4 -6 -7 20 12 -10 10 24 -13 35 15 33 -17 18 -19 -20 -21 -22 -23 23 -25 41 -27 -28 28 -30 47 43 -33 -34 -35 -36 37 -38 -39 -40 -41 -42 -43 -44 45 -46 46 -48 48 -50 50 52 -53 54 -55 -56 56 57 -59 61 -61 -62 -63
leaf_value=-1.2545125269837476e-05 -0.0017290421806333183 -0.00053243077674842499 0.0071519776607806389 -0.00022961985338399403 -0.0010997696293926786 0.00032711236644366454 -0.0017709535588882096 7.2172675319587265e-06 5.6990601148762536e-07 -0.00098293959986863063 0.00010191860239405285 -0.0016456209370591304 0.0015853377502721882 -6.5947837782104552e-05 0.00012644551823295521 0.00037923567606230478 -0.0017281022305973117 -0.002576612248849414 4.3461246252396447e-05 -0.0022498283716555173 -0.001028015779100098 0.00026716645775578531 7.3581049627377551e-05 -0.0025289968856197107 -0.0017649022348695594 -0.0014271695513503235 -0.0020649050083814636 -0.0013880596333879685 -0.00075221781032451117 0.0026014414108771508 -0.0009809933878203211 -0.0008932157104422745 -0.0012739477643161365 0.0012795601791020601 -0.0031320447680546456 -0.0013807050792921064 -0.003748273695747901 0.0014011408278726822 0.00052061764594522745 4.8288823435076637e-05 -0.0027818735544373713 -0.0002795111771405297 0.0020935886551699087 0.0002204116965129086 -0.0011219471529440098 -0.00028436031894526272 -0.0024391905490698303 0.0030564603870398832 0.0024414505763391179 0.00099561687211166408 -0.0032240205510888987 -0.0035554432051485788 -0.0017865937059516419 0.0011028776444882275 0.0012138322051102491 -0.0022289994017001091 -0.0026674865233028825 -0.00061100931419803416 -0.002793696208627159 4.460892326575705e-05 -0.0026301939621986049 -0.0011895164891354588
leaf_weight=277.23889935016632 39.890823364257812 1601.63609623909 678.69283717870712 82.439254403114319 38.810416340827942 130.98250782489777 31.306651532649994 1561.3936424255371 3731.8008818030357 34.119840502738953 32.212487518787384 47.582606554031372 1075.7131463289261 845.15437257289886 1129.7140466570854 412.89885473251343 56.523268938064575 34.120386302471161 191.87260192632675 39.597037971019745 79.898897707462311 26.534400939941406 23.088573813438416 19.455547451972961 28.111575603485107 20.965351581573486 20.494181156158447 29.798269689083099 70.199372410774231 1053.3083623051643 113.22893100976944 39.71939355134964 21.734628319740295 2540.9769169688225 32.528182506561279 21.497456729412079 22.116695284843445 482.03681308031082 309.0843887925148 102.97074973583221 37.297593712806702 155.73958933353424 272.25189590454102 158.05082911252975 29.700914740562439 80.392561197280884 23.027621150016785 111.26820737123489 353.05023986101151 20.665914714336395 36.862877070903778 32.881081819534302 111.75657713413239 30.704701542854309 242.87969166040421 21.118479251861572 68.702192485332489 44.549388825893402 20.059433162212372 132.09054279327393 17.2904953956604 26.00323349237442
leaf_count=245 33 1965 685 80 33 106 30 1552 3321 21 35 28 1021 812 1314 390 55 31 194 35 88 29 23 17 24 24 21 22 71 1049 111 41 22 2769 21 23 15 456 278 87 37 130 282 149 34 85 21 138 355 25 32 33 93 29 231 14 76 46 21 132 18 28
internal_value=0.000326093 -0.00207498 0.00156923 -0.00666894 -0.0156735 -0.00494311 -0.00122401 0.000900313 -0.000950548 -0.00658549 -0.0106851 -0.0212605 7.11001e-05 -0.000908522 0.00226812 -0.00256678 -0.0035773 -0.0012972 -0.00596678 -0.00782237 -0.00928115 -0.0155702 -0.0213169 -0.0112405 -0.00742026 -0.0159652 -0.0104806 -0.00278381 -0.0103224 0.00405856 -0.0067838 -0.0147977 -0.00688428 0.0024429 0.000395323 0.00180182 0.00358147 9.59279e-05 -0.00219996 -0.00543222 -0.0082791 -0.00353449 0.00101411 -0.0052563 -0.00927639 -0.00176807 -0.00779625 0.00308275 0.00120813 -0.00100844 -0.0028035 -0.0150336 -0.00130375 -0.0101901 0.000377635 -0.00891756 -0.0134446 -0.0100877 -0.00592733 -0.00320073 -0.0145215 -0.015905
internal_weight=19157.8 6533.85 12623.9 1020.13 163.478 856.651 5513.72 9951.87 5333.44 725.669 348.432 81.7024 6208.76 3962.6 3743.11 2128.96 1716.06 879.275 836.782 644.91 180.284 100.385 73.8508 42.5441 266.73 82.8788 124.668 377.237 99.9976 2672.07 605.313 96.2427 104.174 3703.22 1162.24 2246.16 1097.83 1148.33 666.294 357.21 254.239 183.851 1833.65 509.07 61.9134 261.471 103.42 1993.38 940.069 587.019 475.751 53.547 422.204 67.5676 354.636 247.599 134.37 113.252 216.941 170.878 38.788 46.0627
internal_count=19186 6369 12817 896 156 740 5473 10147 5286 634 296 49 6010 3894 4137 2060 1670 843 827 633 187 99 70 40 247 93 123 338 93 2670 598 96 102 4104 1335 2116 1036 1080 624 346 259 154 1834 502 69 255 106 1985 936 581 443 58 385 61 324 247 136 122 222 173 41 49
cat_boundaries=0 1 2 3
cat_threshold=1251 3872 709
is_linear=0
shrinkage=0.05


Tree=25
num_leaves=63
num_cat=0
split_feature=38 11 37 49 48 40 44 20 6 2 42 3 44 14 31 49 51 47 31 53 2 32 61 29 48 43 47 1 49 50 61 10 44 45 20 48 27 6 36 44 31 3 50 29 3 20 53 11 17 17 32 47 27 16 43 22 43 50 36 31 10 36
split_gain=24.4515 9.18297 7.77817 6.73544 5.5056 5.97465 5.3731 5.45056 4.54397 4.45712 4.2323 3.5857 3.53615 3.48456 5.28952 5.2474 4.73138 5.22995 4.00018 4.40052 3.89989 3.56157 4.10453 3.51667 3.44358 3.42489 3.89217 5.13604 3.40978 3.35617 3.25065 3.04569 2.95156 2.65742 2.66519 2.7134 2.81509 2.61305 3.49033 2.53263 2.5225 2.48336 2.407 3.88569 2.35956 2.35474 2.29433 2.28197 3.96353 2.19961 2.12351 2.69397 2.58829 2.11416 2.10764 2.08511 2.0481 2.81327 2.05992 2.6811 3.95183 2.62634
threshold=0.22356116771698001 -0.078854694962501512 0.12884347885847094 0.11595240980386735 0.44853964447975164 1.2165940999984743 0.55806896090507518 0.032785838469862945 0.084861610084772124 -0.78525879979133595 0.051990088075399406 -0.41647750139236445 2.5944492816925053 1.0000000180025095e-35 0.18649832904338839 0.2234204784035683 0.63025027513504039 0.89852622151374828 0.18318028748035434 0.11866464093327524 -0.54903230071067799 0.10964043810963632 9.5000000000000018 0.15294643491506579 0.49279990792274481 0.045413713902235038 0.68294239044189464 0.043776895850896842 0.095535587519407286 1.1491297483444216 1.5000000000000002 0.027476965449750427 0.86652287840843212 0.00099754612892866156 0.06277512758970262 0.6547742784023286 -0.14283040910959241 0.032550288364291198 0.17413666844367984 1.0716418623924258 0.14129751175642016 0.2506845891475678 0.5832427740097047 0.25526438653469091 -0.62322145700454701 0.022793267853558067 -0.10428355261683463 0.0080554778687655943 46.543024063110359 54.878112792968757 0.23342039436101916 1.6348316073417666 0.58623343706130993 -0.034466302022337907 0.063642766326665892 20.500000000000004 0.052734352648258216 0.83299165964126598 0.15443565696477893 0.16159293055534366 0.082550998777151122 0.18898786604404452
decision_type=2 2 2 2 2 2 2 2 2 2 2 2 2 2 2 2 2 2 2 2 2 2 2 2 2 2 2 2 2 2 2 2 2 2 2 2 2 2 2 2 2 2 2 2 2 2 2 2 2 2 2 2 2 2 2 2 2 2 2 2 2 2
left_child=2 -2 3 6 5 -5 28 9 11 -8 -4 31 -10 14 16 37 18 23 21 -20 -19 22 32 -18 40 30 -27 45 -1 -14 -11 33 -12 34 -3 36 -36 -16 53 -25 -15 -29 43 -40 -35 -28 -22 54 -49 -46 51 -13 -52 -39 -26 -34 57 -42 -58 60 -60 -62
right_child=1 8 10 4 -6 -7 7 -9 12 25 13 50 29 24 15 -17 17 20 19 -21 46 -23 -24 39 47 26 27 41 -30 -31 -32 -33 55 44 35 -37 -38 38 42 -41 56 -43 -44 -45 49 -47 -48 48 -50 -51 52 -53 -54 -55 -56 -57 58 -59 59 -61 61 -63
leaf_value=0.00022104777960773076 0.0053917829697178749 1.4295535855926578e-05 0.0010255886831446771 -0.0011845194243881949 -0.00044310778922845281 -0.0012180571817029741 -0.0002064848131072788 0.00019285054634678902 0.00098353650684654273 -0.0011584188606752048 0.00058566803749593097 -8.170319750072236e-05 -0.0017139601500105054 0.00035404950761826572 0.00091293686420524246 -0.0016506079211478725 0.00094617509079967209 -0.0022207899788823228 -0.0019657376733056091 -0.0016843490062976145 -0.0021864650016680657 -0.00033872342186759205 -0.0019624343768119426 -0.00041610603570650033 -0.0015147411921072216 -0.00051919839262126255 -0.001127147062482854 9.7044906086875886e-05 -0.0021925869807777046 -0.0039065560899519828 -0.00052837036557748659 0.00013752440123290937 -0.00077011799556136605 0.00023550324918938869 0.00025380813486799574 4.7210915691343894e-05 -0.0018580799075429786 -0.00034740027231567987 -0.00030614087977802955 -0.0015707684834980814 -0.00094671199084928124 -0.0018505689340465822 0.00026894523702740842 -0.0037033930142608045 -0.0016725461509527056 -0.0015482060409898314 -0.0013993643737163705 -0.0015385742673496257 -1.9495557902628706e-05 -0.00049707758104747745 0.00035557538441334389 -0.0016899800710548003 0.0012700170411052592 -0.002191913454987707 0.0004874945112067591 -0.0017590765230705984 0.00038122324643830447 -0.002254900623309171 -0.00076554570095707587 -0.00042936915931576558 -0.0018770226391844058 -0.001329840596297235
leaf_weight=306.85680329799652 976.64073437452316 415.02413338422775 403.92570859193802 70.694486379623413 78.918378233909607 48.243731081485748 128.36251229047775 136.47994750738144 4721.1118600964546 44.63425225019455 40.846994519233704 1238.7132199406624 52.615154385566711 145.92595708370209 197.38989233970642 34.768894791603088 51.752802491188049 35.960884392261505 41.186190605163574 22.210024297237396 24.916245818138123 741.84043765068054 21.939635992050171 31.447363376617432 31.44344437122345 310.46898460388184 43.632492780685425 34.73533833026886 24.440841674804688 21.29363602399826 39.264352798461914 595.97904819250107 21.721072733402252 44.58885270357132 26.987668573856354 54.880387425422668 73.643055438995361 22.999341309070587 82.680695176124573 27.68585878610611 44.056020021438599 35.089585602283478 495.88516640663147 24.540734529495239 116.21376913785934 40.03312873840332 21.231391847133636 33.713691771030426 996.52635163068771 60.551812171936035 3269.9321964979172 33.621931493282318 742.88133347034454 35.674671709537506 654.40063172578812 24.008493900299072 115.53417694568634 19.499674677848816 103.94218754768372 860.62632697820663 27.5035360455513 19.850445985794067
leaf_count=286 985 449 411 72 67 50 80 110 4883 45 50 1256 57 157 206 33 47 36 41 20 21 750 28 29 25 319 31 20 13 16 37 664 23 49 30 41 73 24 82 27 51 24 513 24 130 24 19 26 751 67 3390 21 763 36 510 27 115 22 123 918 28 19
internal_value=0.000354321 0.00167194 -0.00205649 -0.00546794 -0.013994 -0.0207929 -0.00398788 -0.00617661 0.001275 -0.00801797 -0.00121673 0.000430403 0.00244932 -0.00161108 -0.0032334 -0.000366695 -0.00554413 -0.012668 -0.00403278 -0.0161582 -0.0222462 -0.00312113 -0.0115864 -0.00551692 -0.000546243 -0.00998284 -0.00827953 -0.0148076 0.00136642 -0.00837969 -0.0193216 -0.00183 -0.00660005 -0.00386295 -0.00204656 -0.0076272 -0.0125053 0.000399248 -0.00110056 -0.0138557 -0.00244968 -0.00469544 2.46326e-05 -0.0067563 -0.00851905 -0.0231715 -0.0124151 0.000933798 -0.00054973 -0.0111143 0.00102495 -0.000752226 0.00158968 -0.0127318 0.00316932 -0.0153298 -0.00321218 -0.0119616 -0.00271352 -0.00343822 -0.00958518 -0.0215665
internal_weight=19244.2 12444.7 6799.49 1341.85 197.857 118.938 1144 812.701 11468 676.221 5457.63 6673.02 4795.02 5053.71 2000.69 893.939 1106.75 192.995 913.753 63.3962 82.1085 850.357 108.516 110.886 3053.02 547.858 463.96 153.491 331.298 73.9088 83.8986 1387.87 86.5766 791.89 570.535 155.511 100.631 859.171 661.781 59.1332 1336.94 69.8249 603.107 107.221 221.354 83.6656 46.1476 1716.08 1030.24 176.766 5285.15 1272.34 4012.81 58.674 685.844 45.7296 1191.01 63.5557 1127.46 1011.92 151.296 47.354
internal_count=19244 12874 6370 1178 189 122 989 690 11889 580 5192 6933 4956 4781 2036 918 1118 179 939 61 76 878 128 103 2745 500 418 99 299 73 82 1503 100 839 593 144 103 885 679 56 1433 44 619 106 246 55 40 1312 777 197 5430 1277 4153 60 535 50 1276 73 1203 1088 170 47
is_linear=0
shrinkage=0.05


Tree=26
num_leaves=63
num_cat=3
split_feature=34 37 60 8 49 28 31 52 50 32 13 41 12 3 12 5 12 60 64 2 51 23 52 51 12 17 36 34 49 32 39 36 46 61 46 12 7 46 23 47 52 52 39 47 27 43 36 37 41 47 61 53 50 41 50 6 47 49 52 62 32 48
split_gain=21.4454 11.271 7.02154 6.99695 5.12513 5.21749 4.99979 4.49173 4.74945 4.00244 3.70056 5.07463 6.30132 3.78025 3.73101 3.60101 4.29024 3.40822 3.21286 2.88455 3.45449 3.16789 2.93025 2.83411 2.80493 2.98963 3.26038 3.07182 2.71365 3.09399 3.17694 2.59142 3.23273 2.44062 3.40391 3.84299 3.81985 3.24171 3.33116 3.52857 5.11899 3.82591 5.27929 4.3564 2.81734 2.31671 3.01109 3.91519 3.11144 4.20256 3.11822 3.3531 2.73369 2.68594 2.54643 2.31584 2.27809 2.23676 4.1561 2.77754 4.51655 2.60501
threshold=0.25976759195327764 0.12884347885847094 0 -0.11727198213338851 0.11066709831357004 0.064598452299833312 0.077173706144094481 0.35616774857044226 0.90325474739074718 0.23157355934381488 0.00011457517757662573 0.96881973743438732 0.010877784341573717 -0.10960713401436804 -0.063452359288930879 -0.81161019206047047 0.03436481952667237 1 1.5455212593078616 0.89429911971092235 0.78017225861549389 2.5000000000000004 1.0257704854011538 0.74045461416244518 0.073255546391010298 30.345060348510746 0.24080540984869006 0.27566108107566839 0.064542379230260863 0.11581949144601823 0.3959223628044129 0.14485619217157367 -0.2684666216373443 6.5000000000000009 0.43982324004173284 0.011432258412241937 2 -0.029175410978496071 2.5000000000000004 0.88760411739349376 0.14962037652730945 0.10793960094451906 1.1373207569122317 1.3919163942337038 -0.03015856351703405 0.28892487287521368 0.3839318454265595 0.451830804347992 0.37208130955696112 1.0656200647354128 8.5000000000000018 0.055181208997964866 0.56222459673881542 1.406630873680115 0.73731383681297313 0.17836631834506991 0.15324736386537555 0.14383759349584582 0.13231806457042697 17.500000000000004 0.28939558565616613 0.43950499594211584
decision_type=2 2 1 2 2 2 2 2 2 2 2 2 2 2 2 2 2 1 2 2 2 2 2 2 2 2 2 2 2 2 2 2 2 2 2 2 9 2 2 2 2 2 2 2 2 2 2 2 2 2 2 2 2 2 2 2 2 2 2 2 2 2
left_child=1 2 4 -2 5 28 -6 9 -9 15 14 12 18 -13 -4 -3 23 -5 -12 20 21 22 57 33 25 -23 27 -27 29 30 -1 32 -8 34 37 36 44 38 -17 56 41 42 43 -41 -36 46 47 48 49 -28 53 -52 -47 -50 -54 -56 -40 58 -19 60 -60 -62
right_child=3 7 10 17 6 -7 31 8 -10 -11 11 13 -14 -15 -16 16 -18 19 -20 -21 -22 24 -24 -25 -26 26 45 -29 -30 -31 -32 -33 -34 -35 35 -37 -38 -39 39 40 -42 -43 -44 -45 -46 52 -48 -49 50 -51 51 -53 54 -55 55 -57 -58 -59 59 -61 61 -63
leaf_value=-5.4826832861121224e-06 0.0068702660981910567 0.00043129445714768693 -0.0016162030965835347 0.0011592512196086605 -0.00039688806728615383 -0.00046295773802108311 -0.00069608955864047589 -0.001186822679931635 -0.0013792273724007788 0.00017230658908099912 -0.0014754995288967976 -0.0013536806319325299 9.6838828142137477e-05 -0.0008336235338592176 0.00019525770051066966 -7.767078364293023e-07 2.7850762790460061e-05 0.00033932713544582345 -0.0019164377040297974 0.0011206279858367502 0.0016278493903392353 0.00030204793391053268 -0.0034774818704646801 -0.0014238063161096421 0.00053517472105409222 -0.00066497319561323721 -9.738013252903189e-05 -0.0019989487426937359 -0.00098799724108028378 -0.00018469638464998348 -0.0011828518825974252 -0.00096847842194086738 -0.0013309413989676989 -0.00084105203696977014 -0.0012106459291375492 0.00045678763454884359 3.9470892941332468e-05 4.0717702545349807e-05 -0.0017317443821899326 -0.001753849349407197 -0.0020050690763167532 -0.00036161129706689665 0.0001190727080826938 -0.0010417436566992142 -0.0024749904905508029 0.0025118463370458911 0.0012749168715016552 -0.0026252025182422452 -9.5163531658865042e-06 -0.00193352083484276 -0.0004009958467470057 -0.0022756189248220498 -0.0034925957203266697 -0.00063419990732312278 -0.00034655243690588644 -0.00390925868315009 -0.00047472867010723115 0.0012484632446547615 -0.00018814197514789577 0.0026576702455536078 -0.001130440646288198 -0.0030088162445037112
leaf_weight=21.545925974845886 606.97243374586105 555.35311776399612 21.696138858795166 3254.7272107005119 30.301730632781982 287.53861731290817 23.96619701385498 104.06891989707947 42.402121424674988 3126.1586531996727 32.689083993434906 58.311227917671204 192.6740095615387 37.575238585472107 327.06695014238358 415.6238517165184 1636.8190787434578 339.46402335166931 44.415168285369873 937.79126888513565 650.995938539505 275.62428903579712 51.049549520015717 35.890118896961212 477.64183610677719 50.680044412612915 38.169919013977051 66.044488549232483 21.991147041320801 29.866580247879028 37.562921583652496 20.195099592208862 67.153533697128296 786.71596962213516 42.033653736114502 42.26401948928833 32.954154074192047 1077.9445042014122 20.622899413108826 39.339783847332001 22.869942903518677 94.32959109544754 25.068146705627441 32.207624018192291 49.007889151573181 27.111497819423676 310.89865827560425 27.510726988315582 674.82897937297821 31.697203934192657 47.833791136741638 27.896923661231995 35.929687559604645 21.734630942344666 84.967215895652771 21.676132798194885 316.02392309904099 1256.8178681731224 62.682298183441162 43.656569004058838 36.482003629207611 31.035852253437042
leaf_count=24 610 551 15 3563 30 324 24 103 46 3205 23 31 107 20 271 379 1496 359 37 942 584 276 55 28 474 47 35 62 19 32 43 23 65 1017 31 38 30 961 24 36 18 77 20 33 38 30 323 27 661 24 62 36 39 18 84 20 286 1228 61 56 34 29
internal_value=0.000351559 -0.00129481 -0.00571902 0.00204361 -0.00996765 -0.00722481 -0.0183435 -0.000641003 -0.00932 -0.000488075 -0.00232696 -0.00587571 -0.00234003 -0.0157585 0.00131336 -0.00133513 -0.00178842 0.00168801 -0.0144194 0.00093621 0.000430682 -0.000112633 0.00143162 -0.0029019 -0.00138159 -0.00231333 -0.00321248 -0.0112386 -0.0164424 -0.0124378 -0.0190588 -0.0232417 -0.0268497 -0.00273232 -0.00187734 -0.00876044 -0.0132055 -0.00131463 -0.00341852 -0.00596942 -0.010999 -0.00827641 -0.0152683 -0.0221902 -0.0184841 -0.00251417 -0.00172321 -0.00323542 -0.00262092 -0.0127287 -0.0016985 -0.0113311 -0.00798352 -0.000642588 -0.0107633 -0.00680515 -0.00275781 0.00177486 -0.000998863 -0.00728995 -0.0109568 -0.0199246
internal_weight=19244.2 9752.25 1254.55 9491.92 540.122 398.505 141.617 8497.7 146.471 8351.23 714.428 365.665 269.778 95.8865 348.763 5225.07 4669.72 8884.95 77.1043 5630.22 4692.43 4041.43 1821.19 3032.9 2220.25 1742.6 1466.98 116.725 110.967 88.9754 59.1088 111.315 91.1197 2997.01 2210.29 166.26 123.996 2044.03 966.086 550.462 213.815 190.945 96.6156 71.5474 91.0415 1350.26 1180.57 869.672 842.161 69.8671 772.294 75.7307 169.685 696.564 142.573 106.643 336.647 1770.14 513.321 173.857 130.2 67.5179
internal_count=19244 9505 1088 9739 584 442 142 8417 149 8268 504 218 167 51 286 5063 4512 9129 60 5566 4624 4040 1822 3016 2218 1744 1468 109 118 99 67 112 89 2988 1971 137 99 1834 873 494 184 166 89 69 69 1359 1186 863 836 59 777 98 173 679 143 104 310 1767 539 180 124 63
cat_boundaries=0 1 2 3
cat_threshold=1288 1219 2
is_linear=0
shrinkage=0.05


Tree=27
num_leaves=63
num_cat=3
split_feature=35 37 60 28 49 60 22 43 49 52 14 43 47 45 11 44 7 40 52 49 17 49 10 45 38 29 31 49 22 11 28 10 17 48 50 44 42 35 61 22 10 11 20 13 48 38 28 13 38 12 30 17 62 13 15 31 53 29 5 13 37 44
split_gain=18.8771 11.92 8.36088 5.5737 5.30249 5.25707 5.0281 4.97223 4.98834 8.92338 5.61977 4.48966 4.37068 4.28603 4.28232 3.93546 3.47811 3.77209 3.18135 2.7959 4.04647 3.84783 5.04628 4.51483 4.78983 8.08144 3.299 2.76913 2.67312 2.60441 3.30663 2.58187 2.57154 2.49368 3.67858 2.83244 2.49035 2.454 2.5669 2.43371 2.42007 2.53251 2.31295 2.26616 3.82203 2.23535 2.56025 2.92782 2.56018 2.17197 2.13293 2.10184 2.08768 2.06383 2.05577 3.88352 4.75114 2.45094 2.47144 4.29099 2.98733 3.84464
threshold=0.35634241998195654 0.12884347885847094 0 0.064598452299833312 0.11226899549365045 1 12.500000000000002 0.64494323730468761 0.25460945069789892 0.35616774857044226 -0.003434062702581286 0.15618703514337542 1.0702704191207888 0.078817214816808714 -0.08254691585898398 2.2528035640716557 2 1.3000891208648684 1.0175611376762392 0.14576178789138797 91.867729187011733 0.13894564658403399 0.30347815155982977 0.00099754612892866156 0.23568784445524218 0.15816978365182879 0.12859681248664859 0.12993165105581286 19.500000000000004 -0.013758429326117037 0.50925016403198253 -0.18495368957519528 46.951604843139656 0.37040737271308904 1.1008501648902895 0.55363991856575023 0.086675368249416365 0.15277268737554553 2.5000000000000004 27.500000000000004 -0.014520897064357994 0.046354312449693687 0.029938438907265667 3.9278025724343031e-05 0.52519431710243236 0.17542250454425815 0.079387761652469649 0.00026468090072739875 0.14299023151397708 -0.019738934002816674 0.28594464063644415 37.17720031738282 15.500000000000002 0.0023452965542674069 0.00607003620825708 0.26621893048286444 0.034190179780125625 0.27315421402454382 -0.20298605412244794 -0.0006988155364524572 0.14766442775726321 0.9278453290462495
decision_type=2 2 1 2 2 1 2 2 2 2 2 2 2 2 2 2 9 2 2 2 2 2 2 2 2 2 2 2 2 2 2 2 2 2 2 2 2 2 2 2 2 2 2 2 2 2 2 2 2 2 2 2 2 2 2 2 2 2 2 2 2 2
left_child=1 2 3 15 -5 16 13 8 9 19 11 -11 39 43 -2 -1 17 33 40 21 -21 22 26 24 25 -23 -7 29 51 30 37 -19 52 42 35 53 -14 38 49 -8 -18 -42 -3 -4 -45 48 47 -47 -37 -28 -26 -6 54 -35 57 56 -56 58 59 -31 -61 -62
right_child=14 5 6 4 28 7 12 -9 -10 10 -12 -13 36 -15 -16 -17 18 31 -20 20 -22 23 -24 -25 50 -27 27 -29 -30 32 -32 -33 -34 34 -36 45 -38 -39 -40 -41 41 -43 -44 44 -46 46 -48 -49 -50 -51 -52 -53 -54 -55 55 -57 -58 -59 -60 60 61 -63
leaf_value=-0.00093101654104927602 0.0055656659340322691 -0.00070686195986157871 -6.4085888752883727e-05 -0.00045073854607958764 -0.0019403578907953541 0.0010416182611388432 0.00039043191992379572 -0.0038532592812260875 0.0024845221776297307 -0.0017568971728398987 -0.00076565666075264496 -0.00090210649902031721 -0.00072822001063363375 -0.0012577446330282174 0.0010192400541743777 -0.00098166849738443702 0.00055292208018951005 -0.0026521394156730897 -0.0040635733673207511 0.00040614543363891797 -0.0037614839408272684 -0.0017685819668525481 0.0014276466382329156 -0.00010610453099737025 0.00053142116758128665 -0.0018731696369815439 -0.0015150912498914707 0.0011411846965257105 -0.0014283651286410067 0.00024746489320063989 -0.0039628547025035961 0.00049423403775023596 -0.00017964052342521052 -0.0019124673240521772 0.00024727820406379166 -0.0023485086815673685 -0.0013612148185136292 0.00044616896459937844 0.00018933099682344608 -0.0012937202005004009 -0.00038094605440965604 0.0013592631582347505 0.00089994421578396271 -0.0016508595723670116 -0.00028497121172756324 -0.00088014640120653582 -0.00095266140757167763 -0.0014591952041551406 0.0002374827313227425 -0.0009208400265677992 -0.0027127643568938629 -0.00084399133764794833 0.00043127802074816593 -0.00201614044641777 -0.0017800193526306747 0.0013722508251941519 -0.00025051446164959249 -0.0014348178554745821 0.0001896681622527605 -0.0017137984388510353 -0.00057155402351736909 -0.0014112111428535357
leaf_weight=163.81528681516647 852.80225348472595 218.64359623193741 115.47414767742157 303.52269959449768 19.983307123184204 292.31565725803375 404.11443954706192 21.068332672119141 776.55311232805252 27.395020544528961 176.09306669235229 18.766588926315308 51.609305739402771 41.184556484222412 3571.3357743024826 20.966067552566528 375.61722594499588 17.84772777557373 15.759074568748472 3741.9542673230171 26.806871771812439 39.770437121391296 418.32695823907852 249.13365042209625 74.288644134998322 56.935889184474945 24.970634460449219 456.29404824972153 20.201153755187988 80.827963411808014 21.607488870620728 252.27220612764359 2696.5346871614456 27.395547926425934 143.96328544616699 18.29228687286377 36.230762124061584 990.06745165586472 41.107906758785248 24.810491323471069 627.6084788441658 127.07227945327759 146.74448126554489 46.709217965602875 65.02745509147644 30.181794047355652 438.420658826828 16.323444426059723 110.34127259254456 24.248317897319794 45.148339092731476 30.410555362701416 121.4025958776474 38.87216991186142 47.224236905574799 19.497600078582764 37.690512716770172 46.097163915634155 158.14466577768326 26.495360970497131 60.580270528793335 53.267829775810242
leaf_count=173 864 278 86 340 20 249 327 14 676 22 159 22 31 25 3855 19 468 24 19 3360 16 30 395 222 78 39 21 419 20 71 22 318 2603 36 188 24 19 1008 40 19 781 160 183 35 36 37 548 20 130 20 50 31 154 48 40 21 34 41 140 16 52 48
internal_value=0.000335241 -0.000520088 -0.00501004 -0.00962016 -0.00625907 -7.18667e-05 -0.00157865 0.000411676 0.000459736 0.000161522 -0.00974285 -0.0252841 0.00127676 -0.00715226 0.00320151 -0.0169114 -0.00208484 -0.00371175 -2.69407e-05 0.000385591 0.00145587 -0.000276811 8.43179e-05 -0.00464609 -0.00993227 -0.0182093 -0.000339965 -0.00064836 -0.0186077 -0.00102961 0.00107587 0.0016076 -0.00172419 -0.00492428 -0.00645083 -0.00798884 -0.00886251 0.00146824 -0.00640258 0.00336643 0.000280696 -0.00134671 -0.00146806 -0.00442965 -0.00950463 -0.00691266 -0.00846818 -0.0196777 -0.00100774 -0.0141107 -0.00317903 -0.0122497 -0.00454608 -0.0178522 -0.00590277 -0.0122135 -0.0168493 -0.00433962 -0.00299801 -0.00641452 -0.0117037 -0.00810741
internal_weight=19244.2 14820 1344.06 558.899 374.118 13476 785.16 10870.6 10849.5 10073 222.255 46.1616 516.765 268.395 4424.14 184.781 2605.36 1459.3 1146.06 9850.74 3768.76 6081.98 5616.7 465.277 216.143 96.7063 5198.37 4906.06 70.595 4449.76 1102 270.12 3347.76 1189.18 823.79 679.827 87.8401 1080.39 90.3269 428.925 1130.3 754.681 365.388 227.211 111.737 613.559 484.926 46.5052 128.634 49.219 119.437 50.3939 651.228 66.2677 529.826 104.412 84.9147 425.413 379.316 221.171 140.343 113.848
internal_count=19244 14525 1181 603 411 13344 578 10082 10068 9392 203 44 396 182 4719 192 3262 1834 1428 9189 3376 5813 5394 419 197 69 4999 4750 71 4331 1111 342 3220 1492 1031 843 50 1089 81 346 1409 941 461 157 71 759 605 57 154 41 128 51 617 84 463 95 74 368 327 187 116 100
cat_boundaries=0 1 2 3
cat_threshold=1288 2848 2
is_linear=0
shrinkage=0.05


Tree=28
num_leaves=63
num_cat=2
split_feature=35 60 35 62 14 40 11 41 37 43 6 49 44 7 6 33 49 14 32 43 20 31 29 40 22 59 36 22 41 51 20 33 46 12 50 6 6 35 48 44 14 30 46 17 35 5 29 42 1 26 46 62 20 53 42 37 40 61 10 51 20 6
split_gain=16.7449 9.67621 8.51368 5.64348 5.88892 4.53919 4.51797 4.39814 3.80632 3.85462 3.7562 3.67216 3.22754 3.15779 3.36752 3.38692 3.11242 4.2964 5.43502 7.72449 2.98344 2.93719 5.17349 2.84705 2.83712 2.83651 2.65077 2.6545 2.56662 2.45838 3.47112 2.45672 2.41121 2.50501 2.40247 2.34574 2.96252 6.28639 3.66552 2.8673 3.00818 3.68102 2.78042 2.76746 4.36597 3.28893 2.66528 2.8915 3.8675 2.44127 4.17564 4.06956 3.27162 2.6974 2.13636 2.96576 2.129 2.08825 2.03505 2.38929 2.02942 1.9892
threshold=0.35634241998195654 0 0.10455620288848878 20.500000000000004 -0.00011568593617994337 1.2369909286499026 -0.08254691585898398 1.4666673541069033 0.19319299608469012 0.42906071245670324 0.020701671019196514 0.46775130927562719 0.69534927606582653 1 0.14351007342338565 0.16676098108291629 0.25674836337566381 0.00073451487696729611 0.51094973087310802 0.15874377638101581 0.065486259758472457 0.12859681248664859 0.067469231784343733 1.3000891208648684 18.500000000000004 0.13455670326948169 0.083552286028862013 12.500000000000002 0.56930953264236461 0.78419244289398204 0.034377470612525947 0.15035240352153781 0.022732639685273174 0.0081249638460576552 0.72951093316078197 0.068738471716642394 0.054983291774988181 0.11657221615314485 0.75697940587997448 0.84635704755783092 0.0035094923805445437 0.17259293794631961 0.57101970911026012 47.592967987060554 0.1613034009933472 -0.18229344487190244 0.17104847729206088 0.09185220301151277 -0.44170074164867396 0.0015712976455688479 -0.20361203700304029 6.5000000000000009 0.017517630942165855 0.38506714999675756 0.20004782080650332 0.25171898305416113 0.85013139247894298 2.5000000000000004 -0.0059059069026261559 0.65162843465805065 0.01704394351691008 0.045859638601541526
decision_type=2 1 2 2 2 2 2 2 2 2 2 2 2 9 2 2 2 2 2 2 2 2 2 2 2 2 2 2 2 2 2 2 2 2 2 2 2 2 2 2 2 2 2 2 2 2 2 2 2 2 2 2 2 2 2 2 2 2 2 2 2 2
left_child=1 2 3 4 5 -1 -2 8 21 16 26 13 -13 20 15 24 17 18 29 -20 23 -3 -23 -4 -15 35 27 -6 -21 -10 -31 -29 60 -34 -8 36 39 -38 57 40 41 43 49 45 46 -24 47 48 -45 53 51 52 -51 61 -18 -56 -52 -39 -17 -60 -26 -41
right_child=6 7 11 -5 10 -7 34 -9 9 -11 -12 12 -14 14 -16 58 54 -19 19 28 -22 22 25 -25 32 -27 -28 31 -30 30 -32 -33 33 -35 -36 -37 37 38 -40 42 -42 -43 -44 44 -46 -47 -48 -49 -50 50 56 -53 -54 -55 55 -57 -58 -59 59 -61 -62 -63
leaf_value=-0.0011766425881233073 0.0052873826373306555 0.00016465919907821588 -0.00077456327471483598 0.0016490882040367208 -0.001098862750755572 -0.00081817468149362354 0.00015482838471387098 -0.0025824162876447766 -2.9020206758420541e-05 -0.0017302743308308397 -0.00085651432574678659 -0.0038603946989547141 -0.00070513076299912741 5.9862386661309528e-06 -0.0024073546654703425 0.0011750047189441712 0.003726647711162294 0.00054648740469626371 -0.0022286011131604682 0.0021280236649387318 0.0013153246824893538 -0.0013042418825329194 -0.0015615140578938121 0.00010042687157375969 -0.00055286876290498493 -0.0023560595694196661 -0.00027434389850256106 0.0005148661832990335 -0.0010887228867943778 -0.0021419963626427953 0.00062279440092563316 -0.0040366488199228686 -0.00047235305697777082 -0.0016541112793238535 0.0013940822959464597 0.00048400260461874887 -0.0017121711039924132 0.00045957299669812036 -0.00044436970284055107 0.00048621751953083431 -0.0024841829285350576 0.00010090432366679017 -0.0012324417597433582 -0.0013795268627080672 -0.0016405451842915677 -9.2118196985797873e-05 -0.0010717862110167908 0.00027129419922119341 -0.00035897112635978486 -0.0012893332243794553 -0.0010968018944004523 0.00040283620479101699 -0.0018154213407943277 -0.0011931778462674167 -0.0025768545367026671 0.0015759467448347025 0.00037538195183811976 -0.00090952910289514516 0.00020841292636795061 -0.00093945719565148307 0.00050375217756913268 -0.00079686397683335387
leaf_weight=53.69670170545578 852.80225348472595 522.081622838974 1112.0982618927956 41.613714933395386 19.218238949775696 22.221269130706787 1248.9132927060127 42.569995164871216 3125.0801882743835 31.874133348464966 26.261499881744385 16.179615199565887 21.479040741920471 362.49771094322205 25.17389589548111 365.2051996588707 367.69611799716949 4098.5424219965935 32.871735334396362 34.508589029312134 121.28433591127396 41.886633694171906 49.537344992160797 271.95686143636703 118.81890207529068 48.36396312713623 137.44874954223633 24.642581701278687 18.683408081531525 25.575002670288086 23.349496006965637 17.886648595333099 57.735584795475006 43.977203011512756 2322.4224815964699 298.98930078744888 20.444067358970642 133.56316864490509 39.149214744567871 522.3430340886116 28.322089195251465 291.90947139263153 25.775477647781372 33.025287926197052 130.27008581161499 29.169791758060455 29.563653171062469 217.4199606180191 60.28483510017395 34.770098805427551 39.155130565166473 34.274200201034546 45.446290850639343 35.875557482242584 35.366186738014221 331.99219882488251 201.9547113776207 157.68070262670517 491.5817204117775 30.664918899536133 76.067461252212524 122.95526230335236
leaf_count=56 864 394 1394 55 22 22 1395 29 3099 22 26 21 27 429 27 448 327 3850 26 34 151 34 35 344 142 44 155 28 20 26 20 20 70 49 2460 251 14 105 26 393 19 256 16 25 107 22 16 141 44 24 27 38 27 37 27 289 162 162 617 40 89 105
internal_value=0.000369957 -0.000435597 -0.00274739 -0.0102342 -0.012623 -0.0246955 0.00306949 0.000269671 0.000330735 0.000905931 -0.00852652 -0.00192987 -0.0174427 -0.00173783 -0.000166886 0.00012575 0.00097495 0.000664219 -0.000689317 -0.0130815 -0.0033746 -0.00113089 -0.00180212 -0.00403538 -0.00258571 -0.00152204 -0.00614292 -0.0147542 -0.00119479 -0.000351324 -0.0114628 -0.00759418 -0.0062124 -0.0124642 0.00228639 -0.00129488 -0.00184165 -0.00607088 -0.00438326 -0.00107081 -0.00320093 -0.00265313 0.000667734 -0.00506652 -0.00359893 -0.0137616 -0.00060253 0.000748928 -0.00658929 0.00107619 -0.00227363 -0.0101374 -0.016306 0.00283235 0.00407836 0.0013639 0.00144237 -0.00242957 0.00214521 0.000132933 -0.00291919 0.0035805
internal_weight=19244.2 14820 3457.71 342.989 301.376 75.918 4424.14 11362.3 11319.8 8125.54 225.458 3114.72 37.6587 3077.06 1571.72 1546.55 8093.67 7358.61 3260.07 86.0637 1505.34 3194.21 2672.13 1384.06 659.097 2630.24 199.196 61.7475 53.192 3174 48.9245 42.5292 296.599 101.713 3571.34 2581.88 2282.89 350.837 330.393 1932.05 869.503 841.18 1062.55 549.271 470.564 78.7071 340.294 310.73 93.3101 1036.77 355.6 114.491 80.2164 681.174 735.055 367.358 241.11 291.244 887.452 522.247 194.886 645.298
internal_count=19244 14525 4232 384 329 78 4719 10293 10264 7740 251 3848 48 3800 1911 1884 7718 7075 3225 80 1889 2524 2130 1738 779 2096 225 70 54 3145 46 48 350 119 3855 2052 1801 307 293 1494 665 646 829 390 333 57 226 210 69 813 278 89 51 535 643 316 189 267 1105 657 231 498
cat_boundaries=0 1 2
cat_threshold=3872 2
is_linear=0
shrinkage=0.05


Tree=29
num_leaves=63
num_cat=4
split_feature=36 37 60 1 22 45 15 14 42 30 51 17 10 49 8 17 37 40 36 47 49 1 34 38 31 40 14 14 60 41 1 10 41 37 40 37 22 29 28 42 20 10 29 16 15 2 41 47 46 47 60 29 62 43 39 41 49 18 51 10 31 41
split_gain=15.7609 8.29615 8.36275 5.26305 4.77545 4.83289 4.41908 3.98678 4.44607 3.84005 4.15451 5.79485 4.74842 3.80651 3.74239 3.91384 3.6871 3.66906 4.57823 3.58634 3.50075 3.22252 3.17021 3.33264 3.93966 3.21624 3.03591 4.31418 3.00607 3.29018 6.94883 5.30697 3.84072 2.98437 3.01975 3.85049 2.9296 2.91246 4.64773 2.80181 2.69155 2.65933 3.20765 2.55798 2.34442 2.26108 2.25463 2.24497 2.46557 3.87984 2.23354 2.96952 2.22119 2.54819 3.0392 2.16002 2.25325 2.14333 3.22383 2.55903 2.38622 2.1326
threshold=0.33560234308242803 0.12884347885847094 0 -0.020103020593523976 12.500000000000002 0.078817214816808714 -0.1071186028420925 0.00043594272574409848 0.046158442273736007 0.16392444074153903 0.76936057209968578 64.795459747314467 -0.22472220659255979 0.076127480715513243 -0.019249228760600087 50.331243515014656 0.29009689390659338 1.2194173932075503 0.14926993846893313 1.0702704191207888 0.11226899549365045 -0.85591724514961232 0.20244590193033221 0.20485044270753863 0.157347247004509 1.2533816099166872 -1.0000000180025095e-35 -0.00073640979826450337 1 0.65961667895317089 -0.67145553231239308 0.077894195914268508 1.3797806501388552 0.24238621443510058 0.77868670225143444 0.29009689390659338 18.500000000000004 0.18121022731065753 0.31025069952011114 0.092612124979496016 0.026038786396384243 0.066396027803421034 0.31661708652973181 -0.0064172609709203235 0.026696910150349144 -0.89682483673095692 0.91659280657768261 0.42437341809272772 -0.30548454821109766 0.53113627433776867 2 0.32638068497180944 20.500000000000004 0.16145678609609607 0.5407538414001466 1.1935185790061953 0.1203858219087124 3 0.49578371644020086 -0.0092093958519399149 0.30049046874046331 0.89836153388023388
decision_type=2 2 1 2 2 2 2 2 2 2 2 2 2 2 2 2 2 2 2 2 2 2 2 2 2 2 2 2 1 2 2 2 2 2 2 2 2 2 2 2 2 2 2 2 2 2 2 2 2 2 1 2 2 2 2 2 2 1 2 2 2 2
left_child=1 2 3 17 5 -4 -2 8 -3 13 14 12 -12 21 41 28 40 18 20 -6 -1 -10 23 24 55 44 27 -5 -16 30 -30 32 46 52 35 -35 -8 -33 45 -21 -14 -11 43 -43 47 -39 -31 -26 -49 -50 51 57 -9 -54 -55 56 -15 58 59 -17 -61 -28
right_child=6 7 4 26 19 -7 36 33 9 10 11 -13 16 22 15 50 -18 -19 -20 39 -22 -23 -24 -25 25 -27 61 -29 29 31 -32 37 -34 34 -36 -37 -38 38 -40 -41 -42 42 -44 -45 -46 -47 -48 48 49 -51 -52 -53 53 54 -56 -57 -58 -59 -60 60 -62 -63
leaf_value=-0.00065555948448518038 0.0051628138640229361 0.0012832239746054957 -0.00066713346734362526 -0.0006693416915537657 0.0002754369587925344 -0.0012236178391730173 0.0012630696460884314 1.8494887172270241e-05 -0.002190382440429209 0.00053602169631136872 0.0016991575242977953 0.0034579134712840829 -0.0014713957536162657 0.00023654265887852884 0.00044616312321266589 0.0004480188368535982 -0.0024892691825757879 -0.00080714944073005191 -0.00049788005202884892 -0.00079985823348504626 -0.00087612202680990956 -0.0010296852884833607 -0.0021241378519547337 0.00052752219261847856 -2.4214545325947775e-05 6.0840079234496941e-05 -0.00085321376511141999 -0.0011641289115992993 -0.0016837073919366468 0.00056235820963696111 -0.00033006373471941439 0.00086561354338645508 -0.0009075285389422733 -0.0018012291152975828 0.00071371334412698899 8.1398776697537431e-05 0.00014559387053848379 -0.0010782973287783661 0.00067894785359215741 -0.0012033517697912436 0.0014324210500772123 7.2250029058124757e-05 -0.003461618747487967 -0.0017003288904034724 -0.0024128422563820416 -0.0022542279301460745 -0.00077742133886291379 -0.0015763803019021175 -0.0015611238895791458 -0.00082403496340016148 -0.00032291726489084595 -0.00071766023653763167 -0.00047569457935035879 0.0002469630806823768 -0.0020711738769862201 -0.0013934432018130099 -0.00061005552280021357 0.00089547409786311859 0.0010349301212275064 -0.0011061852303192031 -0.0025191071166242394 6.0294547586085134e-05
leaf_weight=26.200851202011108 910.28120309114456 343.33562123775482 227.21082073450089 50.022342622280121 428.92493087053299 41.184556484222412 2571.5535310506821 3252.2207285761833 24.424143671989441 1077.0433602929115 44.686022043228149 52.884729623794556 60.976301491260529 244.78846192359924 146.11883741617203 62.52078515291214 44.261880218982697 42.495879471302032 19.312091171741486 52.774047493934631 51.201292514801025 75.146224141120911 19.378878176212311 163.74305689334869 49.021967768669128 71.1917644739151 206.0509118437767 32.090796589851379 61.604946434497833 185.2839383482933 65.048150658607483 27.730777502059937 20.829962015151978 47.658415973186493 2984.4569533467293 56.773210942745209 1761.5487067699432 25.62115752696991 18.598545253276825 35.066020369529724 19.880706965923309 110.02808153629303 24.365863978862762 19.362472534179688 32.335831224918365 50.404853940010071 299.8282762169838 30.504092633724213 28.705460429191589 86.071461617946625 890.90761637687683 155.16728132963181 545.61988067626953 16.175156533718109 22.744711697101593 18.415093064308167 285.07316517829895 428.95336049795151 244.15919822454453 105.79787594079971 16.876426160335541 131.52490478754044
leaf_count=25 928 348 157 50 346 25 2743 2695 26 1156 42 39 53 239 183 59 41 43 20 32 49 78 19 198 50 73 231 36 62 184 65 31 18 37 3067 48 1877 29 18 18 20 121 26 20 28 48 298 31 30 83 924 140 729 22 31 23 305 421 228 109 20 149
internal_value=0.000381632 -0.000493738 -0.00422861 -0.00883426 -0.000820162 -0.00624457 0.00271995 -9.6694e-05 -0.00107254 -0.00142483 -0.000736133 -0.00738416 -0.0118948 -0.00401854 -0.000367933 -0.0013774 -0.0168925 -0.0174341 -0.0228258 0.00197227 -0.0282555 -0.0133642 -0.00310835 -0.00271707 -0.00398352 -0.00861511 -0.00617676 -0.0148169 -0.00409231 -0.00532367 -0.0127607 -0.00389947 -0.00162731 0.000710118 0.00186703 -0.00647453 0.00205278 -0.0132451 -0.0174199 -0.00720692 -0.010423 0.00192887 -0.00420747 -0.00102666 -0.0115272 -0.0229063 -0.000711725 -0.00940117 -0.0125215 -0.00908075 -9.00446e-05 0.00150629 -0.000220009 -0.00305815 -0.0154233 -0.00145735 -0.000860677 0.00267572 0.00016608 -0.00479505 -0.00899971 -0.00405653
internal_weight=19244.2 14000.8 1344.06 558.899 785.16 268.395 5243.38 12656.7 5731.08 5387.74 4258.94 222.69 169.805 1128.8 4036.25 2805.45 125.119 139.21 96.7142 516.765 77.4021 99.5704 1029.23 1009.85 846.107 297.831 419.689 82.1131 901.069 754.951 126.653 628.298 505.942 6925.65 3088.89 104.432 4333.1 122.355 94.6246 87.8401 80.857 1230.8 153.756 129.391 226.639 76.026 485.112 194.303 145.281 114.777 1904.38 1013.47 3836.76 584.54 38.9199 548.277 529.862 858.308 429.354 185.195 122.674 337.576
internal_count=19244 13696 1181 603 578 182 5548 12515 5886 5538 4355 195 156 1183 4160 2837 114 137 94 396 74 104 1079 1060 862 295 466 86 936 753 127 626 500 6629 3152 85 4620 126 95 50 73 1323 167 141 222 77 482 194 144 113 1901 977 3477 782 53 567 544 837 416 188 129 380
cat_boundaries=0 1 2 3 4
cat_threshold=1288 3264 3220 4
is_linear=0
shrinkage=0.05


Tree=30
num_leaves=63
num_cat=0
split_feature=33 10 29 22 44 35 3 37 61 15 48 22 41 48 14 44 15 52 11 40 9 32 49 49 29 29 32 10 16 10 2 49 41 15 52 22 35 61 44 20 44 53 14 50 48 9 22 49 42 17 14 9 48 10 35 10 12 53 10 52 47 40
split_gain=12.946 7.4651 6.12652 5.07699 5.22252 4.91422 4.14794 5.3656 3.91382 3.4925 3.24455 3.17087 3.70049 3.05018 3.76829 2.77276 2.80236 2.7702 2.74642 3.64146 2.67988 2.72698 2.67623 2.55336 4.22515 2.55028 2.46476 2.35812 2.34766 2.49691 2.78891 2.32265 3.23713 3.27953 2.70355 2.58097 2.32007 2.12517 2.11969 2.11266 2.13852 2.11333 2.10666 2.06537 2.03052 1.99957 2.23388 2.46853 3.43436 2.5038 2.8317 2.17608 2.15712 2.02632 3.39195 3.26109 1.96071 1.98525 3.00067 1.95838 5.99568 2.2393
threshold=0.16247680038213733 -0.237884946167469 0.090055000036954894 9.5000000000000018 2.4092582464218144 0.085674278438091292 -0.28331251442432398 0.11741053685545923 1.0000000180025095e-35 -0.044199161231517785 0.73200669884681713 24.500000000000004 0.48177385330200201 0.49800443649291998 -0.00025985017418861384 0.7150314748287202 0.06031750142574311 0.37307460606098181 0.029420955106616024 1.0258027315139773 0.019900934770703319 0.1016150861978531 0.11763934046030046 0.46775130927562719 0.44544854760169988 0.14217042177915576 0.16010304540395739 -0.030053921975195404 -0.13462959975004193 -0.19110999256372449 -0.54903230071067799 0.25186747312545782 1.336583197116852 -0.0094219367019832117 0.35616774857044226 22.500000000000004 0.11125322431325914 6.5000000000000009 0.89209267497062694 0.01331828208640218 1.252503037452698 0.12327633425593378 -0.00040657172212377185 0.98790702223777782 0.63014155626297008 0.052726477384567268 22.500000000000004 0.11995430290699007 0.12009039893746377 39.079305648803718 -0.00067803653655573715 -0.04008283652365207 0.18146164715290072 -0.019864114932715889 0.14133597910404208 -0.037375267595052712 0.081434201449155821 0.36316613852977758 0.44563896954059606 0.098302587866783156 0.67343738675117504 1.004048824310303
decision_type=2 2 2 2 2 2 2 2 2 2 2 2 2 2 2 2 2 2 2 2 2 2 2 2 2 2 2 2 2 2 2 2 2 2 2 2 2 2 2 2 2 2 2 2 2 2 2 2 2 2 2 2 2 2 2 2 2 2 2 2 2 2
left_child=2 -2 3 5 8 -1 7 -3 20 -8 15 -10 -13 45 25 17 18 -9 28 -20 21 -5 -7 31 38 42 44 -28 -17 -30 -31 34 -33 -34 56 -36 -16 -12 -25 41 -41 -24 -15 -39 -27 46 51 59 49 -49 -51 -4 -52 54 55 -53 57 -11 -59 60 61 -48
right_child=1 6 13 4 -6 22 9 10 11 23 37 12 -14 14 36 16 -18 -19 19 -21 -22 -23 39 24 -26 26 27 -29 29 30 -32 32 33 -35 35 -37 -38 43 -40 40 -42 -43 -44 -45 -46 -47 47 48 -50 50 52 53 -54 -55 -56 -57 -58 58 -60 -61 -62 -63
leaf_value=-0.00088402772262698094 0.0016891381100598013 -0.00094142549318556191 0.00085384441554933993 -0.0014622260892146349 -0.00077851905209742509 -0.00039456373114244299 0.00099996494861181312 0.00017418547465206937 0.00020712427703721 4.1383891786000304e-05 0.0011422783385333923 -0.0015504808974241612 -0.00028541082812308074 3.9531846675357718e-05 -0.00096947423149801749 0.0010378125881829868 0.0007721916599090201 -0.0022361325110116796 -0.0022689329832251688 -0.00067365397509312752 -0.00057650468759850822 -8.005870389341114e-05 -0.0016210804894242156 -0.0026870450170147723 0.0010705811098254143 -0.0022439358171470886 -0.0013130031455496759 0.00015542302399561357 -0.0012792148472966717 -0.00029225472236013296 -0.00097052701619484852 0.0019230625101787331 -0.0051074795653474397 9.124131793578446e-05 -0.0034014918589762421 -0.00016468966445746941 0.00027649904538948404 0.00095079038270725897 -0.00090553652623799749 -0.0014938452512986867 -0.0017081203651728119 -6.1854426059913988e-05 -0.001434206392409044 -0.0033431764960138153 -0.0015244100523493379 0.00014291374004423728 0.00015905023887448409 -0.00041823262798887167 0.00076136316458610758 -0.001524032088197481 -0.0013059083291608758 -0.0009636259013653365 -0.00068561489764736938 -0.00033620498109566412 -0.00075973987987090687 -0.0019710315739185696 0.00064988795565377457 -0.00040754532857948349 -0.0024339638742835144 -2.4850453463366382e-05 -0.0016563818081659709 -0.0013700393974633263
leaf_weight=36.410842835903168 2112.2729034423828 22.771453738212585 95.965932667255402 21.838907897472382 25.28414523601532 78.65484094619751 1570.2312663793564 1138.2997646331787 312.48804777860641 4394.1862388849258 625.50267052650452 31.605697572231293 60.413696348667145 281.80525267124176 69.613341569900513 118.43760341405869 158.71588563919067 32.958892345428467 50.654128313064575 59.539771020412445 52.413378953933716 17.471126317977905 17.931374371051788 40.330831289291382 37.450658202171326 22.644183039665222 64.928775310516357 66.489193677902222 27.202722489833832 1336.4505395293236 496.74648863077164 720.20208370685577 24.412840723991394 43.303946673870087 26.84435099363327 29.237201750278473 941.5000833272934 54.146792769432068 20.695090353488922 29.793662488460541 26.901908874511719 24.307067394256592 32.350510239601135 37.632457971572876 28.020372152328491 233.92341512441635 60.249942779541016 22.16138368844986 21.346979856491089 26.053392469882965 21.64596825838089 34.434776544570923 34.367544651031494 722.76004761457443 86.182940900325775 26.884671449661255 1847.0968211889267 271.99724078178406 18.34899240732193 154.30824989080429 23.970767676830292 46.193096518516541
leaf_count=35 2067 16 95 25 22 74 1594 1233 301 4383 521 25 62 283 36 135 169 30 49 66 60 20 21 38 38 24 67 64 31 1414 536 719 26 47 25 32 778 69 18 29 29 27 33 49 23 245 62 25 24 26 26 36 38 770 97 24 1848 300 9 159 27 50
internal_value=0.000266112 0.000918108 -0.00232402 -0.00643029 -0.00375442 -0.0129232 0.000476139 -0.000830045 -0.0026111 0.00107735 -0.000695243 -0.000482666 -0.00864506 -0.00135354 0.000259929 -0.00133759 -0.00236588 0.000631535 -0.00285394 -0.0105467 -0.0119325 -0.0218173 -0.00944056 0.000626142 -0.00736315 -0.00330439 -0.00801294 -0.00434368 -0.00242252 -0.00285873 -0.00263183 0.000733588 0.00329995 -0.00711691 0.000425835 -0.0104914 0.00201434 0.00235938 -0.0154893 -0.0149196 -0.0212574 -0.00626432 -0.000557751 -0.00471926 -0.0174048 -0.00286674 -0.00359401 -0.00669095 -0.0125479 -0.0162997 -0.0203265 -0.0022732 -0.0137997 -0.00306477 -0.0084139 -0.0174031 0.000520497 -2.24313e-05 -0.00402696 -0.00408674 -0.00859607 -0.00344355
internal_weight=19169 15315.7 3853.32 735.515 521.515 214 13203.4 4159.06 496.231 9044.34 4136.29 404.507 92.0194 3117.8 1507.35 3419.01 2247.75 1171.26 2089.03 110.194 91.7234 39.31 177.589 7474.11 98.4766 496.238 182.083 131.418 1978.84 1860.4 1833.2 7375.63 787.919 67.7168 6587.71 56.0816 1011.11 717.282 61.0259 98.934 56.6956 42.2384 314.156 91.7793 50.6646 1610.45 1376.53 410.297 125.575 104.228 82.0669 966.228 56.0135 870.262 147.502 61.3194 6531.63 4684.53 290.346 284.722 130.414 106.443
internal_count=19204 15462 3742 730 515 215 13395 4318 493 9077 4302 388 87 3012 1308 3663 2400 1263 2231 115 105 45 180 7483 94 494 178 131 2116 1981 1950 7389 792 73 6597 57 814 639 56 106 58 48 316 118 47 1704 1459 437 139 115 90 1022 64 927 157 60 6540 4692 309 298 139 112
is_linear=0
shrinkage=0.05


Tree=31
num_leaves=63
num_cat=2
split_feature=60 49 35 3 14 2 14 6 28 39 40 52 49 40 41 57 15 44 44 0 16 15 44 35 48 22 26 3 6 26 5 38 43 41 28 14 49 10 52 20 17 10 22 41 47 43 48 43 5 38 49 47 1 49 49 21 17 62 48 9 15 5
split_gain=12.5405 8.01017 5.75964 4.55105 4.48186 4.62175 4.01625 3.95322 3.32958 3.17452 3.63479 3.28491 3.25089 4.94713 3.24312 3.21167 3.06364 2.92735 2.85274 2.66395 2.82692 2.66287 2.8986 2.97007 2.47251 2.43739 2.79418 2.40818 3.26828 4.00823 2.36266 2.35719 2.23921 2.22424 2.21424 2.59451 3.97657 5.65637 2.73293 3.13207 2.13071 3.20099 2.61967 3.51618 2.61565 2.50602 2.71292 2.67296 2.26723 2.04495 3.16867 1.99451 1.99434 2.41598 2.72966 2.21823 2.79491 3.6394 2.58951 2.1162 2.16862 2.04734
threshold=0 0.28907994925975805 0.11125322431325914 -0.25689360499382013 -8.8130149379139753e-05 -0.70868185162544239 0.001538007927592844 0.02154586743563414 0.48740433156490331 0.590832680463791 0.75538659095764171 0.35988263785839086 0.27812203764915472 1.077830493450165 0.7547513246536256 0.12616799771785739 -0.041219094768166535 0.71922492980957042 3.1649883985519414 0.016973944380879406 0.22270358353853228 -0.042161693796515458 0.56300002336502086 0.12560710310935977 0.67826172709465038 14.500000000000002 -0.0050096302293241015 0.54167076945304882 0.028829430229961876 0.00058117017033509921 27.591471672058109 0.11580187082290651 0.078299950808286681 0.57987165451049816 0.10170681774616243 -0.00089465128257870663 0.16085091978311541 0.085002642124891295 0.1544357314705849 0.020326843485236171 48.971628189086921 0.099153701215982451 25.500000000000004 0.95393383502960216 0.90687382221221935 0.12473083660006525 0.68029057979583751 0.086988002061843886 0.017329789698123935 0.20580786466598514 0.11319228261709215 1.0361558794975283 -0.32602027058601374 0.15829201042652133 0.10139632597565652 1 47.160371780395515 1.5000000000000002 0.58647367358207714 0.009538406506180765 0.0065343803726136693 -0.39213421940803522
decision_type=1 2 2 2 2 2 2 2 2 2 2 2 2 2 2 2 2 2 2 2 2 2 2 2 2 2 2 2 2 2 2 2 2 2 2 2 2 2 2 2 2 2 2 2 2 2 2 2 2 2 2 2 2 2 2 9 2 2 2 2 2 2
left_child=2 3 4 6 5 -1 9 -6 18 10 -2 34 15 -14 33 24 -4 -8 -3 20 40 -5 -23 27 25 -11 -27 28 29 31 -7 -24 -28 -13 49 -36 37 38 39 -37 41 48 43 -43 -45 46 -42 51 -18 50 -12 -48 -25 54 -54 -56 57 -57 -58 60 61 -59
right_child=1 8 16 21 7 30 17 -9 -10 12 11 14 13 -15 -16 -17 19 -19 -20 -21 -22 22 23 52 -26 26 32 -29 -30 -31 -32 -33 -34 -35 35 36 -38 -39 -40 -41 45 42 -44 44 -46 -47 47 -49 -50 -51 -52 -53 53 -55 55 56 58 59 -60 -61 -62 -63
leaf_value=1.9451462512811931e-05 -0.0014608848858205592 0.00095474309752634353 0.00040948807211413807 0.00082683011192863235 -0.00051917302553633265 -0.0010681815800941095 0.00075835579663091602 -0.00073239825785634174 0.0043404811427227566 0.00016465652195655838 0.00025466833810556784 -0.0004278337235812519 -0.0035654586239762241 0.0021541945701437043 0.0013478025974521983 -0.001573562717757672 -0.00067384199587261712 -0.00020695510615988306 -0.0038945423657176753 0.0004782943330322309 -0.0018269130915270335 0.00049401227366576361 0.00052511699088167701 0.00030877552106650425 0.0003217166107331304 -0.0017648161823950019 -0.0010424661835186657 -0.00095796312439716232 0.00024281057637499199 -0.0014905766954162484 -0.0010328111615586029 -0.001095874416321304 -0.00029601866951861416 -0.0021406949083927862 -4.9983526284276127e-05 -0.00086200737769613449 5.1428936936895325e-06 0.00033151195732581963 -0.0020031670347763876 -0.00144970385537486 -0.00036260431754038953 -1.7208560635055502e-05 -0.0021144873519833517 -0.0010311472276300804 -0.0022369200868624004 0.00029993988588361071 0.00041091938783909893 -0.0019588095045527678 0.00015566020777639625 0.00047732307598207722 -0.0012265110639230249 -0.0019335330952093702 0.00026238482086465706 0.00037786609817454871 1.6648545136697251e-05 -0.00190457976628262 -0.00095837522663140551 -0.0012993191892529236 0.00021700897108487688 0.00024343106914360841 -0.00181541864583257 -0.00022706152845811996
leaf_weight=23.448490738868713 47.376006782054901 1474.5752224326134 480.8475062251091 1275.8423935174942 268.77765190601349 75.798775017261505 818.38571721315384 27.806399822235107 1067.7256246209145 581.02781730890274 81.942034363746643 22.635380566120148 25.607197105884552 23.933407723903656 23.040120005607605 35.091716766357422 620.89320695400238 968.59797263145447 24.902433753013611 283.33381021022797 16.694282531738281 2033.4177115559578 33.523133635520935 978.07087290287018 451.89823478460312 34.710942268371582 87.711090445518494 38.214438617229462 98.21676903963089 39.923291683197021 19.218238949775696 45.555449903011322 588.67491346597672 23.920877754688263 145.30763477087021 43.646694004535675 86.618279337882996 43.933765888214111 39.685591995716095 48.322080075740814 935.2471621632576 43.168376922607422 24.522167444229126 22.983729064464569 19.693013072013855 418.51473206281662 27.612870216369629 27.993053078651428 192.48480015993118 189.52715957164764 69.616959154605865 17.580150365829468 576.55648654699326 1155.4343265295029 976.07640868425369 17.636886596679688 529.75429213047028 101.44066250324249 441.46483737230301 94.735811591148376 36.229990422725677 101.85810196399689
leaf_count=27 36 1393 591 1249 308 81 818 28 1041 583 68 25 19 26 21 30 783 949 18 357 19 1908 20 887 385 35 78 28 65 25 22 33 624 21 151 39 85 43 37 42 1130 55 31 27 25 531 37 37 230 189 59 23 570 1103 911 8 541 97 369 98 37 98
internal_value=0.00023669 0.000846383 -0.00244296 0.000344427 -0.00798712 -0.0162217 -0.000946282 -0.00467675 0.00340025 -0.00216585 -0.00466185 -0.0038731 -0.000981477 -0.0136069 -0.0142743 -0.000626359 -0.00171413 0.000889681 0.00187553 -0.00238106 -0.00293032 0.00101961 0.000650296 3.00429e-05 -0.000321651 -0.00143757 -0.0034019 -0.00522697 -0.00315841 -0.00873923 -0.021131 -0.00214056 -0.00268172 -0.0218583 -0.00289765 -0.00538515 -0.00835419 -0.0126777 -0.0178637 -0.013008 -0.00278174 -0.00465534 -0.01266 -0.00843942 -0.0186082 -0.0015651 -0.0029167 -0.0121959 -0.00356162 6.03425e-05 -0.00425255 -0.00451963 0.000299207 -0.000191082 -0.00096808 -0.00174067 -0.00306278 -0.00690765 -0.00169548 -0.00571597 -0.00821843 -0.00616792
internal_weight=19169 15622.4 3546.62 13055.2 415.05 118.466 4481.21 296.584 2567.2 2694.23 865.573 818.197 1828.66 49.5406 69.5964 1779.11 3131.57 1786.98 1499.48 2650.72 2367.39 8573.95 7298.11 5264.69 1744.02 1292.12 711.097 255.433 217.219 119.002 95.017 79.0786 676.386 46.5563 748.6 407.514 262.206 175.588 131.654 91.9688 2350.69 923.745 110.367 85.8451 42.6767 1426.95 1008.43 73.1861 813.378 341.086 151.559 45.193 5009.26 4031.19 2875.75 2299.2 1323.12 351.901 971.219 334.265 239.529 203.299
internal_count=19204 14862 4342 12410 466 130 4363 336 2452 2596 816 780 1780 45 67 1735 3876 1767 1411 3285 2928 8047 6798 4890 1705 1320 737 171 143 78 103 53 702 46 713 397 246 161 118 81 2909 1151 138 107 52 1758 1227 97 1013 316 127 60 4719 3832 2729 2159 1248 338 910 330 232 195
cat_boundaries=0 1 2
cat_threshold=3840 3
is_linear=0
shrinkage=0.05


Tree=32
num_leaves=63
num_cat=2
split_feature=60 49 29 3 37 30 1 62 40 14 49 52 12 16 52 38 26 22 0 49 60 48 52 38 2 53 48 37 17 38 28 62 1 32 38 52 42 17 40 9 52 39 29 17 2 22 28 22 14 45 45 16 42 58 49 39 1 45 38 0 51 44
split_gain=11.4543 7.80525 5.30661 3.71501 5.12455 5.50002 5.36464 3.41492 3.48165 3.55077 2.85523 2.70475 2.67073 2.56236 4.84318 6.37296 3.20157 2.53497 2.4747 2.6186 2.31827 2.78938 2.44295 2.24474 5.53425 3.0032 2.05417 2.71412 4.2429 5.71068 2.03628 1.95613 1.90856 2.3147 2.8151 2.34758 3.42621 2.79084 2.38889 2.0625 1.98711 1.90336 1.8856 1.88479 1.82525 2.47683 1.79618 4.10973 3.82919 3.85637 1.7846 1.78369 1.93365 1.98961 1.77378 1.74433 1.666 1.66007 1.63223 2.72489 2.21903 2.27311
threshold=0 0.38383288681507116 0.090055000036954894 -0.24132656306028363 0.11741053685545923 0.1214154325425625 -0.85591724514961232 20.500000000000004 1.2165940999984743 -8.8130149379139753e-05 0.12340427190065385 1.0249550938606264 -0.048477912321686738 0.095846403390169158 0.36091753840446478 0.36426293849945074 0.00019138766947435218 9.5000000000000018 0.016973944380879406 0.44731660187244421 1 0.56917068362236034 0.089254703372716918 0.15371840447187426 -0.24254321306943891 0.0063826644327491531 0.64505559206008922 0.42540970444679266 42.678068161010749 0.49401988089084631 0.068785287439823165 26.500000000000004 -0.31169730424880976 0.24950886517763141 0.20580786466598514 0.12580803036689761 0.23030815273523333 50.997591018676765 0.8669290840625764 0.025048767216503624 0.12863197177648547 1.8886570334434511 0.15165647864341739 30.69161415100098 0.49469697475433355 16.500000000000004 0.41102819144725805 22.500000000000004 -0.0042273604776710263 -0.12198428437113761 -0.10500228777527808 0.21351736783981326 0.2830433994531632 0.31605049967765814 0.11102526262402536 0.57773131132125866 0.010081168729811909 -0.11445948481559752 0.25070685148239141 0.012584034819155933 0.18018960207700732 0.92402437329292308
decision_type=1 2 2 2 2 2 2 2 2 2 2 2 2 2 2 2 2 2 2 2 1 2 2 2 2 2 2 2 2 2 2 2 2 2 2 2 2 2 2 2 2 2 2 2 2 2 2 2 2 2 2 2 2 2 2 2 2 2 2 2 2 2
left_child=2 3 7 4 5 -2 -7 8 9 -1 -9 20 -4 14 26 16 -16 -12 19 41 21 22 -5 24 -24 -26 58 -28 29 -29 54 -15 -23 35 39 37 40 38 -34 -35 -37 51 -32 -22 50 -46 47 -3 -49 56 -40 52 53 -14 -25 -10 -50 -27 59 60 61 -6
right_child=1 46 12 11 13 6 -8 10 55 -11 17 -13 18 31 15 -17 -18 -19 -20 -21 43 32 23 30 25 57 27 28 -30 -31 42 -33 33 34 -36 36 -38 -39 44 -41 -42 -43 -44 -45 45 -47 -48 48 49 -51 -52 -53 -54 -55 -56 -57 -58 -59 -60 -61 -62 -63
leaf_value=-0.0010147725010894039 -2.6573566574309614e-06 0.0031274109505903809 0.00029275861126522583 0.00073296204485384382 -0.0029006741455323963 -0.00086152291356789655 -0.0012140498986299617 0.0010072405940542387 -0.0012440543119933822 -0.00082531376117060337 -0.0015890222471205404 -0.0016542378906939889 -0.00039582123530893247 0.00091452242504354297 -0.00065649287026902205 -2.527434249337407e-05 -0.00256621078714191 -0.00068957079234282452 0.00042041307471839544 -0.0025025726835161827 0.0027149008609163444 0.00060137950523218636 0.00015731676810919995 -1.7602936565772054e-05 -0.0014214430896170593 -0.001787365026164204 0.00025521878378435419 -0.00331016155859772 0.0018052314404723312 -0.0022311971870129657 0.00069776641365977001 -0.0016593146629780816 -0.0012248504920819151 -0.00030143524736961754 0.0011834759023194698 -0.0018355132708347947 -0.0020866295347853627 0.0010020134382110954 -0.0020110999761740931 -0.0025388729626362929 -0.00022065632939421783 -0.00057401777701213271 -0.00023221831465021909 0.00034671135151218517 -0.0015010479597540064 -0.00015127728896394219 0.0041065635471020075 0.0029924556473971894 0.00060087611304690124 -0.0031595545546406556 0.0022403807290579491 -0.0013138592260396188 0.0018033278711325762 -0.0017233128815318161 -0.0029843565984468395 0.0001587603928875213 -0.0029291916048716313 -0.0012105541372418121 -1.4994384624422708e-05 -0.0020317584342346771 -0.00038012507764426936 -0.00034519768741349477
leaf_weight=38.955340504646301 49.836487650871277 397.80747783184052 571.27998995780945 361.34411209821701 26.990851879119873 28.618357717990875 58.948152601718903 73.539052963256836 20.938208699226379 124.09980726242065 29.441425442695618 36.913626194000244 2137.4418161511421 781.36923414468765 39.189079761505127 87.248117446899414 36.431745707988739 51.464237570762634 268.77787047624588 40.835497379302979 371.38060587644577 481.16911166906357 93.931434392929077 28.881694376468658 41.900003433227539 25.413949251174927 1111.4250625371933 30.323859214782715 54.776559948921204 33.534958779811859 276.81952285766602 92.119748890399933 37.568059206008911 37.022607862949371 1157.751693546772 39.290717720985413 29.071540653705597 328.73822605609894 25.927556157112122 34.897733986377716 448.01895201206207 16.135438084602356 2010.3645080924034 2860.8232406973839 28.767695069313049 55.201702117919922 980.73253005743027 84.891214430332184 47.557946085929871 24.550427317619324 108.95783561468124 21.684140682220459 65.315568447113037 18.654059290885925 29.712097406387329 68.05596399307251 27.801986277103424 70.859786093235016 1355.1248424649239 45.819230973720551 1175.6435000300407 30.897355794906616
leaf_count=41 32 374 707 326 32 19 34 97 21 138 39 32 2619 747 33 97 30 68 339 51 406 389 68 25 29 20 929 23 46 33 252 129 31 24 1004 33 19 262 20 26 364 20 1968 2940 23 47 946 85 47 19 94 25 85 23 27 69 23 53 1542 45 1079 36
internal_value=0.000291889 0.000874521 -0.00226913 0.00050198 -0.000584919 -0.010106 -0.0176545 -0.00765352 -0.0112435 -0.0155911 -0.00175888 0.00110959 -0.00157753 -0.000316762 -0.000850094 -0.00929514 -0.0199088 -0.00825984 -0.00226594 -0.00279742 0.00116566 0.000558643 -0.000516162 -0.00105735 -0.00574927 -0.0121199 -0.000492656 0.00119221 -0.00598305 -0.0147481 -0.000590744 0.00213637 0.00168567 0.00109098 0.00258282 -0.000569925 -0.00303012 0.0015927 -0.00230351 -0.00698764 -0.00202186 -0.00256755 -0.000352477 0.00223559 -0.000278285 -0.00608249 0.00422691 0.00201401 -0.00413117 -0.0107735 0.00329976 -0.00244142 -0.00229908 -0.00255756 -0.00978977 -0.00321322 -0.00506946 -0.00716857 -0.00128125 -0.00256216 -0.00211203 -0.0116747
internal_weight=19169 15622.4 3546.62 14059 5038.3 137.403 87.5665 406.494 252.049 163.055 154.445 9020.73 3140.12 4900.89 4027.41 162.869 75.6208 80.9057 2568.84 2300.07 8983.81 5751.61 2939.23 2577.88 232.105 138.174 3864.54 1230.06 118.635 63.8588 2345.78 873.489 2812.38 2331.21 1229.67 1101.54 516.381 585.161 256.423 71.9203 487.31 2259.23 2287.18 3232.2 218.855 83.9694 1563.34 582.609 184.802 99.9104 134.885 2243.1 2221.41 2156.1 58.5938 88.9942 75.3599 96.2737 2634.48 1279.35 1233.53 57.8882
internal_count=19204 14862 4342 13368 4886 85 53 473 269 179 204 8482 3869 4801 3925 160 63 107 3162 2823 8450 5104 2768 2442 170 102 3765 1031 102 56 2272 876 2336 1947 1054 893 416 477 215 50 397 2772 2220 3346 184 70 1494 548 174 89 114 2752 2727 2642 52 90 70 73 2734 1192 1147 68
cat_boundaries=0 1 2
cat_threshold=3840 28
is_linear=0
shrinkage=0.05


Tree=33
num_leaves=63
num_cat=3
split_feature=60 11 29 48 44 37 22 51 2 35 62 60 31 22 14 50 47 12 52 50 39 8 12 30 14 30 39 22 35 27 26 60 3 29 33 6 3 31 52 29 46 20 44 52 64 45 53 29 14 45 45 50 47 14 45 40 10 51 46 46 36 46
split_gain=10.02 7.29478 4.31463 3.6747 4.30964 4.50754 3.56282 3.49523 3.53224 2.66971 2.49538 2.46107 3.84033 2.40845 2.30252 2.43731 2.55588 5.1708 2.47491 2.77259 2.86972 2.25899 3.09397 3.45656 2.52422 2.25458 2.20325 2.1789 2.67518 2.27026 4.36952 2.91339 2.79355 3.07218 8.02955 3.64829 2.12932 2.78653 4.1544 2.57144 2.72608 2.69379 3.1061 2.36826 2.11233 2.38423 2.20143 2.234 2.48778 2.50496 2.0985 1.98894 3.81795 1.94114 1.82394 2.71376 2.12872 1.81922 1.85523 1.81065 1.74146 1.99156
threshold=0 -0.057053195312619202 0.090055000036954894 0.64298224449157726 0.56300002336502086 0.12324490398168565 9.5000000000000018 0.60219168663024913 0.32919140160083776 0.085674278438091292 20.500000000000004 1 0.7064645290374757 15.500000000000002 -0.0022346517071127887 1.2295631766319277 0.58083876967430126 0.11162237823009492 0.10250668972730638 0.82890796661376964 0.98849251866340648 -0.011972253210842608 0.051869006827473647 0.17388988286256793 -0.00050798506708815683 0.095100305974483504 0.55338236689567577 19.500000000000004 0.10815431550145151 0.07364328578114511 0.00055341992992907773 2 0.26871676743030554 0.26210518181324011 0.41051645576953893 0.087467864155769362 -0.29492728412151331 0.37584911286830908 0.35616774857044226 0.24216628074645999 0.72955757379531871 0.041165379807353027 0.63225615024566661 0.11807530000805856 1.5455212593078616 -0.37696559727191919 0.36316613852977758 0.2800442129373551 0.00045863416744396096 -0.0062377017457038155 -0.074103426188230501 1.3144956827163699 1.0210102796554568 8.5200823377817883e-05 -0.25452628731727595 1.3286499977111819 1.0000000180025095e-35 0.86598873138427745 -0.020046421326696869 -0.4891189038753509 0.13689137250185016 -0.23455113917589185
decision_type=1 2 2 2 2 2 2 2 2 2 2 1 2 2 2 2 2 2 2 2 2 2 2 2 2 2 2 2 2 2 2 1 2 2 2 2 2 2 2 2 2 2 2 2 2 2 2 2 2 2 2 2 2 2 2 2 2 2 2 2 2 2
left_child=2 -2 6 4 -3 7 9 8 -6 -1 13 -7 36 -8 -4 16 59 18 21 20 -20 -18 23 24 -23 53 -9 28 -5 57 -31 -32 33 50 35 -35 60 38 39 41 51 42 43 -38 -30 -46 47 48 49 -47 -33 -41 -53 -15 55 56 -44 58 -29 -16 -13 -62
right_child=1 3 14 27 5 11 10 26 -10 -11 -12 12 -14 25 15 -17 17 -19 19 -21 -22 22 -24 -25 -26 -27 -28 29 44 30 31 32 -34 34 -36 -37 37 -39 -40 40 -42 -43 54 -45 45 46 -48 -49 -50 -51 -52 52 -54 -55 -56 -57 -58 -59 -60 -61 61 -63
leaf_value=-0.0012353339974757599 0.0030134743347258342 0.00047447357419410849 0.00026936198877350602 -0.00090126179275444921 -0.00019128854103407547 0.00046071975946277018 1.6498023122753919e-05 -0.0012217124066276211 -0.00080409073877854467 -0.0011933521808346718 0.00018430359494888554 -0.0012080958284907859 -0.0026239377456139415 -0.0018237384413234449 -0.001718696925092423 0.001033960629846515 0.00033477898908494398 -0.0016603190520820229 -0.0012862608123921414 8.8200182144661945e-05 -1.7025163778475184e-05 -0.0012094317106297265 0.00063913881043225281 -0.0018524392584096121 -0.00012128698816372616 -0.0010909824667374103 -0.00096219841837401311 0.00046564823822959549 0.00025355052562231272 -0.0033629769985092685 0.00028732386258531879 -0.0015072893299736207 7.9688676774510728e-05 -0.0021645716423061897 0.00038112673766028395 -0.0031633599144526153 -0.0014058819588894011 0.0015199318586798793 -0.00150322838250081 -0.00022587770157466854 -0.0019325847331605286 0.0010821292405017613 -0.0019409302978053101 -0.0007608108729672381 -0.00084501063418888499 0.00017550240780128524 -0.0034821083643221591 0.0023647776817790054 0.0013242611125365194 -0.00099879205054894814 0.00018100568656128935 -0.0029061629619038455 -0.00068313408999995514 -0.00051345057701708205 0.00011062968265859912 0.0015873593177587475 -0.00037818958988851777 -0.0037570382426241875 -2.4427850337689553e-05 -0.00020293050865930891 0.00016316739966382027 -0.00049877361012108732
leaf_weight=28.445259511470795 1375.871221601963 2241.2605650424957 512.31222116947174 40.390238404273987 189.27399498224258 811.27984464168549 63.496870636940002 31.925048232078552 29.105189263820648 91.539969801902771 112.23366630077362 38.047215759754181 24.124070346355438 29.26426774263382 29.073608160018921 199.50372564792633 17.768133997917175 25.949564933776855 275.09813046455383 337.28523993492126 164.21053647994995 31.615387797355652 17.220255255699158 21.886020541191101 29.877709984779358 25.49703973531723 49.671573281288147 525.91562587022781 1641.2434813976288 27.86545592546463 518.06914657354355 38.044051229953766 72.34288763999939 40.765097141265869 51.700017929077148 35.145383358001709 55.899287283420563 326.39499938488007 55.233027577400208 1183.3022891879082 48.830151557922363 391.43383604288101 33.199321150779724 78.264560461044312 31.368827819824219 218.0339794754982 33.379629254341125 612.96999496221542 554.50809144973755 95.925320029258728 70.702249944210052 23.479457080364227 80.306842982769012 56.016962707042694 1416.3883583545685 30.12209415435791 31.93896871805191 39.580030918121338 507.22185862064362 1478.3238461017609 338.18216198682785 1583.6612929701805
leaf_count=31 1355 2311 626 19 131 1005 68 18 23 107 148 27 23 31 35 264 23 30 342 439 207 38 21 25 38 27 28 428 1398 23 440 33 61 31 47 29 52 366 57 1245 42 369 32 73 24 189 21 516 399 96 55 19 91 61 1309 29 28 29 421 1781 345 1625
internal_value=0.00028935 0.000834281 -0.00210596 0.000498637 -0.000105543 -0.00072876 -0.0069617 -0.00672232 -0.00339067 -0.0142077 -0.00390584 -0.000453409 -0.00081855 -0.00765457 -0.00148229 -0.00208092 -0.00251857 -0.00459582 -0.00394961 -0.00291341 -0.00553164 -0.0106976 -0.0136131 -0.0176089 -0.0113808 -0.0121017 -0.0155627 0.00156508 0.00235955 0.000231908 -0.00168755 -0.00102358 -0.00478245 -0.00757489 -0.0128387 -0.0231846 -0.000734846 -3.61812e-05 -0.000457824 -0.000233392 -0.00193928 0.000882823 -9.16283e-07 -0.00729217 0.00252297 0.00385065 0.00413572 0.00442423 0.00278267 -0.000759936 -0.00134586 -0.00149441 -0.00813381 -0.00809704 0.000643338 -0.00604204 -0.0118019 0.00176582 0.00217302 -0.00124598 -0.00207074 -0.00185761
internal_weight=19169 15622.4 3546.62 14246.5 9091.32 6850.06 406.494 299.976 218.379 119.985 286.509 6550.09 5738.81 174.275 3140.12 2627.81 2428.31 920.911 894.961 776.594 439.309 118.368 100.599 83.3791 61.4931 110.778 81.5966 5155.17 3227.82 1927.35 854.634 826.769 308.7 236.357 127.61 75.9105 5714.68 3754.79 3428.4 3373.17 1335.92 2037.25 1645.81 134.164 3187.43 1546.19 1514.82 1481.44 868.467 313.959 108.746 1287.09 103.786 85.2812 1511.65 95.2604 65.1383 1072.72 1033.14 1507.4 1959.89 1921.84
internal_count=19204 14862 4342 13507 9248 6937 473 200 154 138 335 6737 5732 187 3869 3243 2979 1163 1133 988 549 145 122 101 76 119 46 4259 2662 1597 719 696 256 195 107 60 5709 3712 3346 3289 1397 1892 1523 125 2643 1245 1221 1200 684 285 88 1355 110 92 1398 89 60 878 849 1816 1997 1970
cat_boundaries=0 1 2 3
cat_threshold=3840 192 149
is_linear=0
shrinkage=0.05


Tree=34
num_leaves=63
num_cat=4
split_feature=36 60 52 49 5 9 62 49 49 33 22 51 36 52 20 10 6 52 1 37 10 41 51 26 19 34 20 51 60 13 5 52 22 10 52 22 16 30 39 37 49 12 5 38 52 32 6 2 33 60 32 41 13 6 53 26 45 28 10 42 52 53
split_gain=9.57028 6.97418 3.98189 7.12856 5.32473 5.48531 4.23496 4.11812 3.78267 3.41319 3.37259 4.33432 3.79402 3.15756 4.00029 5.59556 5.07562 3.9301 3.13246 3.31566 5.61916 3.63556 2.9821 2.98009 3.03531 3.97428 2.79282 2.79109 3.37441 4.74422 3.91735 2.77476 3.41092 6.22324 5.68084 3.65554 3.78814 3.36331 2.96316 2.89993 2.82169 2.79914 3.99269 3.16564 2.76265 2.76098 2.96611 3.25876 2.67859 2.57211 6.69117 3.90724 3.536 5.75413 3.50649 2.58117 2.3782 2.70099 2.32009 2.83677 2.48901 2.31855
threshold=0.49068126082420355 0 0.35591617226600653 0.23270576447248462 0.13679707050323489 -0.023763422854244706 3.5000000000000004 0.16129281371831897 0.36705429852008825 0.10051933676004411 16.500000000000004 0.8335513472557069 0.17294908314943316 0.091452784836292281 0.028861599043011669 0.39566855132579809 0.078299857676029219 0.098302587866783156 0.26808030903339392 0.42132797837257391 -0.011119107250124214 1.1383793950080874 0.51625379920005809 0.00055341992992907773 1 0.13105058670043948 0.014880008064210417 0.77574804425239574 2 -0.013367691077291964 0.0059961613733321437 0.12580803036689761 7.5000000000000009 0.049532651901245124 0.13360619544982913 19.500000000000004 0.023533785715699199 0.1490895673632622 0.61494654417037975 0.23248571902513507 0.10285512357950212 0.02779323793947697 0.52011358737945568 0.33464194834232336 0.1788681894540787 0.49560411274433142 0.056382628157734878 -0.18076311796903607 0.15417516976594928 3 0.38743245601654058 1.0752271413803103 0.0001533922986709513 0.064918488264083876 -0.23853119462728498 0.0039939614944159993 -0.032499860972166054 0.60336497426033031 0.13444136828184131 0.36160707473754888 0.15490707010030749 0.36316613852977758
decision_type=2 1 2 2 2 2 2 2 2 2 2 2 2 2 2 2 2 2 2 2 2 2 2 2 1 2 2 2 1 2 2 2 2 2 2 2 2 2 2 2 2 2 2 2 2 2 2 2 2 1 2 2 2 2 2 2 2 2 2 2 2 2
left_child=1 9 7 4 5 -4 8 13 -5 -1 22 12 -12 -3 15 17 -17 23 19 -14 21 -21 -9 -15 26 -26 -25 28 29 -2 -31 -19 33 34 39 36 -34 -38 -36 -33 48 42 -37 -43 49 46 47 -46 -35 61 51 -51 -53 54 -54 -56 -32 -58 -30 -60 -61 -16
right_child=27 2 3 6 -6 -7 -8 10 -10 -11 11 -13 18 14 44 16 -18 31 -20 20 -22 -23 -24 24 25 -27 -28 -29 58 30 56 32 35 40 38 41 37 -39 -40 -41 -42 43 -44 -45 45 -47 -48 -49 -50 50 -52 52 53 -55 55 -57 57 -59 59 60 -62 -63
leaf_value=-0.00065961902744193573 -0.0036001819163908005 0.0012038962109487262 -0.0014060679359400457 -8.3300977581545721e-05 -0.0026747698359302248 -0.00024625876952336458 0.00072512355554653081 0.00015324681082519722 -0.0022979666312837599 -0.0003044086555545181 -0.0010967136302080273 -0.0029893428290094486 0.00021296465509069345 -0.00024581894929410179 0.00099550840478973383 0.00018140516744813984 -0.0022789681848367771 0.00011033710174571919 0.00184653725521322 -0.0015312447889853685 0.001418176000400682 -0.0025423617390431088 0.0018417154862571256 -0.00028855181245869235 -0.0013055754867876065 -0.00049416569173958323 -0.0017089723140340882 0.003259982332655446 0.0023992119680928377 0.0048609903346923562 -1.015740595585722e-05 -0.0023721464530670525 0.001051178453752325 -0.00047712509600260572 -0.0014806405116607108 -0.00040732828565003822 -0.0019228007377430981 -0.0001332048598229628 -0.0005582378881025307 -0.00024762655914137706 0.00047021751238677536 0.00052704952121791239 -0.001385596116784605 -0.0020547900283304737 -0.00060502547867638231 0.0042879051371790449 -0.00050534326239907307 -0.0023138598697692706 -0.0023089855267828842 0.00031595896495898373 -0.0024303600525899843 0.00015250152829551357 2.9777998137937164e-05 -8.5729022451685468e-05 -0.0017123600307114375 -0.0021085978987813261 -0.0028777145044329602 -0.0011870495158911643 0.0019034893827169096 -0.00063189066102933844 -0.0054090052440890213 -0.00082506747300901289
leaf_weight=397.00644606351852 43.207956790924072 610.72750532627106 38.43971049785614 90.373786449432373 61.664468586444855 161.68828105926514 553.98440486192703 650.52929842472076 55.671781182289124 2947.2410356402397 19.017190515995026 35.273773193359375 763.50638681650162 327.5928128361702 1301.4777769446373 23.215368688106537 28.99918007850647 1607.5442839860916 494.69575691223145 51.053760945796967 65.544659912586212 40.836491882801056 999.45503342151642 28.608270466327667 57.464780330657959 211.94634765386581 46.043900430202484 849.52729111909866 955.4267246723175 151.18940007686615 42.624463677406311 60.072675049304962 530.56957507133484 27.605369389057159 29.055348634719849 487.38509964942932 33.03422600030899 324.86367851495743 130.1486748456955 19.028802573680878 195.95727777481079 211.68080717325211 31.770937025547028 32.035536587238312 39.657331645488739 34.247056484222412 81.906036078929901 34.693321585655212 27.72922682762146 1655.680672109127 25.661388993263245 301.45552879571915 66.609783947467804 541.67744898796082 157.5387766957283 28.696824908256531 33.76422393321991 33.77192884683609 35.328555822372437 38.041899979114532 18.514751076698303 189.22406244277954
leaf_count=457 32 593 34 48 58 157 578 676 29 3639 19 16 689 281 1379 19 31 1463 459 53 66 38 838 22 34 202 44 740 1182 126 37 49 504 20 29 459 26 304 116 22 182 195 31 39 27 37 81 30 29 1555 22 281 58 519 140 24 28 30 48 51 26 203
internal_value=0.000304737 -9.73973e-05 0.000404928 -0.00269508 -0.00973236 -0.00573477 -5.51735e-05 0.000641152 -0.00763338 -0.00213996 0.00221816 0.000472515 0.000902081 0.00012496 -0.000112369 -0.00116942 -0.0174316 -0.000975797 0.00120413 -0.000514882 -0.00712268 -0.0151056 0.00377016 -0.00449827 -0.00774974 -0.00524684 -0.0166964 0.00340638 0.0019891 -0.00259772 -0.000123749 -0.000343201 -0.001523 -0.00518872 -0.0109762 -0.00043289 0.00174336 -0.00222213 -0.00548632 -0.0219413 0.000281928 -0.00297388 -0.00505086 0.00143018 0.000946843 -0.00493758 -0.00777132 -0.0150003 -0.00965635 0.00121078 0.00030251 0.000542817 -0.00177039 -0.00352247 -0.00975019 -0.0132701 -0.00731008 -0.0131489 0.00332093 -0.0042058 -0.0111753 0.00287814
internal_weight=19169 16967.6 13623.3 961.822 261.792 200.128 700.03 12661.5 146.046 3344.25 3119.91 1469.93 1434.65 9541.61 8930.88 4472.35 52.2145 4420.14 1415.64 920.941 157.435 91.8903 1649.98 671.656 344.063 269.411 74.6522 2201.4 1351.87 304.558 261.35 3748.48 2140.94 489.597 238.306 1651.34 888.467 357.898 159.204 79.1015 251.292 762.872 519.156 243.716 4458.53 190.504 156.257 74.3507 55.3346 4268.02 2777.32 2751.66 1095.98 794.523 252.845 186.236 110.161 67.5362 1047.31 91.8852 56.5567 1490.7
internal_count=19204 16904 12808 904 249 191 655 11904 77 4096 2854 1340 1324 9050 8457 4101 50 4051 1305 846 157 91 1514 583 302 236 66 2300 1560 253 221 3468 2005 447 216 1558 834 330 145 71 231 724 490 234 4356 175 138 57 49 4181 2599 2577 1022 741 222 164 95 58 1307 125 77 1582
cat_boundaries=0 1 2 3 4
cat_threshold=3840 1 272 226
is_linear=0
shrinkage=0.05


Tree=35
num_leaves=63
num_cat=3
split_feature=38 12 14 15 44 22 14 9 17 9 48 37 29 51 41 12 49 22 34 44 42 50 42 51 43 60 53 49 48 60 51 26 34 34 35 13 16 0 48 49 52 13 29 37 50 11 17 52 22 46 26 41 17 46 40 16 33 37 42 34 19 12
split_gain=10.5639 5.49765 3.58921 3.29281 4.49653 2.82282 3.24895 2.9211 3.11349 4.28986 2.90652 2.65984 3.59128 3.47241 3.95344 4.72988 3.63696 3.04666 2.43677 4.39691 2.35319 3.05878 2.46102 2.25775 3.2542 2.90784 4.37522 3.84306 2.25057 2.25019 2.24479 2.45136 2.37981 2.77606 2.22121 2.14711 2.10296 2.34799 2.07034 2.03268 2.09045 2.16219 1.92431 2.58555 2.3441 1.91622 3.02036 2.82062 2.05272 1.91342 3.31844 1.88566 3.51731 2.42095 5.50438 1.86749 2.82277 2.88329 2.05202 1.88605 1.87993 1.79956
threshold=0.22719056159257892 -0.10998682305216788 -0.0051221023313701144 -0.015263994224369524 0.50709107518196117 20.500000000000004 0.0012696466292254629 0.0082862670533359068 70.461147308349624 0.093760482966899886 0.59485468268394481 0.12324490398168565 0.18655126541852954 0.67119145393371593 0.91659280657768261 0.011432258412241937 0.11610564216971399 6.5000000000000009 0.16560825705528262 0.76472580432891857 0.16845376789569858 1.2295631766319277 0.076358616352081313 0.54313740134239208 0.11900504305958749 0 -0.062852595001459108 0.24035316705703738 0.84390667080879223 1 0.44131854176521307 0.0024270757567137484 0.14891190081834796 0.11953685060143472 0.2368484511971474 -0.00014856958296149966 0.036097109317779548 0.0055482918396592149 0.30731183290481573 0.38383288681507116 1.0234969258308413 0.001643112220335752 0.093334741890430464 0.10801389440894128 0.54515141248703014 -0.016652518883347508 40.561941146850593 0.14766050130128863 14.500000000000002 -0.21354654431343076 0.0019765131874009971 1.1452774405479433 24.475404739379886 -0.31074833869934076 1.213820278644562 0.033526128157973296 0.24390909820795062 0.2316602170467377 0.17957161366939547 0.20757523924112323 2 0.03436481952667237
decision_type=2 2 2 2 2 2 2 2 2 2 2 2 2 2 2 2 2 2 2 2 2 2 2 2 2 1 2 2 2 1 2 2 2 2 2 2 2 2 2 2 2 2 2 2 2 2 2 2 2 2 2 2 2 2 2 2 2 2 2 2 1 2
left_child=2 -2 -1 20 29 18 7 23 9 55 -11 12 13 16 15 -15 30 -18 19 -3 22 -22 42 -7 34 26 27 -26 -8 -5 31 32 33 36 -25 -19 37 -6 -10 40 -20 -42 43 -4 -45 46 47 -13 -48 50 61 53 -53 54 -44 56 57 59 -59 -9 -58 -31
right_child=1 5 3 4 11 6 28 8 38 10 -12 45 -14 14 -16 -17 17 35 39 -21 21 -23 -24 24 25 -27 -28 -29 -30 49 -32 -33 -34 -35 -36 -37 -38 -39 -40 -41 41 -43 51 44 -46 -47 48 -49 -50 -51 -52 52 -54 -55 -56 -57 60 58 -60 -61 -62 -63
leaf_value=-0.001006255937551408 0.0028758201536534331 -0.0023578042943529312 0.00022626526342553379 0.00035060329687705365 -0.00028894999298618925 0.00038529820205256767 0.00059977620296495365 0.00051143365655041684 -0.0013083323457100948 -0.0010177680175052482 -0.0023331994133192579 0.0019540284992707411 -0.0011108762503499198 -0.0015888508822465175 -0.0012441085856484903 0.00031910654901363554 -0.0011789140209006851 0.00048832473230267591 0.00033121200642844133 3.6607011514517425e-05 0.00024151133645248374 -0.0024328414255453262 0.0002832423027817618 -0.0014360554598282832 -0.0002488616443774183 4.9329739361400237e-05 -8.4036575388327106e-05 -0.0030914267645756541 -0.002855707985107691 -0.00096337047865600466 9.2760820414111659e-05 0.00021584451068946861 -0.002523014868351727 0.00035673488550870547 -0.0032490005889851004 -0.001077681982792727 -0.0013282634449263829 -0.001311008439069606 0.00087175663645736457 0.0022901903124287015 -0.0030115369076432422 -0.0020357460071776644 -0.0013884186172503756 -0.0015546791413793622 -0.00035545342323488289 -0.00025658631453885861 -0.0011574112345902735 -0.0013994296434220398 -0.00233801051530149 -6.7309607302480647e-06 -0.0023334181823118235 -0.0016452861073326661 0.00020735195586059753 0.00013227157370689966 6.897333440059259e-05 -0.00041289697234195587 0.00023199323013895938 -0.0017138218282322913 -0.00032554059724150753 -0.0015270902481856604 -0.001722086256014023 0.0004526036924177246
leaf_weight=27.497749805450439 1507.9302980303764 26.83471268415451 26.476537644863129 745.38613092899323 115.3655748963356 639.77409613132477 1535.9012590050697 21.821056544780731 31.502943813800812 28.682111978530884 33.750011444091797 46.547346949577332 21.517425179481506 26.620863318443298 41.651834726333618 37.520376563072205 22.740578651428223 26.043098211288452 6287.3877868056297 44.645114004611969 22.940512418746948 20.03021240234375 1154.0843477845192 29.647528171539307 22.134238481521606 576.69665104150772 90.758425533771515 36.418763160705566 31.838799178600311 20.865734815597534 155.70974165201187 72.612525582313538 27.690603077411652 62.202841281890869 20.194874465465546 33.113903760910034 29.837416112422943 17.994535803794861 145.81335210800171 544.13094264268875 19.890104711055756 17.837033867835999 22.043186247348785 30.745046973228455 49.44780033826828 3302.0949983596802 23.110203206539154 22.984130084514618 22.932320296764374 258.1379958987236 18.350084781646729 36.576748430728912 24.381410181522369 431.94965034723282 46.040730535984039 265.99173700809479 65.640932679176331 40.259202241897583 16.590614318847656 20.212978541851044 23.502260446548462 38.084283113479614
leaf_count=20 1516 34 21 636 120 706 1646 24 36 32 23 49 16 24 21 19 24 28 6567 51 23 21 1081 28 23 554 95 37 20 24 109 80 21 61 22 33 34 19 140 545 22 18 19 35 45 3122 23 20 23 278 21 34 26 426 48 271 70 45 17 21 27 43
internal_value=0.000428512 0.00132479 -0.00110553 -0.00103435 -0.00168224 0.000922947 -0.000195906 -0.00147836 -0.00413628 -0.00610063 -0.0184047 -0.00243756 -0.00527152 -0.00461359 -0.0129356 -0.00503424 -0.00303976 -0.0127811 0.00151642 -0.00764926 0.000765885 -0.0107754 0.00104144 -0.000172044 -0.00198843 -0.00113154 -0.0071019 -0.0182238 0.00152644 0.00118413 -0.00136988 -0.00373776 -0.00606897 -0.00433627 -0.0143427 -0.00666849 -0.00777216 -0.005029 0.0015571 0.00161263 0.00135919 -0.0103439 -0.00136979 -0.00752354 -0.0120134 -0.00186329 -0.00819983 -0.00153699 -0.0181283 -0.00218001 -0.00914159 -0.000189652 -0.00849183 0.00081395 -0.00792628 -0.00439401 -0.0082136 -0.0140331 -0.0213856 -0.00394313 -0.00169373 -0.00324747
internal_weight=19207.1 12125.8 7081.33 7053.83 5189.11 10617.9 3677.13 2109.39 693.767 516.451 62.4321 4108.29 690.621 669.104 105.793 64.1412 563.311 81.8976 6940.73 71.4798 1864.72 42.9707 1821.75 1415.62 775.85 726.008 149.311 58.553 1567.74 1080.82 481.413 325.703 253.091 225.4 49.8424 59.157 163.198 133.36 177.316 6869.25 6325.11 37.7271 667.661 106.669 80.1928 3417.67 115.574 69.5315 46.0425 335.438 77.3001 560.992 60.9582 500.034 68.0839 454.019 188.027 98.8839 56.8498 42.034 89.1432 58.95
internal_count=19237 12590 6647 6627 4848 11074 3837 2171 706 530 55 3846 609 593 64 43 529 85 7237 85 1779 44 1735 1465 759 709 155 60 1666 1002 444 335 255 234 50 61 173 139 176 7152 6607 40 654 101 80 3237 115 69 46 366 88 553 60 493 67 475 204 107 62 45 97 67
cat_boundaries=0 1 2 3
cat_threshold=296 2962 4
is_linear=0
shrinkage=0.05


Tree=36
num_leaves=63
num_cat=0
split_feature=38 28 14 15 39 10 31 29 10 45 22 10 52 22 49 52 51 53 43 46 5 22 51 52 46 14 48 47 43 34 43 43 10 48 22 28 14 14 5 14 43 31 15 39 20 51 41 30 43 45 16 16 45 9 45 33 35 9 29 43 47 5
split_gain=9.33634 5.37313 3.61336 2.68241 3.11467 3.2577 2.8028 6.69774 5.72102 3.84265 2.65738 2.97789 7.12772 4.38366 6.02358 4.19894 3.72562 3.16877 2.73878 2.86307 2.59206 3.00455 2.56395 2.55104 2.75488 3.5695 2.50034 2.38907 2.80619 2.21157 3.49344 2.21089 3.06937 2.82467 3.43818 3.04639 3.59411 2.19819 3.91177 2.90689 2.47589 2.16032 2.14239 2.11885 2.47814 2.10501 2.08236 5.20852 2.07812 2.93831 4.1214 2.57934 2.27066 1.99796 1.9698 1.97893 1.96161 2.9541 2.4221 1.92602 1.89468 2.55389
threshold=0.22719056159257892 0.60336497426033031 -0.0051221023313701144 -0.015263994224369524 0.3959223628044129 -0.17245909571647641 0.16286700963974002 0.18655126541852954 0.068419024348258986 -0.4569097608327865 19.500000000000004 -0.237884946167469 0.17933874577283862 25.500000000000004 0.30106374621391302 0.29113319516181951 0.8212411403656007 -0.085521515458822236 0.21177944540977481 0.1539963707327843 -0.4797555655241012 17.500000000000004 0.77574804425239574 0.35591617226600653 -0.024547944776713845 -0.00043076458678115154 0.6223101317882539 0.61359411478042614 0.44465343654155737 0.16560825705528262 0.082852248102426543 0.087487120181322112 0.099153701215982451 0.45729212462902075 19.500000000000004 0.17428611218929294 0.0013184431591071191 0.0012696466292254629 -0.12183613330125807 -0.0021792962215840812 0.17839705199003222 0.157347247004509 -0.075394183397293077 1.5987235903739931 0.04279370233416558 0.66894355416297924 0.99003043770790111 0.1360929682850838 0.11146562546491624 -0.094667449593543992 0.014576200861483814 -0.051452631130814545 -0.17405213415622708 -0.019484335556626316 0.95841145515441906 0.10298067703843118 0.19479722529649737 -0.017119939438998696 0.14065821468830111 0.64494323730468761 0.6277354657649995 -0.82940161228179921
decision_type=2 2 2 2 2 2 2 2 2 2 2 2 2 2 2 2 2 2 2 2 2 2 2 2 2 2 2 2 2 2 2 2 2 2 2 2 2 2 2 2 2 2 2 2 2 2 2 2 2 2 2 2 2 2 2 2 2 2 2 2 2 2
left_child=2 10 -1 54 -5 -6 7 31 41 -8 18 59 22 14 16 -15 60 53 23 -20 21 -11 43 29 37 -26 -3 28 42 30 -2 33 56 34 45 36 -36 38 39 40 -25 -9 -21 -13 -45 -7 -35 -48 -22 50 -50 -51 -52 -16 55 -4 57 58 -33 -12 -14 -62
right_child=1 26 3 4 5 6 9 8 -10 20 11 12 13 15 17 -17 -18 -19 19 27 48 -23 -24 24 25 -27 -28 -29 -30 -31 -32 32 -34 46 35 -37 -38 -39 -40 -41 -42 -43 -44 44 -46 -47 47 -49 49 51 52 -53 -54 -55 -56 -57 -58 -59 -60 -61 61 -63
leaf_value=-0.0009559431406738376 -0.0016574804525959761 0.0007554179936150832 -0.00057220460098672478 0.00017944184771453842 0.0008003974771270989 -0.00021526936966462796 -0.0011430309287271273 -0.00046866795442934987 -0.0019816235759485589 -4.9694876886505203e-05 0.00209718463475624 0.00023479140742128937 -0.00039517277223318219 0.0015324907613326194 -0.003971047594746595 -0.00085396090954999594 -0.0028628477588412732 0.0016108295257288149 0.0019832439855181822 0.0021808028204876847 3.1861140692283214e-05 -0.0015317195006880533 -0.002137326859499189 -0.0032647614605073208 -0.00038801855874508743 -0.0032102079496015967 0.0046098561150041987 0.0006157134594530129 -0.0055460060224816719 0.00035275854916584084 0.0007814230844874336 -0.00021848005867278371 -0.001528209543610655 9.851794238561497e-05 -0.00088421495149978296 0.00018319617984333125 0.00026301626457346863 -0.00078348750779359464 0.00080801868766903486 0.0001678185540577422 -0.00068904273770247913 -0.0015165037906840811 -0.0022749842671256331 -5.0009706971455311e-05 -0.0011184495748146743 -0.001748140112149902 -0.0013856196677903083 -3.1118218848609959e-05 -0.00026619334125468008 -0.0013320700438917269 -0.0033897988708663342 -1.240705272437942e-06 -0.0016700631876067123 -0.00011721353803361839 -0.0027610911030565995 0.00013418774099860364 -0.0020721927652005492 6.7816260157240601e-05 -0.0021871613900081811 -0.0033924309125313678 -0.0031070166595156168 -0.0013893638604690415
leaf_weight=27.497749805450439 34.587907493114471 337.83937084674835 139.42059016227722 631.86052960157394 94.679823338985443 489.00469577312469 31.448030412197113 80.554721236228943 42.274404883384705 59.964819729328156 534.77676683664322 2452.878654897213 86.830372929573059 201.52687060832977 20.209943830966949 242.13436156511307 33.330682694911957 117.27607136964798 1224.8283678293228 44.884183704853058 1786.8673552274704 57.107166051864624 21.386675953865051 23.854709267616272 24.281765043735504 23.952994048595428 792.01724117994308 391.78876411914825 23.551695704460144 4607.7533469200134 31.345251858234406 20.741986930370331 42.259558022022247 514.08883970975876 197.99016928672791 39.271392166614532 55.945793271064758 99.251609623432159 215.85745221376419 48.437681257724762 34.310583770275116 30.767182409763336 58.214855074882507 54.945249021053314 34.188195705413818 24.970912456512451 29.325987458229065 72.845760226249695 83.877162277698517 64.465975046157837 23.499558627605438 504.7738972902298 32.323579251766205 20.90328985452652 23.385276019573212 1701.9103171229362 18.597289621829987 138.19804865121841 21.409908294677734 35.916153192520142 26.173436462879181 226.55332416296005
leaf_count=20 43 400 130 600 77 520 26 87 26 60 530 2617 101 211 22 257 21 122 1251 53 1646 54 18 23 26 23 762 384 25 4796 36 25 37 417 212 43 63 94 220 53 33 30 71 58 33 21 21 56 76 62 20 459 30 22 21 1628 19 138 23 34 25 226
internal_value=0.000396404 0.00123901 -0.00104573 -0.000974326 -0.0015591 -0.00201573 -0.00221136 -0.00372372 -0.0137191 -0.00116947 0.000901036 -0.000104116 -0.000645894 -0.00428527 -0.00734952 -0.000603794 -0.0108195 0.000789834 0.00150147 0.0032153 -0.000957981 -0.00822951 0.000736435 0.000919603 -0.00258808 -0.0139053 0.00452343 9.08673e-05 -0.00586606 0.00127342 -0.00780072 -0.00279768 -0.00723154 -0.00204239 -0.00398906 -0.0083124 -0.0103223 -0.00127879 0.000710312 -0.00710368 -0.0146383 -0.00769833 -0.00224615 0.000883647 -0.00667644 -0.00151186 0.000499504 -0.0060053 -0.000614573 -0.00290557 -0.00940638 -0.00130002 -0.0199326 -0.0111006 0.00065028 0.000836321 -0.00459389 -0.00296134 -0.0145357 0.00324571 -0.00922563 -0.0114208
internal_weight=19207.1 12125.8 7081.33 7053.83 5189.11 4557.25 4462.57 1818.25 153.596 2644.33 10995.9 4109.03 3538.34 974.938 531.277 443.661 372.888 158.389 6886.9 1743.27 2612.88 117.072 2563.4 5143.63 469.947 48.2348 1129.86 518.439 126.651 4673.69 65.9332 1664.65 241.207 1423.44 807.183 293.207 253.936 421.712 322.46 106.603 58.1653 111.322 103.099 2542.01 89.1334 513.976 616.261 102.172 2495.81 708.94 139.7 569.24 55.8231 41.1132 1864.72 1841.33 198.947 180.35 42.1519 570.693 339.557 252.727
internal_count=19237 12590 6647 6627 4848 4248 4171 1738 143 2433 11428 4297 3733 1007 539 468 373 166 7131 1784 2407 114 2726 5347 472 49 1162 533 149 4875 79 1595 242 1353 859 318 275 423 329 109 56 117 124 2708 91 541 494 77 2293 647 126 521 50 44 1779 1758 205 186 48 564 352 251
is_linear=0
shrinkage=0.05


Tree=37
num_leaves=63
num_cat=1
split_feature=8 42 60 14 9 46 5 51 41 41 49 5 50 34 37 50 49 29 41 45 51 40 44 3 51 28 13 12 44 32 22 44 56 3 50 2 36 57 39 32 29 41 64 14 40 22 46 35 37 28 13 9 15 51 51 46 28 6 37 49 6 30
split_gain=8.92586 5.5846 3.25372 4.06172 3.18864 2.74743 3.16761 2.27353 3.40049 2.89203 2.77859 2.16727 2.14398 2.16014 2.44427 1.97334 2.5373 3.55807 2.2929 3.07606 3.04941 2.03658 2.11605 2.39066 2.08286 2.17816 2.12705 2.31459 1.96812 2.50807 4.1414 3.92247 1.90481 4.2481 1.8855 1.83461 2.72916 1.91023 4.17868 1.88669 2.372 2.86158 2.56483 3.45557 3.14113 3.55404 3.14261 2.68759 2.93722 2.51884 3.07518 1.81369 3.15952 2.20986 1.7929 2.46737 6.38009 2.30712 2.09356 1.98787 3.29098 2.04042
threshold=-0.059662615880370133 0.13391245156526568 0 -0.0072426609694957724 -0.042058497667312615 0.65753284096717846 0.053405277431011207 0.7567172944545747 0.3926128894090653 0.48986621201038366 0.15341996401548388 1.6847425699234011 0.59284037351608287 0.5265718698501588 0.35015343129634863 0.48716498911380773 0.465015858411789 0.60625430941581737 1.3706151843070986 0.16196078062057498 0.32811944186687475 0.96258082985878002 0.33182197809219366 -0.12972810119390485 0.2838482409715653 0.45482102036476141 0.0048898460809141406 0.059506716206669814 0.39780253171920782 0.1016150861978531 20.500000000000004 0.67653551697731029 0.49502967298030859 -0.26426087319850916 1.7539581060409548 0.77234309911727916 0.13689137250185016 0.13390967994928363 0.77746817469596874 0.1978414133191109 0.11804240569472314 1.1533254981040957 1.5455212593078616 0.0017677017604000869 1.1786462664604189 11.500000000000002 0.01856649108231068 0.15690249949693683 0.14383874833583835 0.20631037652492526 0.00030131485254969453 0.12247829139232637 0.051220510154962547 0.2511292845010758 0.8212411403656007 0.044827960431575782 0.36638365685939794 0.060661641880869872 0.42132797837257391 0.465015858411789 0.10452255979180337 0.28723700344562536
decision_type=2 2 1 2 2 2 2 2 2 2 2 2 2 2 2 2 2 2 2 2 2 2 2 2 2 2 2 2 2 2 2 2 2 2 2 2 2 2 2 2 2 2 2 2 2 2 2 2 2 2 2 2 2 2 2 2 2 2 2 2 2 2
left_child=-1 2 3 -2 -4 28 -7 10 -9 -10 35 12 15 54 -15 21 18 -18 20 -20 51 22 23 -3 25 -24 27 -27 -6 30 -30 -32 -31 -34 -16 37 -37 39 -39 -5 -41 42 47 44 45 46 -44 48 -42 -47 -51 52 53 -17 59 57 -57 -56 -59 61 -61 -14
right_child=1 11 4 7 5 6 -8 8 9 -11 -12 -13 13 14 34 16 17 -19 19 -21 -22 -23 24 -25 -26 26 -28 -29 29 32 31 -33 33 -35 -36 36 -38 38 -40 40 41 -43 43 -45 -46 49 -48 -49 -50 50 -52 -53 -54 -55 55 56 -58 58 -60 60 -62 -63
leaf_value=0.0022482874439080786 -0.00092046114605948387 -0.0026812294899193293 0.00019930597059035008 0.00025478262513999961 0.00024430685030021513 -0.00019746484801184684 -0.0022777017363323406 0.00092216144332877073 -0.0021276229405464606 -0.0011203186613354154 0.0012788000327587238 0.0010463378307245025 1.6316573091980716e-05 -0.00096059105532388534 0.0023613132274662788 0.00024352848275938332 -0.0027081376111913733 0.0029938992442393609 -0.00072295488451450953 -0.0029009966576856896 0.00047307100921899214 0.000438957416936793 0.00029761026935745314 -0.0005153419464740364 -0.0019384327663706383 -0.00167840017094813 0.00025773495347134948 -0.0012541125337028392 -0.00022106508977556488 -0.00029663510350148305 -0.0014857470779959582 -0.0007870065622007594 -0.0015768983274581821 -0.00027168394196528149 -0.0023781124914019126 -0.0008398786808244069 -0.00013913765646599575 -0.0022395460515157255 0.00050092165546602183 0.00042257724347327154 -9.8777682287179492e-05 -0.0022526669439125496 -0.0026085654482726471 0.0024628133749129938 8.8648573025315602e-05 -0.00017359440701022322 -0.001186085732418068 0.00046539583119704545 -0.0014729886803030575 -0.00043951843182607893 -0.0025114880091440294 0.0014350627127827269 -0.0027050330801405122 -0.0013451370134343736 -0.00077074948126031376 -0.0024396407947100333 -0.001003105269492871 0.00071860930014533983 -0.0027041776102972848 0.001022352190171641 -0.0029255956316849713 0.00056583475067961415
leaf_weight=1657.9068056941032 23.737955331802368 28.185010671615601 520.73711276054382 876.08973747491837 273.23703765869141 38.064654588699341 22.347045958042145 28.099300503730774 37.046280980110168 36.001253366470337 332.84467560052872 350.28349113464355 3511.2995390295982 35.026821672916412 797.52506864070892 58.917959153652191 37.355014204978943 17.585474371910095 43.72141832113266 17.26954060792923 269.17265754938126 891.10252606868744 314.6586035490036 27.811279475688934 58.616755545139313 17.380831778049469 20.425868272781372 19.935349404811859 174.68894869089127 3175.0952100157738 17.853323221206665 82.172443151473999 25.777800500392914 45.868359506130219 28.761616826057434 46.10719108581543 210.70927774906158 27.387997984886169 39.215773820877075 144.86769598722458 43.019740700721741 40.612300097942352 33.256454229354858 72.515044748783112 67.125969886779785 67.482650578022003 19.633599996566772 587.432468354702 31.606707334518433 25.010142207145691 18.68881493806839 44.457983434200287 25.703527212142944 74.133395075798035 61.180040836334229 30.708393812179565 36.217817544937134 191.72056543827057 25.162198305130005 38.565262377262115 20.579510390758514 3271.4130139946938
leaf_count=1692 16 28 581 713 283 40 20 25 30 25 318 365 3448 29 825 70 48 22 48 18 306 999 292 27 59 23 20 20 196 3248 20 95 26 46 31 34 184 22 34 115 34 31 37 71 74 67 22 525 27 28 19 54 31 88 42 21 22 138 22 37 20 3386
internal_value=0.000387253 5.56592e-05 -0.00101536 0.000313112 -0.00186558 -0.00236646 -0.0129538 0.000491885 -0.00685826 -0.012566 0.000771025 0.000798515 0.000662688 0.00102458 0.00339226 -0.000815904 -0.00324037 -0.0134792 -0.00217402 -0.0112971 -0.000983389 0.000215634 -0.00237988 -0.011525 -0.00117778 0.000188999 -0.00871389 -0.0158272 -0.00219626 -0.00251406 -0.00710844 -0.0152257 -0.00212357 -0.0101967 0.00394529 0.000163344 -0.00382146 0.000654616 -0.0076628 0.000930697 -0.000396128 -0.00126141 -0.000708502 -0.00451511 -0.00750993 -0.0112396 -0.0219346 0.00103061 -0.00788652 -0.00609177 -0.0154291 -0.00561302 -0.00812065 -0.00496372 0.000740089 -0.00277273 -0.0113889 -0.000677604 0.00172273 0.000917986 -0.00819201 0.000998281
internal_weight=19207.1 17549.2 7184.33 2808.49 4375.84 3855.1 60.4117 2784.75 101.147 73.0475 2683.61 10364.9 10014.6 8048.16 861.314 1966.43 588.317 54.9405 533.376 60.991 472.386 1378.12 487.014 55.9963 431.017 372.401 57.742 37.3162 3794.69 3521.46 274.715 100.026 3246.74 71.6462 826.287 2350.76 256.816 2093.95 66.6038 2027.34 1151.25 1006.38 965.772 303.713 231.198 164.072 52.8901 662.059 74.6264 111.182 43.699 203.213 158.755 133.051 7186.85 344.989 66.9262 278.063 216.883 6841.86 59.1448 6782.71
internal_count=19237 17545 7006 2451 4555 3974 60 2435 80 55 2355 10539 10174 8021 885 2153 685 70 615 66 549 1468 469 55 414 355 63 43 3914 3631 311 115 3320 72 856 2037 218 1819 56 1763 1050 935 904 318 247 173 59 586 61 114 47 243 189 158 7136 245 43 202 160 6891 57 6834
cat_boundaries=0 1
cat_threshold=149
is_linear=0
shrinkage=0.05


Tree=38
num_leaves=63
num_cat=1
split_feature=12 37 52 3 46 11 46 50 12 22 51 51 27 10 6 32 10 60 52 6 46 50 37 37 13 45 62 27 2 6 5 0 6 32 39 28 46 46 1 35 1 26 39 6 0 15 20 50 37 50 1 44 44 5 62 30 22 15 13 51 3 39
split_gain=8.12379 4.27537 3.90249 3.05223 3.04799 5.12171 3.64878 3.10069 2.93854 3.97381 3.17687 2.73492 3.04025 2.5998 3.642 2.75766 4.01456 2.53266 2.77792 3.45216 3.67213 2.51783 2.40161 2.33721 2.31402 3.04423 2.95434 2.18538 2.09917 2.47321 1.98281 2.24612 2.71766 2.34281 1.92508 2.87812 2.6227 2.94478 2.61582 2.14423 1.91782 1.85252 1.82779 1.82292 1.99747 1.74549 2.09876 2.04711 1.71802 1.68076 1.9236 1.63678 1.63282 1.59835 2.14958 4.0334 3.9862 1.99968 1.69687 1.613 1.8799 1.59446
threshold=-0.10998682305216788 0.14197953045368197 0.35591617226600653 -0.26811607182025904 0.12475159391760827 -0.010006431955844162 -0.12346427887678145 0.96253761649131786 0.029640555381774906 16.500000000000004 0.37015886604785925 0.67119145393371593 -0.26122255623340601 0.097031816840171828 0.054013777524232871 0.17501309514045718 -0.016313532367348667 0 0.16861740499734881 0.037697924301028259 -0.07962674647569655 0.5343015491962434 0.2726119607686997 0.11741053685545923 -0.0020761006744578476 -0.25452628731727595 3.5000000000000004 0.10654211789369585 -0.39614400267601008 0.060001544654369361 -0.16823419928550717 -0.00753306527622044 0.041498906910419471 0.18108087033033374 0.3959223628044129 0.070989310741424574 -0.63067170977592457 -0.24252117425203321 -0.45566295087337488 0.32008247077465063 -1.0851265788078306 0.0022234526695683603 0.85398676991462719 0.024188094772398475 0.0070868292823433885 0.0076288117561489352 0.013785732444375755 0.38244628906250006 0.24157093465328219 1.1206929683685305 1.6265463232994082 0.40560372173786169 0.87721422314643871 0.16714838892221454 2.5000000000000004 0.24688056856393817 10.500000000000002 0.1003989912569523 0.0026576544623821978 0.18812873959541324 -0.40382193028926844 0.53611257672309887
decision_type=2 2 2 2 2 2 2 2 2 2 2 2 2 2 2 2 2 1 2 2 2 2 2 2 2 2 2 2 2 2 2 2 2 2 2 2 2 2 2 2 2 2 2 2 2 2 2 2 2 2 2 2 2 2 2 2 2 2 2 2 2 2
left_child=-1 2 4 17 6 -6 13 8 10 -10 23 45 -13 14 15 16 -2 18 30 20 -20 -21 24 -7 -5 26 -26 42 29 -23 31 -3 -33 -34 38 -36 -37 -38 -19 -40 -31 -29 -18 44 -15 46 -8 -48 -28 50 -24 -27 -32 58 55 -55 -57 -56 59 60 -39 -51
right_child=1 3 -4 22 5 7 11 -9 9 -11 -12 12 -14 43 -16 -17 27 34 19 21 -22 28 49 -25 25 51 48 41 -30 40 52 32 33 -35 35 36 37 53 39 -41 -42 -43 -44 -45 -46 -47 47 -49 -50 61 -52 -53 -54 54 57 56 -58 -59 -60 -61 -62 -63
leaf_value=0.0026111468651391829 0.00019072009686338099 0.00052618977051176674 -0.0015078785121256163 0.00035889446421678156 0.00019457926613287004 -0.0003971432522793802 0.0005729184743405079 -1.7661337298366086e-05 -0.00082068843154694887 -0.0018547452314280146 -0.0003350764282433258 -0.0012865584846721498 -0.00073141074525847217 6.9254101484571978e-05 -0.00081668454689164365 -6.8117998700002741e-05 -0.0011890011546193896 0.0004718672335773583 -0.00085333360536849064 0.00059888886766819999 -0.0020534367716359215 -0.0019973432999303409 0.00017249750446730744 -0.0015229848032048774 -0.0017191941194167717 0.00051411713896038489 -2.6469069485049459e-05 -0.00074627064780036852 -0.0031931654287218089 -0.0027758011827101387 -0.00014367221720097134 0.0002371037929810728 -0.00085901961056895904 -0.0010379268961707864 -0.00071423117805995509 -0.0032782596460240753 0.0005198746765180906 -0.0016280983776200001 9.8481997467614332e-05 -0.0051747093908681421 0.0001075090733411499 -0.0011851503024534974 -0.00053179556653011194 0.00021292907882732105 -0.0020334728357118202 0.00022208314035240402 -0.00098829549619332204 -1.9431994715835733e-05 -0.0014882090724160878 -0.0011286074879120812 0.0016486826924709611 -2.8866601782495042e-05 0.0020173382474939316 -8.2473837571138701e-05 -0.00025727315790775933 -0.0005213559666419293 -0.0013248383389021757 0.0021082748788074077 0.0004771006958953349 -5.2982145024230155e-05 0.0007298261085732817 0.0010920078075477375
leaf_weight=1512.8092155456543 90.591587722301483 52.831264615058899 26.773565888404846 930.4500492811203 79.631265044212341 24.86908096075058 310.02502274513245 36.230762124061584 27.572630047798157 23.471297204494476 45.709126353263855 33.510387420654297 46.675932168960571 52.216702342033386 22.524017930030823 201.52031642198563 51.122581839561462 487.73149555921555 27.250055074691772 82.544459402561188 20.694257378578186 31.275811195373535 2768.2400286197662 30.364452481269836 52.818930983543396 459.21806734800339 193.86485880613327 31.182459712028503 23.670239567756653 20.55578875541687 190.58746725320816 36.864856004714966 28.605581283569336 60.108384788036346 39.263873934745789 19.924847304821014 577.58542960882187 64.216737747192383 26.914031744003296 18.101858854293823 62.054659485816956 27.048175156116486 51.040900111198425 122.32190233469009 21.276980817317963 303.08184999227524 79.262323915958405 69.083179831504822 44.06771194934845 80.129079639911652 477.01588016748428 4335.9936077594757 104.74862241744995 78.494090795516968 1048.4930791258812 44.758572459220886 76.829858303070068 102.89556723833084 497.84839820861816 1507.6847525238991 36.468723058700562 1176.3996150493622
leaf_count=1522 82 68 21 930 77 28 310 19 24 18 39 21 27 51 18 162 52 475 33 101 26 38 2945 26 33 414 212 32 29 24 245 45 34 76 39 20 590 76 29 20 73 29 52 85 15 276 87 59 47 93 512 4153 132 41 1125 23 39 118 490 1520 38 1199
internal_value=0.000405654 0.000104681 -0.00219933 0.00036708 -0.00191067 -0.00682916 -0.00103594 -0.0113312 -0.0144663 -0.0242989 -0.00942563 0.00115201 -0.00761208 -0.00378815 -0.00578787 -0.00479423 -0.00829177 -0.00060238 -0.00329388 -0.00740807 -0.0195858 -0.00472502 0.000862417 -0.017485 0.000207921 -0.000210603 -0.00517781 -0.013042 -0.00887246 -0.0059854 -0.00102396 -0.00519053 -0.0088384 -0.0135844 -0.000162292 -0.000531552 -0.000399667 -0.000308825 0.00266282 -0.00882407 -0.00137902 -0.020829 -0.00853868 0.00103793 -0.00514897 0.00208238 0.000124351 -0.00475331 -0.0027745 0.00173598 0.00113241 8.96359e-05 0.00147701 -0.000862013 -0.00220397 -0.00699231 -0.0126977 -0.001367 0 -0.000790472 -0.00691739 0.00329065
internal_weight=19207.1 17694.3 1807.11 15887.2 1780.33 267.849 1512.48 188.217 151.987 51.0439 100.943 841.639 80.1863 670.846 475.03 452.506 250.986 5369 741.791 268.045 47.9443 220.101 10518.2 55.2335 6016.41 5085.96 290.752 160.394 137.556 113.886 473.746 178.41 125.579 88.714 4627.21 4094.46 4055.2 4035.28 532.747 45.0159 82.6104 58.2306 102.163 195.816 73.4937 761.452 458.371 148.346 237.933 4501.78 3245.26 4795.21 295.336 3457.69 1351.47 200.083 121.588 1151.39 2106.22 1608.37 100.685 1256.53
internal_count=19237 17715 1610 16105 1589 231 1358 154 135 42 93 780 48 578 427 409 247 5567 924 324 59 265 10538 54 5789 4859 292 165 164 135 600 223 155 110 4643 4119 4080 4060 524 49 97 61 104 151 66 732 456 146 259 4749 3457 4567 377 3470 1346 103 62 1243 2124 1634 114 1292
cat_boundaries=0 1
cat_threshold=800
is_linear=0
shrinkage=0.05


Tree=39
num_leaves=63
num_cat=0
split_feature=48 28 9 42 39 40 38 64 33 0 5 32 22 11 52 63 47 50 47 8 48 13 47 52 32 5 40 8 39 52 52 2 17 52 45 0 42 13 9 53 28 8 41 61 40 46 50 50 22 14 3 61 45 46 52 46 44 52 14 22 47 40
split_gain=7.82965 5.69708 4.316 3.6553 3.55506 3.85904 2.96758 2.59172 2.47022 2.94573 2.56731 2.42736 3.20376 2.28727 2.27205 2.23164 3.48661 3.18303 2.23427 2.1967 2.18882 2.44522 2.11671 2.09064 2.00047 2.55985 4.5421 3.1796 3.09068 1.98881 3.09375 4.13999 1.97479 2.62904 1.95123 4.364 1.90332 1.88658 1.95021 1.83606 2.93322 2.01597 1.90036 2.15171 3.28687 3.10849 2.79167 1.74616 2.77134 1.87367 2.01653 1.91419 1.7494 2.66555 1.66927 1.63484 1.59427 1.58554 2.41265 2.89865 1.7805 1.58281
threshold=0.63209277391433727 0.63556042313575756 0.22254850715398791 0.21792849898338321 1.5987235903739931 1.0102807283401491 0.70429757237434398 5.7619376182556161 0.10298067703843118 -0.0034961766796186562 -1.1531553268432615 0.1016150861978531 23.500000000000004 0.060548923909664161 0.11584304273128511 1.0000000180025095e-35 0.90687382221221935 0.8126300871372224 0.54961404204368602 -0.022047711536288258 0.53012922406196605 0.0054515148513019094 0.4532779753208161 0.091452784836292281 0.17501309514045718 0.55527046322822582 0.97671937942504894 0.020871784538030628 0.92635673284530651 0.098302587866783156 0.097080636769533171 0.13653455674648288 57.350128173828132 0.35591617226600653 0.12634248286485675 -0.0058565838262438765 0.060447597876191146 0.0010472894646227362 0.046158730983734138 0.37489274144172674 0.075338020920753493 0.073266636580228819 0.69642475247383129 3.5000000000000004 1.0177130699157717 0.15770599991083148 1.3231747150421145 0.29430864751338964 3.5000000000000004 0.0023945372086018328 0.0049350354820489892 7.5000000000000009 -0.022109210491180416 -0.10206585377454756 0.140145018696785 0.17826066911220553 0.86224153637886058 0.1135263815522194 0.00043594272574409848 10.500000000000002 0.81892821192741405 1.5712009072303774
decision_type=2 2 2 2 2 2 2 2 2 2 2 2 2 2 2 2 2 2 2 2 2 2 2 2 2 2 2 2 2 2 2 2 2 2 2 2 2 2 2 2 2 2 2 2 2 2 2 2 2 2 2 2 2 2 2 2 2 2 2 2 2 2
left_child=3 2 7 4 6 15 8 24 9 14 -10 12 36 23 -1 -6 17 18 -17 -9 -15 -22 -16 -12 25 57 28 -28 -27 30 34 37 33 -21 -25 -36 -11 -32 -39 41 -41 47 -42 46 45 -45 54 48 -31 50 51 52 53 -50 -44 -37 -54 -2 59 -59 -61 -26
right_child=1 -3 -4 -5 5 -7 -8 19 10 11 13 -13 -14 20 22 16 -18 -19 -20 32 21 -23 -24 29 61 26 27 -29 -30 39 31 -33 -34 -35 35 55 -38 38 -40 40 42 -43 43 44 -46 -47 -48 -49 49 -51 -52 -53 56 -55 -56 -57 -58 58 -60 60 -62 -63
leaf_value=-0.00045493876701144383 0.00012440131771293759 0.004703377976081051 -0.0024116598866724902 0.00044594995627023374 -0.0004325056090616328 -2.9744093097845221e-05 -0.00085210525481973988 0.00058273771889154335 0.00080673775192695448 7.3112008012330912e-05 0.00018783818686561317 1.1292959188918471e-05 -0.00091414327877567211 0.0020057095589336412 -0.00070091632210630072 -0.00090379950036820981 -0.0020717225938083647 0.0016328582291597741 -0.0020836772750316597 -0.00079287397438767291 0.0013788787348786823 -0.0013798024371801832 -0.0019237578992933367 -0.00017020492342482085 0.00044311813877538479 -0.0012915285337106166 -0.001470053487867506 0.00029683097303594575 -0.001682349879181976 -0.0026218251225493387 2.1458066886303337e-05 -0.0010443259294463207 -0.00010016781010740162 -0.0025963240923106731 0.00015415793890886793 -0.0011760934384464434 -0.00062158025571237569 -0.0011490802673359169 -0.001017480145587054 -0.00075212691989603878 0.00014406538204761977 -0.0024304667822885777 -0.00046621818712737492 -0.0018015610084430964 -0.00064281084467659598 -0.0017949949166404307 -0.0020816988166969725 -9.9152721370128493e-06 -0.00049722714406789448 0.0025594137046218825 0.00033247845644948648 0.00019198047002317309 -0.0025150676516321291 -0.0019864459663836809 0.0010925698766354811 -0.0017051060497642824 -0.00013254730861461737 -0.0019231958240206782 0.0004201122998917572 0.0013264979006131058 -0.00056215939207808897 -0.0019000856989751418
leaf_weight=99.328329145908356 226.91114729642868 708.79092252254486 38.157685518264771 2395.3918803930283 84.080590128898621 209.10320383310318 17.824666619300842 138.08567047119141 369.12182915210724 65.031070590019226 1055.5935342907906 445.61352813243866 34.505735576152802 281.37623482942581 40.152609527111053 37.663843810558319 50.428972065448761 27.619835317134857 19.428654193878174 121.12249374389648 55.162189900875092 40.942426860332489 16.994766414165497 563.36096173524857 5161.2319824695587 32.390081405639648 26.264512181282043 73.479034960269928 43.780085325241089 29.645350754261017 54.111460983753204 30.88826596736908 116.13716840744019 21.041946411132812 29.295579731464386 19.718273520469666 28.48816305398941 20.99258029460907 21.946841239929199 39.60861349105835 216.64762943983078 35.751586556434631 106.66466873884201 31.003805756568909 87.358398079872131 17.498796761035919 22.377537548542023 4974.7620987296104 34.768744766712189 78.863774001598358 108.09262210130692 67.887834787368774 21.185765445232391 39.456458806991577 90.263027966022491 21.878793001174927 71.264988362789154 31.838376104831696 95.145144104957581 32.350360155105591 90.00248247385025 41.24069344997406
leaf_count=96 172 682 23 2732 107 224 17 165 398 71 1146 428 38 310 44 39 38 22 17 144 49 38 18 596 4487 17 21 52 27 35 54 31 140 25 28 22 32 21 24 39 243 38 101 36 109 22 17 5201 38 86 125 89 22 44 68 19 80 24 62 27 73 44
internal_value=0.000395157 0.00172869 0.0012487 -0.000368788 -0.000796536 -0.00525216 -0.000592607 0.00135189 -0.000553161 -0.00334636 -0.000316442 -0.00167628 -0.00774176 -0.000499127 -0.00943193 -0.0098866 -0.0138761 -0.0075787 -0.0143384 -0.0025555 0.00330029 -0.00317912 -0.0174008 -0.000681555 0.00161733 -0.000987908 -0.00614401 0.000831304 -0.0153327 -0.00100181 -0.00341081 -0.0105095 -0.00528253 -0.00923353 -0.00196958 -0.00978919 -0.00286672 -0.00535812 -0.0131775 -0.000698599 -0.00329789 -0.000406644 -0.00237468 -0.00462854 -0.00957775 -0.0200249 -0.00153672 -0.000327607 -0.00330592 -0.00225091 -0.00385811 -0.00646566 -0.00934859 -0.0150919 0.000343662 -0.0202048 -0.00467212 0.000907018 -0.0018312 -0.0057075 -0.00215806 0.00194488
internal_weight=19207.1 6997.97 6289.18 12209.1 9813.75 428.325 9385.43 6251.02 9367.6 730.114 8637.49 573.638 128.025 8268.37 156.476 219.222 135.141 84.7123 57.0925 396.387 377.481 96.1046 57.1474 7890.89 5854.63 652.161 175.914 99.7435 76.1702 6835.29 762.193 127.939 258.302 142.164 634.254 70.8926 93.5192 97.0509 42.9394 6073.1 611.422 5461.68 571.814 355.166 135.861 48.5026 219.305 5425.93 451.166 421.52 342.656 234.564 166.676 74.2252 196.928 41.5971 92.4508 476.248 249.336 154.191 122.353 5202.47
internal_count=19237 6185 5503 13052 10320 447 9873 5480 9856 727 9129 569 141 8731 158 223 116 78 56 474 397 87 62 8334 5006 475 117 73 44 7188 795 130 309 169 665 69 103 99 45 6393 635 5758 596 353 167 58 186 5720 519 484 398 273 184 82 169 41 102 358 186 124 100 4531
is_linear=0
shrinkage=0.05


Tree=40
num_leaves=63
num_cat=0
split_feature=37 48 49 41 45 12 20 41 38 32 52 49 49 15 17 33 20 29 16 41 52 15 36 32 40 8 3 17 29 32 52 43 36 42 52 54 5 10 12 41 9 48 59 52 49 5 10 52 22 22 47 42 45 16 22 42 22 37 6 34 38 43
split_gain=6.97189 3.74795 4.28858 4.67126 4.09628 2.88193 2.64995 2.62542 2.54871 2.54262 3.78818 3.40726 3.37372 3.10718 3.11073 2.9105 2.93659 2.40085 4.36108 2.68362 2.7227 2.46463 2.37878 2.31943 3.01591 4.9543 2.72639 3.2395 2.99483 2.80562 2.89626 2.84723 2.47213 3.29843 4.91559 2.29513 2.27826 2.27777 2.57751 2.54991 2.8785 2.31803 2.31006 2.2813 4.77659 2.46982 2.26935 2.25088 2.20526 2.18929 2.49551 4.67638 2.26458 2.16008 2.14654 3.11377 2.8577 3.17146 2.51118 2.12235 2.06002 2.24383
threshold=0.35479646921157842 0.54855895042419445 0.46775130927562719 0.90084934234619152 -0.42471861839294428 -0.11437034606933592 0.064189698547124877 1.4666673541069033 0.34386946260929113 0.23157355934381488 0.35591617226600653 0.23270576447248462 0.16129281371831897 -0.015263994224369524 77.926254272460952 0.26327989995479589 0.048212787136435516 0.3243465274572373 0.049128092825412757 1.2707483768463137 0.1135263815522194 0.011897867545485498 0.37180224061012274 0.15494560450315478 0.97671937942504894 0.0068841052707284698 -0.44605484604835505 50.772644042968757 0.1395819038152695 0.22089294344186786 0.10250668972730638 0.10555147752165796 0.25400342047214514 0.15630437433719638 0.12714371085166934 0.25852097570896154 0.68889808654785167 -0.031755188480019562 0.090501397848129286 0.74032264947891246 0.10437759384512903 -0.037937216460704797 0.15956959128379825 0.1788681894540787 0.16329170763492587 0.52011358737945568 0.38400223851203924 0.18275620043277743 16.500000000000004 20.500000000000004 0.63718950748443615 0.49398891627788549 0.38457822799682623 0.0040411122608929881 11.500000000000002 0.081647451967000975 6.5000000000000009 0.1642294451594353 0.064918488264083876 0.34385149180889135 0.22460035979747775 0.089040204882621779
decision_type=2 2 2 2 2 2 2 2 2 2 2 2 2 2 2 2 2 2 2 2 2 2 2 2 2 2 2 2 2 2 2 2 2 2 2 2 2 2 2 2 2 2 2 2 2 2 2 2 2 2 2 2 2 2 2 2 2 2 2 2 2 2
left_child=1 4 7 22 6 49 -1 9 -7 13 12 15 17 -3 23 16 -12 21 19 20 -19 -11 -4 24 25 -15 -25 28 -28 30 -30 53 54 -34 -35 37 -27 41 39 40 43 -6 -41 46 45 47 -39 -45 -14 50 51 -2 -52 -32 56 -56 -29 -58 -59 -10 61 -23
right_child=5 2 3 -5 35 8 -8 -9 59 10 11 -13 48 14 -16 -17 -18 18 -20 -21 -22 60 -24 26 -26 36 27 32 29 -31 31 -33 33 34 -36 -37 -38 38 -40 42 -42 -43 -44 44 -46 -47 -48 -49 -50 -51 52 -53 -54 -55 55 -57 57 58 -60 -61 -62 -63
leaf_value=-0.0011447205340794748 0.00031665558678315304 0.00040427519771983611 -0.0032219005835929918 -0.0039792396224852342 -0.0021414450681227055 0.00098759720461960164 -3.1332774311583639e-05 -0.00062203466636014191 -0.00049368182183057022 0.0011414495614380307 -0.00066806802596241783 0.00012840609508752709 0.0023418827291352947 -0.0012007717580490344 0.00046444834593362339 -0.0023056779383635677 4.8569421354260905e-05 -0.0014847212195399626 0.00099518070100538788 0.00075170470508181689 -0.0008128993812277261 0.00021668487628402692 0.00025309926643047286 0.00024459762635604124 0.00022617578162105001 0.00032547214852724079 6.0420735481354904e-05 0.00010055940746794834 -0.0014897830635714382 -0.0012026261761732939 -0.0011084397742706883 -0.00048859159040611671 9.1578166379641123e-06 0.00018786467131096107 -0.0033274370169559331 0.0019985404346905991 -0.00041993227762225811 0.00010945261561372266 0.00037785868228280367 -0.00037234391181010249 -0.0026068813724903217 0.00013305756148445787 -0.0010368255682374394 -0.00187533883634168 0.00075957935675952104 -0.0027450074884399342 -0.0022400591538899394 -0.00046281530085144233 0.00058067751568831088 0.0059818329287204515 0.0025175072778635676 -0.0035768013215147863 -0.0015867263474764284 -0.0019012025178395814 -0.00098582798983918771 6.8893432905453705e-05 -0.0016728153671014719 -0.00017633505895038178 -0.0015957114401105215 0.00044423072191481644 0.00031728517592638923 -0.0010526399199824114
leaf_weight=78.94219309091568 115.16157811880112 768.85887485742569 20.526391446590424 25.998192071914673 23.245329141616821 591.32259082794189 38.63005006313324 35.434996426105499 503.00044459104538 796.57530856132507 53.135545492172241 358.16521573066711 637.4349730014801 30.249308109283447 282.14893913269043 29.873629152774811 98.394976437091827 38.00133866071701 146.24491137266159 33.018833339214325 104.09328895807266 105.03345799446106 45.417432308197021 173.01477062702179 273.31297665834427 50.69824630022049 77.604844093322754 168.28381431102753 42.899817585945129 36.25625616312027 28.023914933204651 160.65362954139709 51.980067193508148 23.746767520904541 36.506735861301422 114.38010090589523 37.020821690559387 1488.673279941082 784.58402192592621 3751.1793631911278 22.055400252342224 1294.5752719640732 18.683954834938049 19.09105122089386 68.109730005264282 19.474236011505127 21.620765030384064 32.44850218296051 536.99864161014557 527.53910839557648 575.13063162565231 30.093632221221924 25.568196952342987 26.43993866443634 35.653260231018066 553.08423990011215 48.582472920417786 88.77814382314682 21.466777741909027 2302.3613660335541 537.55482679605484 124.25525188446045
leaf_count=79 126 678 23 26 27 638 36 32 573 757 53 334 540 17 200 24 96 40 139 29 110 77 46 165 229 34 66 132 38 26 24 141 49 26 30 126 21 1548 840 4034 22 1373 18 19 79 20 26 36 445 540 567 35 23 23 36 457 37 80 21 2469 538 96
internal_value=0.000381019 -0.00015925 0.000703147 -0.0100115 -0.00090758 0.00206147 -0.0101691 0.000852198 0.00129872 0.000925712 0.00182315 -0.00203414 0.00250515 -0.000143761 -0.00108434 -0.00761768 -0.0047559 0.00119077 -0.00273818 -0.00806795 -0.0110608 0.00200168 -0.00283622 -0.00179129 0.00164543 -0.00501333 -0.00264941 -0.00338296 -0.00738626 -0.00969185 -0.00782611 -0.00542303 -0.00192944 -0.00893602 -0.0168885 -0.000764608 0.000955507 -0.00087181 -0.00127189 -0.00165862 -3.00558e-05 0.00101447 -0.00237934 0.000207407 -0.00591279 -0.0149902 0.000774845 -0.00908689 0.00461 0.00409172 0.0023374 -0.00352417 0.00376346 -0.0153057 -0.00106447 0.00073266 -0.00431348 -0.00912244 -0.00436597 0.000667722 -1.52327e-05 -0.00398867
internal_weight=19187.3 14517.1 6741.42 91.942 7775.69 4670.18 117.572 6649.48 3396.68 6614.04 3598.78 539.569 3059.21 3015.26 2246.41 181.404 151.531 1884.78 321.358 175.113 142.095 1563.42 65.9438 1964.26 391.281 117.968 1572.98 1399.96 371.878 294.274 258.017 215.117 1028.08 112.234 60.2535 7658.12 87.7191 7543.74 6225.92 5441.34 1671.47 1317.82 3769.86 1649.42 139.124 71.0138 1510.29 51.5396 1174.43 1273.49 745.954 145.255 600.699 54.4639 915.849 588.738 327.111 158.827 110.245 2805.36 766.844 229.289
internal_count=19189 14218 5935 95 8283 4971 115 5840 3680 5808 3278 507 2771 2530 1852 173 149 1786 318 179 150 1468 69 1652 301 72 1351 1186 318 252 226 188 868 105 56 8168 55 8042 6642 5802 1750 1400 4052 1728 154 75 1574 55 985 1291 751 161 590 47 763 493 270 138 101 3042 711 173
is_linear=0
shrinkage=0.05


Tree=41
num_leaves=63
num_cat=5
split_feature=11 60 60 33 22 15 32 45 40 14 48 31 31 12 51 41 47 18 41 27 41 28 31 51 5 20 52 35 52 22 40 32 14 12 50 43 20 20 22 48 34 60 38 52 28 34 31 53 34 30 31 5 45 32 12 40 15 41 9 24 48 35
split_gain=6.54169 5.22117 3.02545 2.84079 2.44793 2.36375 2.35584 2.6816 3.26754 2.2955 2.27822 2.6002 2.96869 2.4718 4.05566 2.36154 2.23019 2.1984 2.45371 2.9022 2.78994 4.50484 3.70045 3.54512 3.16725 2.71383 2.14929 3.90099 3.73609 3.36937 2.34824 1.93092 1.92565 7.49969 1.91363 1.84536 1.83769 1.77478 1.95809 1.76469 5.03191 1.79498 2.49469 1.92143 2.31139 2.12271 1.75614 3.69392 3.92872 3.33528 2.60399 2.48973 2.43513 2.14665 1.74151 1.69533 2.65288 1.6783 2.25493 1.91314 1.89155 1.81834
threshold=-0.042920868843793862 0 1 0.10569423437118532 6.5000000000000009 0.053032286465168006 0.1016150861978531 -0.072503108531236635 1.2103444933891299 -0.00043076458678115154 0.56917068362236034 0.14301935583353045 0.15134050697088244 0.12141016498208047 0.66686624288558971 1.0752271413803103 0.87924703955650341 2 0.70023638010025036 0.28008906543254858 0.60057479143142711 0.17066950350999835 0.38989061117172247 0.61381268501281749 -0.086830440908670412 0.10569052770733835 0.37170025706291204 0.44827714562416082 0.16384005546569827 19.500000000000004 0.8118019998073579 0.34423950314521795 -0.0068386059720069161 -0.097534991800785051 1.1749590635299685 0.44465343654155737 0.049728199839591987 0.017257531173527244 20.500000000000004 0.69094720482826244 0.89995902776718151 3 0.3132933378219605 0.10169000551104547 0.29199609160423284 0.24975062906742099 0.2990767508745194 -0.060579396784305566 0.40883933007717138 0.33134669065475469 0.26960480213165289 -0.2460428178310394 0.032873392105102546 0.28939558565616613 0.0062790424562990674 1.2789614200592043 0.01548726996406913 1.3797806501388552 -0.03325203247368335 4 0.75697940587997448 0.64780130982398998
decision_type=2 1 1 2 2 2 2 2 2 2 2 2 2 2 2 2 2 1 2 2 2 2 2 2 2 2 2 2 2 2 2 2 2 2 2 2 2 2 2 2 2 1 2 2 2 2 2 2 2 2 2 2 2 2 2 2 2 2 2 1 2 2
left_child=2 3 -1 4 9 39 7 8 -6 -2 11 -3 37 32 15 -15 -8 -12 19 20 24 54 23 -23 -19 36 28 29 46 -28 -30 -25 33 -14 57 -34 -21 38 -13 40 41 42 43 -4 45 -45 50 51 49 -49 -20 52 -48 -53 -22 56 -11 58 60 -60 -5 -59
right_child=1 10 5 34 6 -7 16 -9 -10 55 17 12 13 14 -16 -17 -18 18 26 25 21 22 -24 31 -26 -27 27 -29 30 -31 -32 -33 35 -35 -36 -37 -38 -39 -40 -41 -42 -43 -44 44 -46 -47 47 48 -50 -51 -52 53 -54 -55 -56 -57 -58 61 59 -61 -62 -63
leaf_value=0.0032120640234697033 -0.0012964970515395137 0.00028099449845061175 -0.00088019645310532862 0.00035043432747485642 -0.0010572033900801212 -0.0038206853263986623 3.0890333478733604e-05 -0.00050153206299011373 -0.0007041696785179283 -0.0008210470800888728 0.00042088368625830511 -0.00064531885157954731 0.00045630061932600138 0.0021932864864621137 -0.001133281976246725 -8.6812033314842375e-05 -0.0010618421063175894 -0.00044065930402432469 1.4148232788654766e-05 -0.00094508114477714 -0.00093509054800489035 -7.9968095985115395e-05 -9.6416009151723846e-05 -0.0014224103517480021 0.00078726251146991129 0.0055834349357483676 -0.00054041275421358979 0.0015757451154533499 -0.0014382128728694771 -0.002301434730499903 0.0014982021052579015 -0.002297263390472691 -0.00010235348700916372 -0.0021943420994235776 0.00077179168216908595 -0.00074285395493662318 -0.0011360074639513468 -0.0016016400455649935 0.00083932840466168954 0.0021419765396644918 -0.0036935245644260069 0.0010453402851172938 0.0018470782499880288 -0.0025288684289621129 -0.0020091252609264927 0.00016040641436470421 -0.00026414152218462439 -0.0018226826041988333 -0.00081458101902902856 -0.0019962948609557733 0.0010558647645057238 -0.00065309853555046429 -0.0030075627429738227 0.00094275779284993958 0.00092410435547756744 0.00063651431224051667 -0.00034406622318659038 -0.0015248420271257357 -0.00024611678418554397 -0.0009384842975751124 -0.0024989065746356428 0.0039495245796421913
leaf_weight=836.93170756101608 28.767165303230286 842.93205595016479 37.852365255355835 440.5942559838295 19.264742434024811 44.41495805978775 250.93510490655899 63.862748026847839 21.274758398532867 20.066033184528351 1770.5920985341072 43.779025375843048 29.159995079040527 366.10623544454575 18.061867296695709 276.0991290807724 18.534379243850708 219.07048934698105 2044.5287309288979 117.98476344347 30.572038769721985 30.951653242111206 30.142937958240509 33.694599688053131 280.6042811870575 23.802643716335297 38.221228897571564 94.748882532119751 51.45000284910202 46.922422707080841 1162.3884729146957 37.597493529319763 4790.1259780526161 22.498596847057343 334.98473858833313 29.560697376728058 23.931824088096619 49.418222963809967 25.547613501548767 593.72542744874954 23.70515102148056 516.34045481681824 74.875030279159546 26.036200881004333 26.051469922065735 26.659977614879608 19.955710172653198 25.738691568374634 21.124954879283905 21.465683698654175 291.74006950855255 115.06901150941849 16.897333204746246 147.82364821434021 65.075256407260895 22.478135168552399 24.386530220508575 135.63411968946457 2183.763528585434 106.80729818344116 34.822573900222778 19.139432489871979
leaf_count=943 33 704 29 534 22 40 297 71 24 23 1534 41 31 427 15 326 22 187 1620 109 30 29 28 29 234 22 29 91 41 36 966 28 4962 17 439 38 21 45 23 538 23 558 59 21 19 21 23 30 12 16 287 100 20 155 49 27 28 163 2699 132 46 23
internal_value=0.000384562 5.14493e-05 0.00294563 -0.00159953 -0.00524183 0.00145362 -0.00339509 -0.00977265 -0.0198388 -0.0123934 0.000516645 -0.000151213 -0.000538404 -0.000369465 0.00249942 0.00316467 -0.000902938 0.00115945 0.000621179 -0.00175073 -0.000383196 -0.00497039 -0.0109492 -0.0154954 0.00170081 -0.00772187 0.00113953 -0.00419608 0.00138588 -0.0119678 0.00369074 -0.0216272 -0.000759387 -0.0103588 -0.00107744 -0.000655248 -0.0103569 -0.00835927 -0.0030999 0.00184796 0.000196895 0.000963983 -0.0030719 -0.00781726 -0.012269 -0.00609786 0.0003494 -0.00285705 -0.0133416 -0.0213668 0.000856812 -0.000446691 -0.0126115 0.00124374 0.00325559 -0.00719071 -0.012866 -0.00148905 -0.00120318 -0.00185468 0.00192499 -0.00656147
internal_weight=19187.3 16980.7 2206.59 3725.32 469.57 1369.66 373.872 104.402 40.5395 95.6979 13255.4 6493.29 5650.36 5531.61 660.267 642.205 269.469 6762.09 4991.5 893.428 727.709 228.034 132.387 102.244 499.675 165.719 4098.07 179.893 3918.18 85.1437 1213.84 71.2921 4871.35 51.6586 3255.75 4819.69 141.917 118.745 69.3266 1325.25 731.521 707.815 191.475 116.6 78.7476 52.6962 2704.34 368.075 68.3293 47.2044 2336.27 299.746 36.853 262.893 95.6473 66.9307 44.4526 2920.76 2765.99 2290.57 475.417 154.774
internal_count=19189 16938 2251 4583 547 1308 436 117 46 111 12355 6629 5925 5816 768 753 319 5726 4192 766 614 193 114 86 421 152 3426 156 3270 65 1007 57 5048 48 4036 5000 130 109 64 1268 730 707 149 90 61 42 2263 356 58 46 1907 298 43 255 79 78 51 3597 3411 2831 580 186
cat_boundaries=0 1 2 3 4 5
cat_threshold=3872 739 2 16 1
is_linear=0
shrinkage=0.05


Tree=42
num_leaves=63
num_cat=4
split_feature=15 60 49 49 49 33 22 1 44 46 10 44 45 53 5 51 52 53 40 9 6 61 32 6 42 5 14 7 11 51 45 30 40 10 52 28 32 22 48 10 22 52 22 22 46 13 11 47 47 46 40 9 2 1 60 32 17 8 10 2 2 60
split_gain=6.34869 5.27565 3.17696 3.21549 2.80399 3.39023 3.29551 3.23474 2.93905 4.15188 3.57076 3.97107 2.66484 3.18206 2.37205 2.27375 2.57703 3.48102 4.36666 3.26087 3.03652 2.76727 2.25384 3.71677 2.90512 2.35701 3.30704 2.32759 2.25084 2.44529 2.44086 2.78526 2.73581 2.3496 3.43084 3.98481 3.03932 2.77684 3.56754 2.72102 2.47771 2.40603 2.38098 3.36554 3.47956 3.13874 3.60516 2.95839 3.92927 2.37682 2.83097 2.35546 3.53576 2.20398 2.12187 2.10771 2.31313 2.53321 2.07398 2.90732 2.35039 2.13255
threshold=-0.083829581737518297 0 0.44731660187244421 0.38024814426898962 0.16129281371831897 0.12545995414257052 16.500000000000004 0.32456031441688543 0.50239488482475292 0.72955757379531871 -0.040756421163678162 1.4433023929595949 -0.42471861839294428 0.0014307095552794637 0.38309484720230108 0.50395941734313976 0.27623905241489416 0.14817080646753314 0.94139909744262706 0.072856251150369658 0.052685460075736053 2.5000000000000004 0.1016150861978531 0.044594550505280502 0.13695939630270007 0.56611347198486339 -2.649222824402386e-05 1 -0.018643234856426712 0.1699904799461365 -0.4569097608327865 0.1214154325425625 1.7392018437385561 0.030776898376643661 0.10064300149679185 0.22795389592647555 0.14006590843200686 7.5000000000000009 0.72006678581237804 -0.026822241023182865 4.5000000000000009 0.1788681894540787 13.500000000000002 24.500000000000004 0.14092556387186053 0.0044164462015032777 0.0030009550973773007 0.63718950748443615 1.1237635612487795 0.21120603382587436 0.92961239814758312 0.046991348266601569 -0.37674121558666224 0.64281716942787182 2 0.16010304540395739 62.901954650878913 0.046784635633230216 0.068419024348258986 -0.60293897986412037 -0.19593533873558042 3
decision_type=2 1 2 2 2 2 2 2 2 2 2 2 2 2 2 2 2 2 2 2 2 2 2 2 2 2 2 9 2 2 2 2 2 2 2 2 2 2 2 2 2 2 2 2 2 2 2 2 2 2 2 2 2 2 1 2 2 2 2 2 2 1
left_child=54 2 3 12 8 -6 15 58 -3 28 -11 -12 13 -2 -4 -7 -17 20 -19 -20 21 -18 23 25 -25 -14 -27 -24 29 -10 -30 -32 33 34 35 49 -35 38 55 -39 -40 -38 51 44 45 46 -44 -48 53 50 -33 -41 -53 -49 -1 -36 -57 -58 61 -60 -61 -8
right_child=1 4 14 -5 5 6 7 -9 9 10 11 -13 22 -15 -16 16 17 18 19 -21 -22 -23 27 24 -26 26 -28 -29 30 -31 31 32 -34 36 37 -37 41 39 40 42 -42 -43 43 -45 -46 -47 47 48 -50 -51 -52 52 -54 -55 -56 56 57 -59 59 60 -62 -63
leaf_value=0.00073085914362939217 -0.0010872644063301719 0.00034286117302030216 -0.0010851936771737361 0.0023711633233296165 -0.00093596515738932897 2.9949966770616179e-05 -0.00039872295392446579 0.00089842360016777624 -0.0013034610482204447 0.00017259710899543911 -0.0010438186634264962 -0.0033731944984042883 5.1742738843904915e-05 3.0012812487603682e-05 -0.0030565073530656145 0.0022128750034250857 -0.0012989519967040175 -0.0039713989657157453 0.0010178092042875107 -0.00074031089046626148 0.0019163377062785328 0.00065519741760144696 -0.00033430768474875319 -0.0013433676912298284 -0.00048943423437378673 -0.0011069895787217642 -0.0003516877908050144 4.5223822898508853e-05 -0.0012551788913536233 0.0003035755552602031 0.00024185781245081891 -0.0014057492442011621 -0.0022975399386796847 -0.00077878690592997823 0.0030694925297867965 0.0012623611027219553 4.7788784411564502e-05 0.00038136553753139319 -0.00013559278147773983 0.00074567615363357528 -0.0020201833275376524 -0.002186369743926084 -0.00076151014531688837 0.00016877677717903745 0.00036195336368041015 0.0012216645940775752 -0.00031482236931218156 -0.0015547531413922337 -0.00074647059227175763 -0.0014561055154419975 -0.00096982631522718606 -0.0023251638473377229 0.00036388949696829534 -0.0014747437332218154 0.0039269706543424588 -0.00044558413327414753 -0.0018824527677288893 0.00030071350549063793 0.0004454152946699833 -0.0017662957202968052 -0.0012085420014161506 0.00017776094438712723
leaf_weight=865.79634147882462 31.510053753852844 1610.5512887835503 113.93782848119736 108.83506375551224 37.627548098564148 688.53921985626221 692.17398399114609 619.92717695236206 79.50426858663559 35.302543103694916 63.192467927932739 29.26453173160553 213.24122047424316 23.643073797225952 35.866396486759186 646.8549582362175 40.884302616119385 44.189927577972412 132.27214938402176 47.548139035701752 914.19366139173508 45.863964259624481 1534.7448251843452 23.955684781074524 28.843959867954254 22.398976147174835 103.77092844247818 1624.5296016931534 32.535115659236908 1175.9217116832733 308.23677325248718 40.781553566455841 31.029532968997955 83.984069108963013 44.552126049995422 53.650473773479462 3308.5232208967209 461.90922790765762 26.799481272697449 191.77042096853256 21.115696728229523 37.441671907901764 178.41202628612518 293.16904765367508 144.48395866155624 54.900689482688904 50.054999351501465 92.691489458084106 35.00006365776062 20.889367938041687 154.89578920602798 30.097663283348083 80.886200666427612 22.359376192092896 596.47704744338989 228.70584642887115 46.662759244441986 26.056980907917023 55.874445557594299 37.903493165969849 54.209547340869904 706.34667408466339
leaf_count=803 35 1527 142 135 33 724 648 578 97 32 57 23 254 28 45 535 33 38 120 48 829 52 1931 28 38 26 117 1980 27 1158 208 34 34 41 41 60 3109 453 27 175 21 35 157 267 131 52 53 81 28 20 160 23 77 17 688 216 43 23 61 39 53 641
internal_value=0.000414788 0.000153253 -0.00147754 -0.00119184 0.000609053 0.00159216 0.00171222 0.00027441 9.41774e-05 -0.000322181 -0.00925563 -0.0144287 -0.00144859 -0.0123554 -0.0086232 0.00292682 0.00383085 0.00247568 -0.0031454 0.000290868 0.00373886 -0.00516985 -0.00127747 -0.00485449 -0.0172019 -0.00291447 -0.00832965 -0.000831671 -0.000166243 0.00176075 -0.000563571 -0.000489377 -0.000737906 -0.000656671 -0.00189331 -0.00718856 0.000171091 -0.00118553 -0.00495453 -0.000274639 -0.0177495 0.000408452 -0.00155668 -0.00288671 -0.00510197 -0.00734368 -0.00896782 -0.0135836 -0.0171002 -0.0102173 -0.0084591 0.00225322 -0.00351439 -0.0215649 0.00358136 -0.00316346 -0.00467397 -0.01245 -0.000946329 -0.00657498 -0.0120376 -0.000346719
internal_weight=19187.3 17725 3865.28 3715.47 13859.7 4764.41 4726.78 2166.44 9095.33 7484.78 127.76 92.457 3606.64 55.1531 149.804 2560.35 1871.81 1224.95 224.01 179.82 1000.94 86.7483 3551.49 392.211 52.7996 339.411 126.17 3159.27 7357.02 1255.43 6101.6 6069.06 5760.82 5729.79 2299.85 270.217 3429.95 2029.63 393.893 1635.74 47.9152 3345.96 1173.83 871.072 577.903 433.419 378.518 200.106 150.051 216.567 195.677 302.754 110.984 115.051 1462.27 345.978 301.426 72.7197 1546.51 147.987 92.113 1398.52
internal_count=19189 17698 4759 4572 12939 4432 4399 2020 8507 6980 112 80 4437 63 187 2379 1655 1120 206 168 914 85 4374 463 66 397 143 3911 6868 1255 5613 5586 5378 5344 2159 274 3185 1885 371 1514 48 3144 1061 786 519 388 336 179 126 214 194 275 100 98 1491 323 282 66 1442 153 92 1289
cat_boundaries=0 1 2 3 4
cat_threshold=3872 2 1308 14
is_linear=0
shrinkage=0.05


Tree=43
num_leaves=63
num_cat=0
split_feature=34 45 10 43 6 32 52 48 41 49 5 10 49 46 51 42 6 52 62 13 51 48 15 15 46 1 52 48 41 46 61 48 64 46 8 30 30 47 32 10 10 52 48 62 14 46 43 51 49 46 53 35 40 32 52 47 51 62 1 62 53 43
split_gain=6.0144 3.32207 4.03543 3.33032 3.63836 2.56709 3.51318 3.15418 3.25977 2.82559 3.13581 2.64034 3.09497 2.67756 2.6532 2.40171 2.93362 2.96633 3.80607 7.23392 2.3942 2.39038 2.33474 3.78301 3.4845 3.44957 2.93181 4.38949 4.322 3.27389 2.64754 2.5837 4.6645 2.46469 2.81622 3.17704 3.52586 3.35691 3.21928 2.54788 2.31034 3.81584 2.8626 2.39776 2.2534 3.35688 2.1889 2.42919 2.16565 3.85545 3.17737 2.16504 2.50033 4.03403 2.88957 2.39621 2.16126 2.15388 3.59521 2.03754 2.73327 2.04379
threshold=0.5088794231414796 -0.42471861839294428 -0.05093881115317344 0.0423678606748581 0.060325549915432937 0.23157355934381488 0.35591617226600653 0.57141491770744335 1.3876654505729678 0.23270576447248462 0.66539669036865245 -0.12460674345493315 0.46775130927562719 -0.27789388597011561 0.87738579511642467 0.11101678758859636 0.084861610084772124 0.12863197177648547 4.5000000000000009 0.0025190211599692707 0.85628715157508861 0.75393936038017284 0.048602631315588958 -0.015263994224369524 0.10525875911116601 -0.35528151690959925 0.11475034803152086 0.67181643843650829 0.74032264947891246 0.19676964730024341 6.5000000000000009 0.22474856674671176 1.5455212593078616 -0.02712366264313459 0.0023248213110491638 0.16899597644805911 0.21097458899021151 1.1812928318977358 0.20966565608978274 -0.0059059069026261559 0.072975039482116713 0.2169860973954201 0.4005285650491715 26.500000000000004 -0.00037599563074763859 -0.17437043786048886 0.10814162343740465 0.60219168663024913 0.11520217359066011 0.11517829820513727 -0.031077438034117218 0.47079692780971533 1.0162031054496767 0.32493786513805395 0.17764896154403689 0.71031171083450328 0.23866105079650882 10.500000000000002 -0.27460549771785731 14.500000000000002 0.0097444155253469961 0.18719132989645007
decision_type=2 2 2 2 2 2 2 2 2 2 2 2 2 2 2 2 2 2 2 2 2 2 2 2 2 2 2 2 2 2 2 2 2 2 2 2 2 2 2 2 2 2 2 2 2 2 2 2 2 2 2 2 2 2 2 2 2 2 2 2 2 2
left_child=1 2 -1 -4 -5 22 7 15 20 10 -8 14 13 -13 -11 -7 17 -17 19 -19 48 -10 23 -3 30 -26 28 31 -27 -29 33 32 -28 34 35 39 37 38 -37 -25 -2 43 -43 -42 45 -41 47 -30 49 -9 -51 52 53 54 59 -56 -46 58 -15 60 61 -20
right_child=40 5 3 4 -6 6 9 8 21 11 -12 12 -14 57 -16 16 -18 18 51 -21 -22 -23 -24 24 25 26 27 29 46 -31 -32 -33 -34 -35 -36 36 -38 -39 -40 44 41 42 -44 -45 56 -47 -48 -49 -50 50 -52 -53 -54 -55 55 -57 -58 -59 -60 -61 -62 -63
leaf_value=0.00010386014134815513 0.0019385096034917519 7.5080858450738561e-05 -0.00015489779545445494 -0.0011741916132583083 -0.00049394315719425658 0.00034439166045271513 -0.00052177823297505296 0.00023950244355856604 0.0022588731685147245 0.0013809355856828822 -0.0016653739819964643 0.00085956989270391255 -0.0017321390345474948 -0.0014199283819588057 -0.00099509353646254307 0.00022007892891665604 0.00051459188077570552 -0.00010688612336582331 -0.0020579670719885661 -0.0021842834908119128 -0.002650941743446291 -0.0029959315624851473 0.00024136012776155292 0.00046632684524922644 -3.8136573550435439e-05 0.00051091270198896227 -0.0023836770672935794 -0.0024883293878424483 -0.0012461202497187588 -0.00079788828533179027 -0.00057617607262091814 0.00013202380423298792 2.8388489122678497e-05 0.00011410598042730796 -7.2029939899727915e-06 -0.0013656577076647377 -0.00036331783012327691 0.00013991806009413531 -0.0013107742536615098 -0.0012316673200656999 0.0018931326669929681 -0.0035258278666367411 -0.00033681884534338125 -0.0030043435564181434 -0.0012508616816763519 -0.00030664358504568139 -0.00046693736383284358 -0.0014558504597040737 0.00083114722117459325 -0.00032143328028150464 -0.0022190511753731397 -0.0026392092307922612 0.00011371593352024618 0.0013006673371220184 -0.0011919886649945019 -0.0034059346923769026 1.1514879949084432e-05 -2.9365941733043578e-05 -0.00041968163374486549 8.6912925894111487e-05 -0.00041058145784961535 -0.00011519177541197968
leaf_weight=58.732144713401794 1986.5990259051323 1847.3520767092705 30.694657921791077 65.498837471008301 26.922586739063263 576.00698637962341 269.86903691291809 347.45292848348618 25.104795455932617 461.40878045558929 22.148394703865051 114.18521070480347 47.88938707113266 41.99504417181015 71.139109075069427 905.71840459108353 1441.4030278325081 67.762864589691162 94.522550165653229 66.20017683506012 26.455329895019531 26.192595720291138 1132.0061696171761 101.44815897941589 387.69260668754578 43.213190913200378 18.958287179470062 35.435840308666229 172.34012073278427 38.839047431945801 648.77668732404709 245.82069158554077 29.249101400375366 1002.8914695382118 1180.0484241843224 74.414427995681763 66.323929965496063 23.26976615190506 44.812902510166168 36.783860862255096 68.295814573764801 20.851167559623718 18.882105886936188 36.346074044704437 41.085500419139862 23.554729104042053 80.25198632478714 27.012259483337402 3104.5007233023643 122.33991134166718 34.494445562362671 33.989637553691864 898.29609930515289 145.40801340341568 49.20125824213028 26.25463455915451 110.62697982788086 74.656649827957153 40.752954483032227 145.88087010383606 154.5237340927124 26.508442759513855
leaf_count=58 1999 1777 25 65 28 608 276 355 30 464 21 109 47 31 70 1069 1636 39 98 39 12 21 1050 92 367 30 21 34 166 35 836 238 35 900 1020 70 58 21 36 30 79 26 23 51 49 25 79 16 2821 135 25 40 1055 168 59 28 91 98 31 187 158 29
internal_value=0.0003992 8.59905e-05 -0.0066334 -0.0117853 -0.016527 0.000158737 0.000704786 0.00106247 0.00215392 -0.0018914 -0.00613628 -0.00043012 -0.00402773 -0.0019376 0.00171908 0.000192637 -0.000235327 -0.00123491 -0.00246202 -0.0105571 0.00233177 -0.0103325 -0.000537661 -0.000914914 -0.00170752 -0.00418046 -0.00629831 -0.00322781 -0.00978388 -0.0140818 -0.000910513 -0.0004651 -0.0110497 -0.000220559 -0.00138054 -0.00443695 -0.0092171 -0.0136477 -0.017043 -0.00123503 0.00290366 -0.00318396 -0.0163671 0.00178487 -0.00436514 -0.0125375 -0.0120629 -0.0148821 0.00244294 -0.000587779 -0.00710038 -0.00176951 -0.00148999 -0.00387226 -0.00601922 -0.0150519 -0.00107582 -0.00617663 -0.0117271 -0.00438691 -0.00691669 -0.0125505
internal_weight=19187.3 17056.3 181.848 123.116 92.4214 16874.5 9462.26 8318.22 3686.54 1144.04 292.017 852.027 319.479 271.59 532.548 4631.68 4055.67 2614.27 1708.55 133.963 3635.24 51.2974 7412.21 6280.2 4432.85 1078.81 691.121 368.303 322.818 74.2749 3354.04 294.028 48.2074 2705.26 1702.37 522.32 208.821 142.497 119.227 313.499 2130.97 144.375 39.7333 104.642 212.051 60.3386 279.604 199.352 3608.79 504.287 156.834 1574.59 1540.6 642.3 496.891 75.4559 151.712 157.405 82.748 421.436 275.555 121.031
internal_count=19189 17011 176 118 93 16835 9759 8612 3399 1147 297 850 316 269 534 5213 4605 2969 1900 78 3348 51 7076 6026 4249 1021 654 363 291 69 3228 294 56 2392 1492 472 185 127 106 287 2178 179 49 130 195 55 261 182 3336 515 160 1822 1782 727 559 87 140 160 62 472 285 127
is_linear=0
shrinkage=0.05


Tree=44
num_leaves=63
num_cat=3
split_feature=48 60 28 60 44 46 10 0 20 0 11 30 60 53 12 53 12 48 39 37 52 51 44 29 40 49 40 35 62 53 62 49 22 46 48 46 31 49 61 9 12 31 45 48 8 12 26 20 3 52 47 49 9 49 33 39 48 49 9 30 38 43
split_gain=5.77014 3.89508 3.3747 3.96416 2.59527 2.88654 3.9884 3.32914 3.14189 2.08347 2.17543 2.05974 2.01194 2.21214 3.42136 1.95562 1.92947 2.81892 3.54797 3.49996 2.35042 4.16154 4.58443 3.6732 2.31652 2.25606 2.67191 2.12602 5.68985 2.21763 3.5284 2.81266 2.15515 2.03223 1.97878 2.59981 1.95707 1.9242 1.99395 2.20496 1.89788 1.87167 1.90167 1.86737 2.66595 2.63963 1.93871 1.88515 2.32945 2.24235 3.57852 3.51282 2.57513 2.4349 1.94181 1.82483 1.7612 1.75789 1.7062 2.8713 2.44933 1.75955
threshold=0.72964271903038036 0 0.40245451033115393 1 0.56300002336502086 0.40701338648796087 0.34411448240280157 0.0078003283124417075 0.012417989782989027 -0.035823980346322053 0.052021518349647529 0.80415573716163646 2 1.0000000180025095e-35 0.1302045211195946 -0.17220744490623471 -0.02120009250938892 0.49800443649291998 1.6310409903526308 0.22883720695972445 0.099421620368957533 0.68107590079307567 1.0093696117401125 0.14626822620630267 1.6360044479370119 0.10364336520433427 0.68658077716827404 0.46503254771232611 18.500000000000004 -0.21804988384246823 9.5000000000000018 0.10786410048604013 10.500000000000002 0.052050862461328513 0.47710703313350683 -0.32944159209728235 0.26852954924106603 0.45431487262248998 8.5000000000000018 -0.014039040543138979 0.18448588997125628 0.38758432865142828 -0.42471861839294428 0.54617235064506542 -0.067911714315414415 -0.039134789258241647 0.0054163306485861549 0.056894129142165191 0.67649191617965709 0.35681150853633886 0.79476848244667064 0.24413558095693591 -0.088095147162675844 0.11595240980386735 0.33107645809650427 1.323825001716614 0.37323208153247839 0.25674836337566381 0.075063452124595656 0.24479614198207858 0.26291392743587499 0.1642270311713219
decision_type=2 1 2 1 2 2 2 2 2 2 2 2 1 2 2 2 2 2 2 2 2 2 2 2 2 2 2 2 2 2 2 2 2 2 2 2 2 2 2 2 2 2 2 2 2 2 2 2 2 2 2 2 2 2 2 2 2 2 2 2 2 2
left_child=1 57 3 15 12 9 7 11 55 -6 16 -7 13 14 -3 -2 25 27 20 -20 21 22 -19 -24 37 33 -27 29 -29 30 -18 -32 56 -11 35 36 -28 38 58 -40 -5 42 -31 44 -36 47 -46 48 49 50 -45 53 -51 -52 -53 -9 -33 -1 -22 -60 -61 -62
right_child=2 4 -4 40 5 6 -8 8 -10 10 -12 -13 -14 -15 -16 -17 17 18 19 -21 24 -23 23 -25 -26 26 34 28 -30 41 31 32 -34 -35 43 -37 -38 -39 39 -41 -42 -43 -44 45 46 -47 -48 -49 -50 52 51 54 -54 -55 -56 -57 -58 -59 59 60 61 -63
leaf_value=0.00039976256069131912 0.00078896454581118278 -0.00031967003992699962 0.0020382863473083906 0.00023167982985277465 0.000874939989536884 -6.8594281780270943e-06 -0.0013189443469614308 -0.0022969662201750072 -0.00082078889348700392 8.7635452835396063e-05 0.00055006356095833517 -0.0052655938328240726 0.00027404014655309369 6.6766383566811658e-05 -0.0015872096930112758 -0.0014467019803524309 -0.0011850341485528521 0.00010413576158572538 -0.0018130687715808402 0.00095726762691493862 0.00023798008815827945 -0.00090897121724351675 -0.00014344673369997979 -0.0014022067362587003 -0.0018067293270407723 -0.00095256967251442382 -0.0013224368934653791 -0.0031934867471012265 0.00023466709989045516 -0.0008059135239845257 0.00056833942213412177 -0.0012009017611165449 -0.00093078444424302695 0.0013985032738689882 -0.0027215961953090148 0.00045621163790216706 -0.00015245395534774187 -0.0028865265385564494 -0.0022945652509176752 -0.00018083606128321968 -0.0012142956205841516 0.0014813725419746534 -0.00023307906108313364 0.00014082498576004215 -0.00018500728221005418 0.00043681316320833555 -0.0022039330345350809 0.00021950233760791721 0.0018227081241259211 -0.00080185411156952083 -0.00087432312802463721 -0.0029874797800296046 -0.0026050275492487843 7.5707447386132168e-05 -0.00054641151641266069 -0.00050524511154752196 -0.0024905787773142115 0.0045614586790785425 0.00071628841075803288 -0.0019527957809625587 0.0001726259241793903 -0.001099409042959247
leaf_weight=1505.7939082384109 32.595469832420349 279.42584550380707 1273.5986320376396 2252.0647909641266 219.45014846324921 630.09200143814087 23.935993492603302 27.136317372322083 248.45872032642365 361.72763824462891 464.50019872188568 22.424749195575714 2446.7939063310623 185.77170693874359 19.925966262817383 163.23563766479492 45.922755718231201 162.80591112375259 36.452636897563934 23.243821024894714 2375.5607252120972 47.437800168991089 40.208602905273438 34.652242600917816 27.130882382392883 36.205142140388489 28.232093811035156 21.979538857936859 31.222524642944336 37.434085071086884 109.85012876987457 16.362776100635529 96.654785096645355 191.66615283489227 27.899703323841095 579.58484750986099 37.882954239845276 20.316921591758728 19.781277596950531 105.45491719245911 28.659940719604492 105.62418758869171 2803.602839410305 155.77592074871063 230.06967079639435 326.92814546823502 26.003409743309021 257.15019708871841 36.951560616493225 22.371019005775452 38.738001763820648 25.704996824264526 31.484892606735229 78.570363461971283 18.224146008491516 27.677593529224396 22.369406878948212 252.09339606761932 148.79404944181442 50.189439594745636 118.53836625814438 70.896226167678833
leaf_count=1920 41 332 1159 1807 232 623 20 27 251 365 466 24 2338 228 20 210 39 151 27 24 2101 29 43 34 32 36 25 24 40 40 135 21 118 206 28 598 38 20 26 138 13 120 3010 152 256 314 29 291 37 22 42 23 29 83 18 28 27 324 122 35 104 74
internal_value=0.000441322 1.36276e-05 0.0022005 0.00112208 -0.000271304 -0.000631505 -0.00321935 -0.00270725 -0.00703659 -0.000371393 -0.000482593 -0.00068666 0.00104641 -0.00186972 -0.00457317 -0.00553459 -0.000653717 -0.00110439 -6.58102e-05 -0.0121347 0.000156633 -0.00417474 -0.00144998 -0.0116968 0.000578973 0.000523841 -0.000270627 -0.0021384 -0.0120617 -0.00197344 -0.00614142 -0.00373024 -0.00855852 0.00334306 -1.41325e-05 0.00223846 -0.0071242 0.000716437 0.000826136 -0.0053353 0.00171281 -0.00155971 -0.00180403 -0.00115814 -0.00473289 -0.000129303 -0.00310661 -0.00194266 -0.00405941 -0.00526063 -0.00363458 -0.00885892 -0.0147149 -0.00428113 -0.0209324 -0.0178933 -0.0185509 0.0022225 0.0011073 -0.00195875 -0.00535369 -0.00271587
internal_weight=19187.3 15437.1 3750.15 2476.56 13679.3 10747.3 979.725 955.789 303.273 9767.61 9548.16 652.517 2931.92 485.124 299.352 195.831 9083.66 6572.49 3281.46 59.6965 3221.77 285.105 237.667 74.8608 2936.66 2511.17 1957.78 3291.02 53.2021 3237.82 291.16 245.237 135.387 553.394 1921.57 645.7 66.115 2909.53 2889.22 125.236 2280.72 2946.66 2841.04 1275.87 283.973 991.899 256.073 664.971 407.821 370.869 317.013 161.238 53.8559 117.308 43.9291 54.8139 38.7322 1757.89 2763.98 388.418 239.624 189.435
internal_count=19189 15959 3230 2071 13715 10797 973 953 306 9824 9592 647 2918 580 352 251 9126 6534 2960 51 2909 257 228 77 2652 2592 2021 3574 64 3510 340 301 166 571 1985 661 63 2620 2600 164 1820 3170 3050 1324 313 1011 285 697 406 369 318 166 51 125 41 55 48 2244 2436 335 213 178
cat_boundaries=0 1 2 3
cat_threshold=193 2400 3328
is_linear=0
shrinkage=0.05


Tree=45
num_leaves=63
num_cat=3
split_feature=15 60 53 5 60 36 35 32 52 38 22 8 14 32 14 41 51 36 32 50 38 45 31 43 10 45 20 53 30 39 15 45 11 22 35 38 22 31 48 14 1 9 52 60 22 39 14 44 50 62 37 0 27 39 20 0 52 22 32 9 51 8
split_gain=5.70173 4.38039 3.24758 2.92 2.64066 3.75849 2.51433 2.30877 2.97897 2.63246 2.26261 2.43318 2.25276 2.69684 3.03859 3.82312 3.45451 3.3426 2.91083 2.54964 3.09865 3.9496 3.13071 2.71111 2.50939 4.5173 2.95495 2.40424 2.2322 2.33091 2.23127 2.21175 3.91347 2.07327 3.16502 3.36554 2.19683 2.36097 2.257 2.18149 2.14515 4.06146 3.06296 2.37187 2.72281 3.10066 2.29601 2.86687 2.29278 2.26077 2.01017 2.00258 2.20572 1.97249 1.97194 1.97002 1.9613 3.71276 2.33977 1.92954 2.14393 1.90376
threshold=-0.064525868743658052 0 0.3346258699893952 1.6847425699234011 1 0.20042379945516589 0.7851042151451112 0.23157355934381488 0.17933874577283862 0.35180209577083593 9.5000000000000018 -0.023713835515081879 0.0036165772471576933 0.20064800232648852 0.00060934593784622859 0.82046592235565197 0.26837891340255743 0.15622837096452716 0.15116610378026965 0.54515141248703014 0.24328529089689258 0.022558176890015606 0.20228557288646701 0.15297671407461169 0.063771110028028502 0.069561757147312178 0.011763839051127436 0.06897671148180963 0.15948156267404559 0.5164775848388673 0.033091403543949134 -0.25452628731727595 0.015479059889912607 16.500000000000004 0.21773022413253787 0.22637600451707843 7.5000000000000009 0.16973659396171573 0.58891138434410106 0.001538007927592844 0.32456031441688543 0.10437759384512903 0.11642127484083177 2 23.500000000000004 0.5690731704235078 -0.0029427454574033614 1.7892306447029116 1.4381769895553591 14.500000000000002 0.12058727443218233 0.0067423332948237666 0.31887894868850714 1.1620899438858034 0.041165379807353027 0.0065787876956164846 0.15880092978477481 16.500000000000004 0.23069089651107791 -0.056090118363499634 0.30751918256282812 -0.0069302425254136315
decision_type=2 1 2 2 1 2 2 2 2 2 2 2 2 2 2 2 2 2 2 2 2 2 2 2 2 2 2 2 2 2 2 2 2 2 2 2 2 2 2 2 2 2 2 1 2 2 2 2 2 2 2 2 2 2 2 2 2 2 2 2 2 2
left_child=6 30 3 7 5 -4 -1 8 12 55 11 -6 13 14 15 -3 -17 18 -18 -15 31 23 -23 -22 -19 26 -26 54 -13 -30 -2 32 -21 36 -35 -36 37 -9 -38 40 41 43 -42 44 45 49 -45 59 61 -37 -12 -46 -53 -7 -24 -10 58 -58 -33 -48 -61 -47
right_child=1 2 4 -5 10 53 -8 33 9 -11 50 28 -14 19 -16 16 17 24 -20 20 21 22 27 -25 25 -27 -28 -29 29 -31 -32 56 -34 34 35 39 38 -39 -40 -41 42 -43 -44 46 51 48 47 -49 -50 -51 -52 52 -54 -55 -56 -57 57 -59 -60 60 -62 -63
leaf_value=0.00064055539543674293 -0.00028333341438500291 0.00022990391723472158 -0.002036432754391609 0.0015649536509894308 0.00098959085870298376 -0.00019308160525043639 0.006145016279707702 -0.0020768046441629658 -0.0011904193963278061 0.0013653303941437616 -0.00063313656290037157 -0.0011428768432356962 0.0017219421846023661 0.0011038706119132762 0.00021317287643555862 -0.0018969114045202359 -0.00064585363652163396 1.5903139005532887e-05 -0.0012580090682141958 -0.00051302893093559327 0.00076658286489193902 -0.0021035761900114074 -0.00036159029525527635 -0.0016892000369136137 -0.001285471506722799 -0.0011865987054054507 0.00024326561346450852 -0.0015542358489482409 -0.0015971524904246368 -6.705722353963772e-05 0.00010779787485884831 3.7300248374696338e-05 -0.0017306220916645351 0.00053234737872876207 -0.00064088864381891338 -0.0054977608089970187 0.00024264323603962433 0.00020299388561098309 0.0015454065751145047 0.00066210514451894029 -0.002043775846649261 -0.0013677393730444167 0.0013199012199707539 0.00097398332341448875 0.00067930494702341806 0.0008847206440933703 -0.0021718648312754802 -0.0023639958358064972 -0.002642160820918219 -0.0026191647629373871 0.00010160418391781391 -0.002216339469676025 0.00020966469518651223 -0.0022543219013308516 -0.0015703099102868405 -0.0013767740503886237 -0.0004785161881367313 -0.0019191526478817727 -0.0014684567144128719 -0.0016341607014744909 0.00016847129045582062 -0.0019646623167878783
leaf_weight=1632.3018651008606 2537.006210744381 1138.0390819907188 24.166066288948059 195.57489907741547 40.26102614402771 84.239104330539703 410.96408802270889 25.580689370632172 72.281578898429871 46.13724422454834 35.409248828887939 41.671109557151794 200.15990024805069 87.072281956672668 905.9299800992012 34.908768534660339 48.5069739818573 567.85300779342651 46.569142580032349 66.284471094608307 98.822585105895996 21.682858288288116 60.809225618839264 23.147810637950897 51.214209258556366 36.139364898204803 57.029839694499969 19.274140000343323 55.116976737976074 187.03505551815033 746.40368032455444 994.32361763715744 25.003455400466919 618.76970082521439 143.88225388526917 25.236928224563599 1074.0069215297699 1677.3588955402374 1301.597728073597 1094.0431871414185 53.679695069789886 30.378886878490448 383.36508786678314 233.08906662464142 159.33421939611435 64.037395775318146 53.732470095157623 20.15861713886261 20.74177211523056 28.534738540649414 756.50143074989319 40.469533085823059 32.482765138149261 19.76177316904068 70.076330840587616 34.778104901313782 39.423860967159271 24.705102205276489 28.18418425321579 43.381962716579437 369.63282084465027 84.803340971469879
leaf_count=1665 3107 1024 27 172 44 94 427 21 60 49 23 32 162 99 677 37 34 492 36 52 97 23 58 23 49 29 44 16 61 191 909 811 20 551 139 16 1195 1666 1161 1162 62 25 377 238 160 65 54 20 21 36 783 41 30 22 63 29 33 18 20 49 379 78
internal_value=0.000471486 0.000172881 0.000563294 0.000805132 -0.0018718 -0.00840233 0.00296789 0.000708864 -0.000148423 -0.00700659 -0.0010321 -0.00456116 7.68287e-05 -0.000155789 0.000748077 -0.000346985 -0.00290264 -0.00222849 -0.0110347 -0.00183248 -0.00232696 -0.00692327 -0.011805 -4.06412e-07 -0.00104456 -0.00692997 -0.00176252 -0.0091795 -0.00620226 -0.00433105 -0.00146565 -0.00117575 -0.00865011 0.00125233 0.00035779 -0.0003375 0.00201867 0.000644293 0.0030017 5.26317e-05 -0.0010973 -0.00218676 0.00189741 -0.00171479 -0.00448785 -0.00852898 9.45601e-05 -0.00185055 -0.00516515 -0.0190156 0.000393194 -0.000771718 -0.00764309 -0.0048591 -0.0066884 -0.0113158 -0.000542498 -0.00901772 -5.23514e-06 -0.0010398 0.000108715 -0.00294889
internal_weight=19143.1 17099.8 13816.4 12572.2 1244.16 128.167 2043.27 12376.7 4798.36 153.197 1115.99 324.084 4645.16 4445 2886.19 1980.26 842.221 807.313 95.0761 1558.81 1471.74 293.813 171.843 121.97 712.236 144.383 108.244 150.16 283.823 242.152 3283.41 1177.92 91.2879 7578.3 3499.75 2880.98 4078.54 1702.94 2375.6 2737.1 1643.06 1206.01 437.045 1175.64 455.641 223.354 719.995 486.906 169.583 53.7717 791.911 232.287 72.9523 104.001 130.886 107.06 1086.64 64.129 1022.51 466.747 413.015 148.841
internal_count=19158 17066 13050 11773 1277 143 2092 11601 4055 138 1134 328 3917 3755 2422 1745 721 684 70 1333 1234 280 160 120 614 122 93 137 284 252 4016 954 72 7546 3503 2952 4043 1687 2356 2813 1651 1212 439 1187 447 216 740 502 164 52 806 231 71 116 121 89 882 51 831 482 428 143
cat_boundaries=0 1 2 3
cat_threshold=3840 4 42
is_linear=0
shrinkage=0.05


Tree=46
num_leaves=63
num_cat=3
split_feature=15 60 53 60 33 3 40 30 29 10 15 22 40 35 30 40 10 32 48 40 40 32 45 14 27 12 22 26 13 22 22 52 52 51 32 30 60 9 62 8 45 16 40 46 17 64 46 52 10 13 46 2 2 8 62 32 32 52 38 30 62 13
split_gain=5.13916 4.34625 3.4361 3.49802 2.74049 2.80168 2.67048 2.54669 2.29434 2.31225 2.16718 1.99435 2.25845 3.47091 2.2268 1.96427 1.88415 2.66627 1.9096 1.88346 1.88195 4.83731 2.58542 2.57472 2.46229 2.42068 2.4688 2.31495 2.02605 2.22753 2.37249 4.16784 3.71518 3.40318 3.30851 3.04405 3.01237 4.36281 7.62318 3.49398 2.90148 3.0343 2.55663 2.45068 2.2805 2.27093 2.23101 2.43056 4.19993 2.20833 2.59253 2.12691 2.1156 3.3441 1.98246 1.88091 2.94256 2.08362 2.89937 3.13682 2.52146 2.20407
threshold=-0.040344500914216035 0 0.38506714999675756 1 0.72047504782676708 -0.20787940919399259 1.0134624838829043 0.2088921666145325 0.40994697809219366 0.1723832115530968 0.033091403543949134 9.5000000000000018 1.2165940999984743 0.24490503966808322 0.31074775755405432 1.6360044479370119 0.0084865270182490366 0.10964043810963632 1.0000000180025095e-35 1.2484235167503359 1.1421751379966738 0.17192125320434573 -0.16723280400037763 0.0021495098480954771 -0.19880107045173642 0.088938154280185713 27.500000000000004 0.0041644205339252957 0.0059184096753597268 26.500000000000004 17.500000000000004 0.15880092978477481 0.092581417411565795 0.32811944186687475 0.26599735021591192 0.27717851102352148 2 0.065101746469736113 2.5000000000000004 0.070211570709943785 -0.090802289545536027 -0.029732028022408482 0.97371742129325878 0.15770599991083148 49.876976013183601 3.5065078735351567 0.40701338648796087 0.097742259502410903 0.0070487421471625575 0.0033604360651224856 0.20622612535953525 -0.4137157648801803 -0.86367651820182789 0.016811110079288486 2.5000000000000004 0.13336554169654849 0.1785961911082268 0.13560143113136294 0.16807813942432406 0.11836919188499452 21.500000000000004 0.0016048565157689156
decision_type=2 1 2 1 2 2 2 2 2 2 2 2 2 2 2 2 2 2 2 2 2 2 2 2 2 2 2 2 2 2 2 2 2 2 2 2 1 2 2 2 2 2 2 2 2 2 2 2 2 2 2 2 2 2 2 2 2 2 2 2 2 2
left_child=4 10 15 6 5 8 -4 -8 -1 -10 16 12 14 -14 -5 19 18 -18 -2 20 28 22 -22 24 -24 -23 27 -27 29 30 31 36 -32 34 35 43 37 44 42 49 41 51 -39 -34 45 46 47 48 -3 -40 -51 -35 53 -38 -42 -19 57 58 59 -57 -60 -62
right_child=1 2 3 11 -6 -7 7 -9 9 -11 -12 -13 13 -15 -16 -17 17 55 -20 -21 21 25 23 -25 -26 26 -28 -29 -30 -31 32 -33 33 40 -36 -37 52 38 39 -41 54 -43 -44 -45 -46 -47 -48 -49 -50 50 -52 -53 -54 -55 -56 56 -58 -59 60 -61 61 -63
leaf_value=8.668465174856805e-05 0.00024158289121013339 -0.00034507841274148776 -0.0019469277832667277 4.0203642601486035e-05 0.0055016812915829284 0.00070216293583639448 -0.0013929705003156837 9.6523974721923072e-05 -0.00050516158599982978 -0.0029312692284195543 0.00010240798111590607 7.1741880241080536e-05 -0.001400714115772906 0.00099640934831620592 -0.0015619017506990228 -0.0016112140511881632 -0.00057966319628367867 0.00032301595280966185 -0.00031301124483474333 0.00048898810781764933 0.0007531986008095543 0.00013200682194482657 -0.0013306410327409215 0.0001889199294564588 -0.0011208166607576003 3.1006906413795503e-05 -0.0032252612848017921 -0.002320575968154495 0.0007260620604864356 0.00036091958039261436 0.0012445001886724255 0.00071326931821002473 2.0754038670977443e-05 -0.00028949314353869801 -0.00010476341912439003 -0.002144495714526619 5.4848279712177818e-06 -0.0015327889355793017 -7.3010839457328393e-06 0.0023137971761759179 0.00018527730012286519 -0.00043200451743500017 -0.0024406553729031111 -0.0017693230046971653 0.0001043162329843381 -0.0013224856223147128 -0.00078671778087688327 8.4426648429122524e-05 -0.0012628225783067324 -0.0017035675295031605 0.00034028742656096807 -0.0022912595061072827 0.0003801749267731844 -0.0014763557984144053 -0.00012630171746922105 -0.0008789071644982997 -0.0003070291661741491 0.00031014983503129743 -0.0011218862151042301 5.0083638713192133e-05 0.0019567834367266702 -0.0017974201635346681
leaf_weight=836.01546049118042 307.16014701128006 100.10050529241562 35.129973590373993 111.73016756772995 526.68920522928238 1922.0600864291191 28.183295726776123 44.608730375766754 242.96427762508392 18.85537850856781 746.40368032455444 532.73086965084076 32.045877158641815 17.207812964916229 62.598476052284241 80.331572353839874 73.515231907367706 82.469347476959229 1210.7906323671341 1098.1941446065903 36.913336098194122 1081.2939974665642 43.806107699871063 21.70170134305954 119.77883684635162 123.29701000452042 25.190568029880524 38.795405507087708 1114.6023207306862 1133.3840637803078 266.26448392868042 1619.7950635552406 53.8372802734375 43.851298749446869 92.312260746955872 69.211106359958649 69.132781207561493 36.689365267753601 127.45606350898743 76.239087760448456 325.20496022701263 374.05103290081024 36.689365267753601 21.889956474304199 827.67278844118118 32.105283856391907 50.508697807788849 411.12539029121399 24.871132016181946 129.53932857513428 35.979497313499451 40.155047655105591 845.26834905147552 51.237743437290192 986.62425315380096 24.944949746131897 463.49553745985031 28.998022198677063 41.819595456123352 57.21552836894989 15.187640905380251 15.147220373153685
leaf_count=865 358 83 40 110 542 1922 33 53 262 23 909 548 28 21 69 86 84 96 1502 1143 34 1096 30 18 123 124 23 41 1105 1014 243 1406 54 41 109 66 64 21 118 75 161 337 21 23 731 34 40 346 22 124 35 33 836 38 997 28 581 36 48 65 20 20
internal_value=0.000492847 0.000101843 0.000515231 -0.00252492 0.00221087 0.00162797 -0.0105433 -0.00594737 -0.000383126 -0.00446984 -0.00158171 -0.00121741 -0.00519734 -0.0146612 -0.00248794 0.000741358 -0.00234111 -0.00430271 -0.00130017 0.000795801 0.000588867 -0.00105497 -0.00785897 -0.0102732 -0.0124291 0.00013338 -0.00510864 -0.00280378 0.000861848 0.000578844 0.000233511 0.000902398 -0.00108075 -0.00181875 -0.00744429 -0.0121539 -0.000245514 -0.00140559 -0.00575649 -0.00281292 -0.00106145 -0.00448728 -0.0204754 -0.00512648 -8.01745e-05 -0.00237956 -0.00165998 -0.000702587 -0.00681178 -0.00530354 -0.00911218 -0.0130831 0.00201227 -0.00414916 0.000131201 -0.00337756 -0.00428785 -0.00965654 -0.0119718 -0.00545366 -0.0193069 -0.00805896
internal_weight=19143.1 15596.5 12529.3 864.235 3546.58 3019.9 107.922 72.792 1097.84 261.82 3067.15 756.313 223.582 49.2537 174.329 11665.1 2320.74 802.793 1517.95 11584.8 10486.6 1490.78 222.2 185.287 163.585 1268.58 187.283 162.092 8995.8 7881.2 6747.81 4474.41 2273.4 2007.14 237.251 144.938 2854.62 1888.98 442.593 369.214 1769.89 458.057 73.3787 75.7272 1446.38 618.711 586.606 536.097 124.972 292.975 165.519 84.0063 965.639 120.371 1311.83 729.278 646.808 183.313 154.315 82.1605 72.1545 30.3349
internal_count=19158 15544 11797 902 3614 3072 126 86 1150 285 3747 776 228 49 179 10895 2838 978 1860 10809 9666 1489 205 171 153 1284 188 165 8177 7072 6058 3994 2064 1821 252 143 2588 1650 394 352 1569 411 42 77 1256 525 491 451 105 277 159 74 938 102 1158 894 798 217 181 93 88 40
cat_boundaries=0 1 2 3
cat_threshold=3840 36 28
is_linear=0
shrinkage=0.05


Tree=47
num_leaves=63
num_cat=2
split_feature=15 60 5 60 53 6 44 22 44 17 10 14 11 5 9 40 39 6 28 15 44 38 32 3 40 43 12 10 44 28 51 6 37 31 31 32 9 28 2 43 10 42 39 50 44 17 34 51 53 39 40 40 49 10 14 62 2 46 34 49 46 1
split_gain=4.95735 3.63574 2.35663 2.26429 1.99582 3.42707 2.39885 2.56135 2.37495 2.23643 3.51419 2.20697 1.93761 2.3074 2.1158 2.35251 1.9224 2.24663 2.94405 1.84155 1.78709 1.72707 2.79849 2.33766 2.46314 2.44768 3.29793 4.03114 2.77343 3.11552 2.98341 3.11248 3.03159 2.69313 2.95173 2.52567 3.31242 4.16761 2.69238 2.52298 2.21822 2.08938 1.87798 3.29973 2.48454 3.88332 4.26816 5.2621 2.33653 2.29607 2.28751 2.02473 2.58046 4.58441 2.40044 1.96346 2.67594 1.81807 1.80993 1.68112 2.36559 1.66836
threshold=-0.080907937139272676 0 1.6847425699234011 1 0.3346258699893952 0.084349762648344054 1.4552992582321169 6.5000000000000009 1.0403474569320681 48.77284240722657 0.25578427314758306 0.00036653151619248098 -0.018643234856426712 -0.086830440908670412 0.023646188899874691 1.2789614200592043 0.65583926439285289 0.064514558762311949 0.11598939821124078 -0.016347505152225491 0.94569662213325512 0.44923803210258489 1.168018698692322 -0.28331251442432398 1.5712009072303774 0.06245172210037709 0.021553768776357177 -0.0018730625743046401 1.5021473765373232 0.15618848800659182 0.37778936326503759 0.062852717936038985 0.40855823457241064 0.2010246813297272 0.19720003008842471 0.37147670984268194 0.063054729253053679 0.2861452996730805 -0.66758671402931202 0.23785517364740374 0.50419071316719066 0.13090343773365024 1.2192882895469668 0.62910619378089916 0.67204082012176525 62.718574523925788 0.30764006078243261 0.68107590079307567 0.11579303443431856 1.5843589901924136 1.0406407713890078 0.93128779530525219 0.11610564216971399 0.085002642124891295 -0.0013797504361718891 12.500000000000002 0.23446156084537509 -0.32322829961776728 0.26182989776134497 0.079720068722963347 0.1539963707327843 -0.28217756748199457
decision_type=2 1 2 1 2 2 2 2 2 2 2 2 2 2 2 2 2 2 2 2 2 2 2 2 2 2 2 2 2 2 2 2 2 2 2 2 2 2 2 2 2 2 2 2 2 2 2 2 2 2 2 2 2 2 2 2 2 2 2 2 2 2
left_child=3 -2 4 61 21 6 7 8 11 10 12 -6 -9 14 15 19 17 18 -11 20 -14 22 23 24 25 26 27 -3 29 -27 31 -30 41 34 -31 -35 -37 38 -38 -33 -23 -32 -25 48 59 51 47 58 49 55 -51 52 53 -46 -54 56 -44 -53 -47 60 -45 -1
right_child=1 2 -4 -5 5 -7 -8 9 -10 16 -12 -13 13 -15 -16 -17 -18 -19 -20 -21 -22 40 -24 42 -26 28 -28 -29 30 33 32 39 -34 35 -36 36 37 -39 -40 -41 -42 -43 43 44 45 46 -48 -49 -50 50 -52 57 54 -55 -56 -57 -58 -59 -60 -61 -62 -63
leaf_value=-0.00037048842288045351 -0.00015793347201935524 -0.0022981847177963241 0.0015080980516599465 0.0034767995418540534 0.0007578028300407485 0.00046901472413605344 0.00059783804095406734 4.7600878157696711e-05 -0.0015440911451132938 -0.00032297582014798531 -0.0033567710315212228 -0.0016950717033696176 -0.00078854083327569444 0.00044723958644401346 -0.00024204863775018103 -0.00040492602201261179 0.00012270655359164739 0.000492749732665209 -0.0019983512069328712 -0.0014796528643125839 3.620471306256812e-05 0.0011137743758208834 -0.0013265362583728939 0.00020622657999039564 -0.0019622870584582119 0.00021606439562160963 -3.1235966462010615e-05 -0.0010010318603104358 -0.0010647758277197202 -0.00037484023202583733 -0.00069307109907131015 0.0004431331623161698 -0.0022924707969085023 0.00011267891925910365 -0.0017506583914257677 -2.3207353842938372e-05 -0.0016706364172515212 -0.00030067666775863039 -0.0014320212758760873 -0.0015679543941799171 -0.003972502083244134 0.002826165062198916 -0.00078459759482317308 0.00041357120519557478 5.7063006199176147e-05 -0.00036999386710258802 0.00011220194173430597 -0.0010954722718882982 0.0010003648692831304 -0.0021274841942168373 -0.0007316416287490011 -0.0021904743153351247 -0.0013863546889552323 -0.0015776296444551506 0.00040520517544089088 3.9073557981543498e-06 -0.0013223497748429875 0.00062191738978072803 -0.0042666984979952858 0.00093944773222653661 -0.0013637283742572379 0.0018913543943234398
leaf_weight=335.79946172237396 3362.5798714756966 30.720814168453217 218.35792303085327 638.79046308994293 35.153038620948792 366.13885498046875 97.681004881858826 95.904564619064331 31.711042761802673 35.496659934520721 18.875120162963867 62.421384692192078 22.057857871055603 45.425156831741333 22.488498985767365 23.398782134056091 288.88963252305984 30.920550286769867 20.535218477249146 45.263441681861877 21.770288348197937 1573.1696882843971 36.65356707572937 5722.1434870362282 29.482137620449066 1010.8676990866661 87.803510785102844 47.842960059642792 24.569765210151672 216.23799985647202 211.40525805950165 18.796710014343262 40.998352646827698 1362.0587535500526 40.236998975276947 208.04486262798309 34.682442426681519 49.79086434841156 23.126047790050507 17.090539455413818 20.282207131385803 67.539092540740967 109.0812640786171 25.181348264217377 35.326276957988739 60.36256617307663 58.783322393894196 37.32383120059967 61.997920215129852 26.118717849254608 16.968017816543579 23.711759328842163 37.896525323390961 31.907071232795715 127.49248957633972 130.69548296928406 51.040861070156097 557.1982416510582 29.096295773983002 452.85719674825668 24.214498460292816 552.61206960678101
leaf_count=313 4114 26 198 724 39 381 80 93 32 37 18 67 23 47 26 22 307 36 21 43 20 1629 26 5219 32 914 67 35 22 190 188 21 38 1339 34 219 31 49 27 24 26 61 90 19 33 53 56 25 68 27 20 20 36 24 103 158 45 531 27 420 26 519
internal_value=0.000481774 0.000244547 0.000593622 0.00321465 0.000513432 -0.00138029 -0.00304517 -0.00395131 -0.0104066 -0.00269877 -0.0059555 -0.00645837 -0.00450252 -0.00755785 -0.0108423 -0.0136474 -0.000126759 -0.00665276 -0.0126371 -0.0173504 -0.00981887 0.000701285 0.000481163 0.000527032 -0.000537431 -0.000414231 -0.00633145 -0.0137681 -0.000116515 0.000400937 -0.00413481 -0.0143267 -0.00218943 -0.000772742 -0.00554367 -4.01304e-05 -0.00407219 -0.0111916 -0.0203143 -0.00474531 0.00224208 -0.000303106 0.00101963 -0.000341457 0.000726525 -0.000711474 -0.00723889 -0.0124086 -0.00440327 -0.00606462 -0.0168659 0.000771986 -0.00315978 -0.0114126 0.000169767 -0.00444191 -0.00815216 0.00235532 -0.00574519 0.00359656 -0.00510713 0.00151063
internal_weight=19143.1 17615.9 14253.3 1527.2 14034.9 1264.13 897.992 800.311 129.285 671.026 295.184 97.5744 276.309 180.404 134.979 112.49 375.842 86.9524 56.0319 89.0916 43.8281 12770.8 11177.3 11140.7 3521.29 3491.81 166.367 78.5638 3325.45 2945.05 380.4 60.457 319.943 1934.18 256.475 1677.7 315.644 107.599 57.8085 35.8872 1593.45 278.944 7619.4 1897.25 1501.35 999.098 185.566 126.783 395.902 333.904 43.0867 813.532 232.622 67.2333 165.389 290.818 160.122 580.91 89.4589 502.253 49.3958 888.412
internal_count=19158 17602 13488 1556 13290 1292 911 831 138 693 292 106 274 181 134 108 401 94 58 86 43 11998 10343 10317 3317 3285 128 61 3157 2803 354 67 287 1889 224 1665 326 107 58 45 1655 249 7000 1781 1373 908 161 105 408 340 47 747 196 57 139 293 135 551 80 465 45 832
cat_boundaries=0 1 2
cat_threshold=3840 1308
is_linear=0
shrinkage=0.05


Tree=48
num_leaves=63
num_cat=2
split_feature=15 60 44 48 39 41 62 43 11 32 51 47 52 38 27 37 40 6 40 20 40 45 52 41 32 38 51 6 36 38 62 29 43 43 11 13 3 52 5 52 45 52 16 37 14 14 6 62 22 6 41 37 38 29 60 52 47 29 37 41 20 13
split_gain=4.64309 3.37314 1.96036 2.18194 2.4103 3.33423 3.09166 2.63763 2.39598 2.20097 3.02193 4.31187 2.87517 3.92708 2.78467 2.40516 2.37946 3.85132 2.74372 2.24538 2.18444 2.16938 2.8127 2.78372 2.6015 2.4135 2.13318 2.82832 2.01561 2.47859 2.43571 2.51175 1.98223 2.85762 1.96749 2.60861 1.92104 1.91766 1.9132 1.89376 2.20064 1.93858 1.87243 2.7665 1.80087 2.35292 1.79073 1.7386 1.99057 2.78923 3.43789 1.89888 2.62876 1.74 2.29079 1.78304 2.28238 2.77948 2.11926 1.75504 2.64156 3.01557
threshold=-0.15147893130779264 0 0.54907202720642101 0.63209277391433727 1.5843589901924136 1.0668030977249148 2.5000000000000004 0.59154599905014049 -0.018643234856426712 0.24950886517763141 0.86598873138427745 1.1873658299446108 0.12580803036689761 0.28957571089267736 0.028980605304241184 0.16565568745136264 0.85301753878593456 0.07009530067443849 0.80560868978500377 0.065486259758472457 0.71042975783348095 0.031791912391781814 0.12966572493314746 0.72359877824783336 0.22209309786558154 0.17542250454425815 0.60219168663024913 0.04326316341757775 0.30676744878292089 0.21332760155200961 3.5000000000000004 0.36964978277683264 0.11266554519534112 0.10555147752165796 0.062950413674116149 0.0061215911991894254 0.050635477527976043 0.37356825172901159 0.053405277431011207 1.0274471044540407 0.00099754612892866156 1.0249550938606264 -0.0095456298440694792 0.25850069522857672 0.0022852615220472221 0.0026361119234934454 0.055277517065405853 3.5000000000000004 14.500000000000002 0.079788625240325942 0.81446996331214916 0.20072569698095324 0.27039287984371191 0.75412282347679149 1 0.14670030772686007 1.0118280053138735 0.52341833710670482 0.64417764544487011 1.1899068951606753 0.090401861816644682 -0.0015506458585150538
decision_type=2 1 2 2 2 2 2 2 2 2 2 2 2 2 2 2 2 2 2 2 2 2 2 2 2 2 2 2 2 2 2 2 2 2 2 2 2 2 2 2 2 2 2 2 2 2 2 2 2 2 2 2 2 2 1 2 2 2 2 2 2 2
left_child=-1 -2 -3 4 7 26 -7 8 28 12 15 39 16 19 36 -11 17 18 -5 21 46 23 -23 -14 38 -25 -6 -28 29 -4 -31 32 33 -32 47 37 -15 -36 -24 40 -12 -42 -34 -44 -27 -46 -10 -17 51 -50 -51 52 -49 54 59 -56 58 -58 -57 -52 61 -61
right_child=1 2 3 9 5 6 -8 -9 20 10 11 -13 13 14 -16 34 -18 -19 -20 -21 -22 22 24 25 -26 44 27 -29 -30 30 31 -33 42 -35 35 -37 -38 -39 -40 -41 41 -43 43 -45 45 -47 -48 48 49 50 53 -53 -54 -55 55 56 57 -59 -60 60 -62 -63
leaf_value=0.0033029595647613517 -0.00014631349470505887 0.00036358680675336821 0.00024376446227610503 -0.00077572665148627673 0.00025628402265161221 -0.0019507701280508463 -0.0016254676204554828 -0.00054322273573854149 -0.00075619360383471666 -0.00039064104424144791 0.00027304589847791801 -0.0024227576389037695 -0.0011884441274148715 -0.00016581689212390313 -0.0032596323404242575 0.0015825301269891186 0.00021050390535205105 0.0010944202559504805 -0.0011395341050737778 0.0034621454264570418 -3.7446527024406762e-05 -0.0019431941833680591 0.00069844520947243474 -0.0013638716196363128 -0.0020084481863344794 0.00021867480691023226 -0.0031460536672654493 5.4447834131718391e-05 0.0016625358136291763 -0.003143618160959938 0.0007563895666229545 -0.0023226229079286709 0.0001876808886073559 -0.0023097822931067327 0.00089247534561520962 -0.0015869162570902628 -0.0009877030823406852 -0.0021975831071560348 -0.00090670851762906027 0.0049129921478706625 -0.00040405104225524346 -0.008906235014781624 -0.0017432356843928715 0.001804754266743272 -0.0032543585028032861 0.00061463407139552249 -0.0006057426038144683 0.00013053881546715789 0.00069694039119679865 0.0021393517775263756 0.00048254933687645054 0.0016548211507452196 -0.0012008684837414797 0.0077203122461378358 6.4128464816334829e-05 6.553615781569739e-05 -0.0026792136582502804 -0.00044462633304674513 -0.0050173572423213323 -0.0021248574182972865 0.00073533372417739808 -0.00030886851912742682
leaf_weight=599.15830326080322 3487.3347322940826 2889.7594917416573 412.19024419784546 42.632117509841919 157.111996114254 25.832071423530579 63.493269979953766 32.09931868314743 26.218525469303131 44.721421837806702 100.57377356290817 65.676398515701294 47.860976994037628 49.191547155380249 20.505882859230042 928.56515872478485 808.30103266239166 48.511814057826996 48.118837416172028 62.935492873191833 5000.3818209767342 35.454776525497437 79.389468133449554 41.89235258102417 54.280965209007263 297.56326735019684 24.51067328453064 25.102304577827454 582.14520251750946 29.483208298683167 21.500942647457123 24.734667301177979 452.87165689468384 40.356557190418243 64.876189827919006 36.551103293895721 28.678353786468506 27.091454148292542 68.097632050514221 60.295553624629974 25.591670393943787 30.734216928482056 31.081056833267212 25.821779489517212 30.330098390579224 41.669632077217102 28.848737597465515 30.633925318717957 518.97828459739685 150.69840955734253 136.40339612960815 820.78123843669891 18.4254429936409 34.307110786437988 36.665083169937134 54.650059640407562 57.053209245204926 22.048913300037384 22.234392642974854 20.234424531459808 27.921185851097107 21.90550708770752
leaf_count=603 4267 2753 362 32 168 14 65 35 21 33 84 37 42 43 20 510 664 35 31 43 5038 32 61 30 39 229 21 27 659 18 25 29 500 42 58 32 21 23 53 51 21 24 33 30 24 29 24 31 539 169 139 885 20 38 47 60 68 27 25 21 31 23
internal_value=0.000479569 0.000339295 0.000663901 0.000385768 -0.000188514 -0.00460289 -0.0126746 5.63821e-06 7.52415e-05 0.00116575 0.0019229 -0.00301401 -0.000239618 -0.00233896 -0.0117387 0.0023788 0.00165573 -0.00436481 -0.0104622 -0.00111343 -0.000460231 -0.00193675 -0.00581867 5.8083e-05 -0.00350125 0.00139739 -0.0010865 -0.0101288 0.00174908 0.000422906 -0.00155433 -0.000850642 -0.000165481 -0.00861772 0.00255009 -0.00348443 -0.00731546 0.000958794 -2.06112e-05 0.000359971 -0.00251048 -0.0104275 0.000851821 -0.00767134 0.00269807 -0.00435836 -0.0103584 0.00281922 0.00197494 0.000559204 -0.00180506 0.00376431 -0.00573909 -0.00407292 -0.00500916 -0.00874871 -0.0115351 -0.0175214 -0.00529639 -0.00102011 -0.00751228 -0.0154273
internal_weight=19143.1 18543.9 15056.6 12166.8 7003.78 296.05 89.3253 6707.73 6675.63 5163.03 3357.62 282.872 1805.41 857.85 98.3758 3074.75 947.564 139.263 90.751 759.475 5055.45 696.539 237.223 459.316 201.768 411.455 206.725 49.613 1620.19 1038.04 625.85 596.367 571.632 61.8575 3030.02 128.519 77.8699 91.9676 147.487 217.195 156.9 56.3259 509.774 56.9028 369.563 71.9997 55.0673 2901.51 1972.94 1103.1 584.122 869.841 49.0594 433.423 399.116 192.652 155.987 79.1021 76.8845 206.465 70.0611 42.1399
internal_count=19158 18555 14288 11535 7111 295 79 6816 6781 4424 2996 217 1428 666 84 2779 762 98 63 582 5083 539 185 354 153 312 216 48 1698 1039 677 659 630 67 2746 113 64 81 114 180 129 45 563 63 282 53 45 2633 2123 1187 648 936 51 479 441 227 180 95 85 214 75 44
cat_boundaries=0 1 2
cat_threshold=3840 21
is_linear=0
shrinkage=0.05


Tree=49
num_leaves=63
num_cat=3
split_feature=15 60 29 49 35 44 1 13 49 64 45 53 60 49 31 39 1 0 49 15 15 8 49 31 32 32 60 2 37 28 15 53 37 44 22 26 35 36 3 48 5 5 62 51 28 38 32 49 28 15 49 3 29 10 38 46 43 3 28 12 45 52
split_gain=4.61203 3.21296 2.62204 2.26362 5.13766 3.20013 3.30845 2.85545 2.33269 2.17367 2.04707 2.22616 3.39265 2.50207 5.15611 2.84624 2.4824 1.99961 2.27847 2.4677 1.91753 3.61621 1.87675 1.85063 2.69221 1.73248 2.52796 3.73289 1.85317 1.71736 2.04954 3.20684 2.9586 2.46789 3.21735 2.86535 2.01738 4.04425 3.01652 1.89548 1.9444 1.87593 2.56805 2.13468 1.92597 2.20678 2.63543 2.52735 2.58501 2.46122 2.25592 1.88864 1.84956 1.83789 5.41234 2.22558 2.0174 1.79897 2.63145 2.07458 1.78657 1.78251
threshold=-0.062882468104362474 0 0.7220122516155244 0.16168561577796939 0.12757787108421328 0.26846164464950567 0.14472511410713199 0.0058291836176067599 0.05522150173783303 8.0595977306365985 -0.4569097608327865 0.38506714999675756 1 0.1592083349823952 0.3015145361423493 0.88934284448623668 -1.0090503096580503 0.016973944380879406 0.47654740512371069 0.06723338365554811 -0.013032932765781878 -0.016183269210159775 0.062274254858493812 0.26375569403171545 0.29280337691307073 0.2981164157390595 2 -0.7499711513519286 0.32022726535797125 0.12523175030946734 -0.0021193185821175571 0.17503947764635089 0.12058727443218233 1.1950310468673708 7.5000000000000009 0.00026501767570152884 0.14133597910404208 0.15926168113946917 0.25972196459770208 0.48033365607261663 1.1171891093254092 0.79636329412460338 15.500000000000002 0.62435835599899303 0.28039707243442541 0.29896861314773565 0.26935957372188574 0.14576178789138797 0.13896074146032336 0.033091403543949134 0.141009695827961 -0.28331251442432398 0.25410276651382452 0.12915173918008807 0.26160854101181036 -0.04893709905445575 0.16944271326065066 -0.19280649721622464 0.17776546627283099 0.047706115990877158 0.059095993638038642 0.11295875161886217
decision_type=2 1 2 2 2 2 2 2 2 2 2 2 1 2 2 2 2 2 2 2 2 2 2 2 2 2 1 2 2 2 2 2 2 2 2 2 2 2 2 2 2 2 2 2 2 2 2 2 2 2 2 2 2 2 2 2 2 2 2 2 2 2
left_child=2 17 25 7 -5 6 -6 8 -3 -7 -10 13 -13 22 16 -16 -15 18 -2 -20 21 -11 -12 -14 -25 -1 27 -27 -28 39 -31 32 -32 36 35 -35 -34 38 -38 40 -24 42 44 -44 45 47 51 48 49 -39 57 -47 -41 55 -55 -46 -56 58 -50 61 -57 -60
right_child=1 3 -4 4 5 9 -8 -9 10 20 11 12 23 14 15 -17 -18 -19 19 -21 -22 -23 29 24 -26 26 28 -29 -30 30 31 -33 33 34 -36 -37 37 41 -40 52 -42 -43 43 -45 53 46 -48 -49 50 -51 -52 -53 -54 54 56 60 -58 -59 59 -61 -62 -63
leaf_value=0.0011076464994458676 -0.00018215130425761625 0.00067994547840060477 0.0052080204201337167 -0.001896813558147541 -0.0023117305323879195 0.0004410466659867993 6.1058079392617884e-05 0.0005769082607063789 -0.0010551622212002256 -6.9509395942636562e-05 -0.00077565966252624756 -0.0013466583182174753 5.9959646653834824e-07 -0.0013147729521310767 -0.0019801487659319161 -0.0012677054871362921 8.3106832985985202e-05 0.00062764970793866698 -0.0036641480505616251 -7.2838591177032508e-05 -9.6806105050424588e-06 -0.0019061151534759237 -2.3658646023167643e-06 -0.0018965613202350075 -0.00030798476513273638 -0.0017098011225689616 -0.0015398554990570413 -0.00020188186118063058 0.001681598546670781 0.00010187735190592823 -0.0013121889163326427 0.00070059921158546344 0.00095414804544254397 -0.0021348099873559458 -0.00024039255507059544 -0.00038763898621247479 -0.00097092250092138243 -0.0016742938724213932 -0.00227301432592325 0.00025240517210003386 -0.0026309074610911826 0.00015245057519518301 0.00039013676564312596 -0.0013345796642562054 -0.0020289883942861747 -0.002162545281894366 0.00077234257431552241 0.00058831601412116406 5.8732728516782551e-05 0.00019813656487065734 -0.0014666080048115753 -0.0017943075010373754 -0.0014908617807173014 -0.0014031621536523071 -3.4179610273442003e-05 -0.0018691934716469809 -0.0035173930035855092 0.00022298977371993379 -0.00036662341569214802 -0.0021699672861324941 0.00031694537706441209 0.00081643962243050381
leaf_weight=585.27081823348999 2930.3785182237625 454.29295146465302 430.72499972581863 19.215439796447754 41.628846824169159 4305.3848368525505 21.75252103805542 897.40375238656998 48.036950886249542 29.065380096435547 42.473967969417572 103.37276875972748 400.92108678817749 31.043767988681793 35.050582945346832 31.606294095516205 183.92992770671844 299.36661410331726 25.400238394737244 21.061699748039246 131.64907455444336 19.661874771118164 620.2704204916954 23.99289733171463 136.46835047006607 46.041087687015533 122.67707192897797 268.12750101089478 669.7775154709816 2038.6371246576309 37.198014974594116 473.87143969535828 62.321516692638397 29.408686339855194 192.11644321680069 51.680720448493958 39.599645435810089 39.076911151409149 27.856845498085022 904.21551084518433 21.019850969314575 743.46817725896835 397.63172477483749 45.334794640541077 34.298367917537689 31.276749968528748 35.245546936988831 152.33013367652893 65.519423604011536 23.883271217346191 40.737163424491882 26.287035465240479 53.800742387771606 44.377417922019958 54.077061355113983 25.488713145256042 24.02654105424881 259.24648076295853 29.851471066474915 27.908133804798126 107.76223528385162 27.466679215431213
leaf_count=599 3574 429 436 13 31 4039 16 942 38 34 38 120 381 29 30 33 172 375 32 26 154 23 582 27 155 51 121 283 681 1928 21 484 42 27 181 49 29 31 19 693 22 703 508 58 30 30 37 118 52 20 31 23 44 38 52 25 26 205 25 24 95 24
internal_value=0.000544336 0.000269934 0.00274219 0.000605477 0.00151543 0.00162568 -0.00950965 0.000152546 -0.000137294 0.00178434 -0.000340133 -0.000275838 -0.00304267 -1.64592e-05 -0.0046348 -0.0167772 -0.000840514 -0.00113456 -0.00153084 -0.0125178 -0.00358167 -0.0120481 0.000173314 -0.00135876 -0.00592104 0.00185109 0.000681939 -0.00305225 0.00217987 0.000239674 -0.000201062 -0.00100143 -0.00167408 -0.00147424 -0.00597618 -0.0143341 -0.000951842 -0.0011941 -0.0132519 0.00167243 -0.000424599 -0.00082741 -0.00185125 0.00133275 -0.00320072 -0.00186649 -0.0090909 -0.000851058 -0.00253471 -0.0120254 -0.00119554 -0.0156828 0.00308128 -0.00667247 -0.0113419 -0.00322446 -0.00333506 -6.69959e-05 -0.00442054 -0.0102214 -0.000258996 -0.00465038
internal_weight=19143.1 17020.4 2122.62 13744.2 4568.36 4549.14 63.3814 9175.88 8278.48 4485.76 7824.19 7776.15 664.755 7111.4 281.631 66.6569 214.974 3276.21 2976.84 46.4619 180.376 48.7273 6829.76 561.382 160.461 1691.89 1106.62 314.169 792.455 6787.29 5187.98 3149.35 2675.48 2638.28 273.206 81.0894 2365.07 2302.75 67.4565 1599.31 641.29 2235.29 1491.83 442.967 1048.86 758.829 92.8093 666.02 513.69 62.9602 450.729 57.5638 958.016 290.03 122.481 167.549 78.1036 409.992 150.746 85.2263 133.251 57.3182
internal_count=19158 16987 2171 12980 4310 4297 47 8670 7728 4250 7299 7261 683 6578 264 63 201 4007 3632 58 211 57 6314 563 182 1735 1136 334 802 6276 4935 3007 2523 2502 257 76 2245 2203 48 1341 604 2155 1452 566 886 620 90 530 412 51 361 53 737 266 116 150 78 330 125 73 120 49
cat_boundaries=0 1 2 3
cat_threshold=3840 36 268
is_linear=0
shrinkage=0.05


Tree=50
num_leaves=63
num_cat=3
split_feature=60 15 12 14 20 42 8 12 53 11 64 29 37 11 47 52 52 40 35 37 62 47 41 20 52 16 30 30 41 20 51 14 14 41 42 11 16 38 44 51 41 15 35 52 37 3 27 46 51 51 37 13 62 21 41 3 14 48 31 0 21 40
split_gain=4.5248 3.39306 2.21522 2.13961 2.20564 1.95325 1.88791 2.52175 1.86884 2.10397 2.7064 3.13741 2.02042 3.75645 1.99982 1.84326 2.38515 3.90634 2.72551 3.98606 3.75367 2.63159 3.12241 2.92612 2.32946 2.31589 2.19349 2.46268 2.00827 1.91594 1.8951 1.97244 2.17138 3.24322 2.40412 2.00006 3.87413 3.8066 2.07818 2.63869 2.42957 1.96903 2.36858 2.17167 2.77635 2.36967 1.99066 1.8973 1.83614 1.77876 3.10985 3.15843 2.05647 1.90632 2.28925 1.90317 2.44079 1.8246 1.77711 2.70335 2.84895 2.29771
threshold=0 -0.1071186028420925 -0.051287660375237458 0.0033104441827163105 0.095202334225177779 1.0262266397476199 0.056071663275361068 0.13649226725101474 -0.4081719815731048 0.041039569303393371 1.5455212593078616 0.23166276514530185 0.23654646426439288 0.017568000592291359 1.3416859507560732 1.0346937179565432 0.35591617226600653 1.343168377876282 0.37488067150115972 0.32564139366149908 4.5000000000000009 1.1873658299446108 0.68267092108726513 0.095202334225177779 0.28706425428390508 0.031143493019044403 0.21412383019924167 0.4276640266180039 1.3706151843070986 0.01088968710973859 0.8503609597682954 -0.0039016952505335207 -8.8130149379139753e-05 0.67056405544281017 0.084189064800739302 -0.0064514016266912213 -0.027187434025108811 0.22022138535976413 1.3839027285575869 0.66465497016906749 1.0640360713005068 0.082659028470516219 0.28292901813983923 0.15171632170677188 0.50746256113052379 -0.56529977917671193 0.7076840102672578 0.90339756011962902 0.68417415022850048 0.60013854503631603 0.29419280588626867 0.00067254924215376388 5.5000000000000009 1 1.3303379416465761 0.21856521070003512 -0.0011797197512350974 0.6865026354789735 0.15565625578165057 -0.005420444067567586 2 1.2700724601745608
decision_type=1 2 2 2 2 2 2 2 2 2 2 2 2 2 2 2 2 2 2 2 2 2 2 2 2 2 2 2 2 2 2 2 2 2 2 2 2 2 2 2 2 2 2 2 2 2 2 2 2 2 2 2 2 9 2 2 2 2 2 2 9 2
left_child=2 -2 5 4 6 -1 8 -8 12 -10 11 -11 14 -14 -4 16 24 18 19 21 -21 26 23 -23 30 -22 -18 -28 29 -26 31 -3 33 -33 -34 47 37 -37 58 40 -40 43 -43 46 45 -45 49 -36 -39 53 51 52 57 54 55 -35 -57 -51 59 -38 -61 -60
right_child=1 15 3 -5 -6 -7 7 -9 9 10 -12 -13 13 -15 -16 -17 17 -19 -20 20 25 22 -24 -25 28 -27 27 -29 -30 -31 -32 32 34 41 35 36 38 48 39 -41 -42 42 -44 44 -46 -47 -48 -49 -50 50 -52 -53 -54 -55 -56 56 -58 -59 61 60 -62 -63
leaf_value=0.00037949644152789758 0.0023817872531554985 0.0016190492061800678 5.9666076902038795e-05 0.00056073180312990847 -0.0012043202127794779 -0.0043107416813873596 0.00088064690854984464 -0.00069090054429410408 -0.0001651163271398208 -0.00069112062104360471 -0.00035149087930104602 -0.0026775435896104873 -0.0022847282029471272 -0.0018436546776504242 -0.0004764731304634895 0.0025378561802331975 -0.0011804837099133184 -0.00070536107446000646 0.00028670845909379932 -0.0019232379017933782 -0.0010828551739095417 -0.00051576577220610706 0.00085625792020017639 -0.001619190240232715 -0.0014046124812056955 9.0056932431331622e-06 0.0014872927435102242 -0.00054896896336375058 -0.0025016034444502971 0.0029826795638233389 -0.0022608929767531645 -0.00079890043248357918 0.00057929973528825923 -4.6833172766543032e-05 0.00057678158282399876 -0.0010213922264172887 -0.0010060290773788009 -0.00082245937183350192 0.0013500388615904262 -0.00275306336734533 -0.0030222233689294873 0.00018822973662712406 -0.0030359839951520358 -0.0022136145391003881 -0.00076842843421099239 0.00084808606229391792 0.00029376222211545389 -0.0017823968160050171 0.00096703404673368319 -0.0012566367961432047 -0.0021736160262376667 -0.0011042717385564766 0.0010082465528781942 9.8025018866174313e-05 -0.0014042968753943362 -0.00059694899753027011 -0.0015803043844827152 -1.1084998845527879e-05 0.00010603246080409523 -0.00099254878313329064 0.00014660575393837881 0.001427313419086461
leaf_weight=941.93137389421463 773.77954816818237 164.88743591308594 74.120689451694489 320.3209565281868 21.92180210351944 22.523969054222107 332.98716515302658 24.983926475048065 3862.3966516852379 28.211471498012543 62.850262880325317 25.78393965959549 43.746260106563568 22.704831123352051 19.025037109851837 150.13211160898209 30.038649797439575 93.160434603691101 720.48783659934998 52.39282238483429 31.481590270996094 28.169386327266693 24.378352046012878 21.749546051025391 104.20792531967163 77.466796934604645 206.00687217712402 23.997963905334473 38.13629823923111 487.13679653406143 26.455329895019531 343.26614314317703 705.0250426530838 249.82339769601822 1251.202891767025 40.404592514038086 87.483579874038696 159.95486694574356 41.151988387107849 19.788945853710175 19.783730030059814 20.170850336551666 31.45954841375351 36.519102692604065 31.674051642417908 546.71283257007599 247.27763497829437 21.587753593921661 32.519109070301056 46.3521888256073 26.965934693813324 90.763724803924561 120.32712191343307 510.40999215841293 21.596563935279846 35.702961266040802 38.353421092033386 55.018772959709167 4788.8201461434364 155.77886933088303 218.72439223527908 339.24112117290497
leaf_count=1062 766 176 83 371 23 25 370 29 4327 28 79 23 43 22 20 141 21 100 707 27 35 26 15 19 98 84 193 22 38 463 12 319 623 254 1200 32 66 163 38 18 21 22 36 33 36 516 243 21 20 32 33 91 136 521 19 38 37 36 4473 117 162 371
internal_value=0.000431313 0.000936573 -0.000733739 -0.00117168 -0.00145235 0.0014507 -0.0013738 0.00210315 -0.00167578 -0.00146131 -0.00807656 -0.0162813 -0.0069877 -0.0136559 -0.00216737 0.000739625 0.000672813 -0.00134442 -0.000583783 -0.00344 -0.00989288 -0.000309092 -0.0086144 -0.0157946 0.000910053 -0.00453726 0.002047 0.00372367 0.00386624 0.00458886 0.000732742 0.000766927 0.000679781 -0.000618218 0.0010843 0.00080968 0.000421075 -0.00589583 0.000681469 -0.00727264 -0.00201773 0.000113095 -0.00951797 0.000357656 0.00284709 0.00363718 -0.000700128 0.00260806 -0.00293178 -0.00154782 -0.0046112 -0.00318284 1.23971e-05 -0.000326701 -0.00314648 -0.00216609 -0.00920043 -0.00520874 0.000797355 -0.00216894 -0.000305625 0.0010656
internal_weight=19191.4 13387.9 5803.51 4839.05 4518.73 964.455 4496.81 357.971 4138.84 3979.24 116.846 53.9954 159.597 66.4511 93.1457 12614.1 12464 1309.33 1216.17 495.682 161.341 334.341 74.2973 49.9189 11154.7 108.948 260.043 230.005 629.481 591.345 10525.2 10498.7 10333.9 2452.39 7881.47 7176.44 5903.65 232.879 5670.77 80.7247 60.9357 2109.13 51.6304 2057.5 614.906 583.232 1442.59 1272.79 192.474 1195.31 339.428 312.462 221.698 855.886 345.476 323.88 74.0564 101.371 5590.05 461.987 374.503 5128.06
internal_count=19175 12670 6505 5418 5047 1087 5024 399 4625 4457 130 51 168 65 103 11904 11763 1249 1149 442 146 296 60 45 10514 119 236 215 599 561 9915 9903 9727 2402 7325 6702 5481 215 5266 77 59 2083 58 2025 585 549 1440 1221 183 1197 328 295 204 869 348 329 75 68 5189 345 279 4844
cat_boundaries=0 1 2 3
cat_threshold=3848 12 17
is_linear=0
shrinkage=0.05


Tree=51
num_leaves=63
num_cat=1
split_feature=28 5 60 14 14 13 8 9 31 41 57 20 46 41 46 46 41 40 51 9 42 10 45 33 49 1 40 47 15 64 10 14 45 40 17 41 49 37 10 2 37 14 41 43 46 45 28 5 50 22 17 48 47 5 50 38 32 17 20 9 40 32
split_gain=4.64471 3.56242 3.84494 1.7288 1.82828 2.18258 1.7016 3.40357 3.4167 1.71874 1.71211 4.18499 1.77666 1.63263 2.06958 1.6273 2.84321 2.42242 3.00519 2.45249 2.01307 2.23939 2.20227 2.18911 4.08091 2.36479 2.18088 2.79276 2.0026 2.04208 2.19934 2.00226 1.9367 1.87963 1.78381 1.95272 3.39974 4.24755 3.53932 2.76828 2.67572 4.47157 3.679 2.52897 2.35221 1.90091 3.01664 1.70399 2.69077 2.97769 1.84576 2.40596 2.69006 2.74192 2.52355 3.03668 5.35374 3.65405 3.01693 2.73222 3.27601 2.24632
threshold=0.76973277330398571 -1.4400733113288877 0 0.0033104441827163105 -0.0022346517071127887 0.008779881056398155 0.056071663275361068 0.10234041884541513 0.23354652523994449 1.4186581373214724 0.0013144267722964289 0.024663590826094154 1.4871966242790224 1.336583197116852 0.0044970253948122272 0.37378762662410742 0.9661339819431306 0.94780781865119945 0.5568031668663026 0.044542379677295692 0.31377018988132482 0.030776898376643661 -0.4569097608327865 0.13903006911277774 0.18228340893983844 1.3970640301704409 1.6360044479370119 0.75321826338768016 0.1782932057976723 8.0595977306365985 -0.45122970640659327 0.0045759270433336505 0.11613427475094797 1.2700724601745608 90.099479675292983 1.0315390229225161 0.28907994925975805 0.42132797837257391 -1.0000000180025095e-35 0.38579398393630987 0.24335373193025592 0.0011108897742815318 1.1308053731918337 0.40959095954895025 0.096262309700250639 0.086808603256940856 0.18242972344160083 1.0000000180025095e-35 1.5987284779548647 25.500000000000004 68.267929077148452 0.32185798883438116 0.98955965042114269 0.38309484720230108 0.8126300871372224 0.17771504819393161 0.23751378804445269 61.20147895812989 0.019766175188124183 0.042351460084319122 1.0792208313941958 0.1648451313376427
decision_type=2 2 1 2 2 2 2 2 2 2 2 2 2 2 2 2 2 2 2 2 2 2 2 2 2 2 2 2 2 2 2 2 2 2 2 2 2 2 2 2 2 2 2 2 2 2 2 2 2 2 2 2 2 2 2 2 2 2 2 2 2 2
left_child=1 -1 3 4 13 6 7 10 -9 -8 12 -12 -6 -3 -15 20 17 18 -17 -20 21 23 -23 24 32 28 31 -28 29 34 -31 33 -4 47 35 43 37 40 39 -39 41 42 45 -25 -43 46 -37 48 -24 -50 51 -49 54 -54 -53 61 57 58 -57 -58 -61 -56
right_child=-2 2 15 -5 5 -7 9 8 -10 -11 11 -13 -14 14 -16 16 -18 -19 19 -21 -22 22 26 25 -26 -27 27 -29 -30 30 -32 -33 -34 -35 -36 36 -38 38 -40 -41 -42 44 -44 -45 -46 -47 -48 50 49 -51 -52 52 53 -55 55 56 59 -59 -60 60 -62 -63
leaf_value=0.0016253171371099038 0.0031776276932211356 0.00031275293520236506 -0.00015496781875784721 0.00055942644727477594 -0.00017995495473972293 -0.00093213372434081262 0.00094294192806798215 0.00047370858391136282 -0.0019774303957591668 -0.0014074067614304867 1.65399806696883e-05 -0.0016837125265995235 -0.00097836194001759444 -0.003623758550795904 -0.00033204401007878165 8.8009275262844477e-05 4.3653484515080804e-05 -0.00016835821530727964 -0.00092562227377869792 -0.0031752680351651258 0.0011213076502060771 -0.00079908803928689393 0.00039858293070210813 0.00024317834428160825 -0.0012269838717948339 0.00079658289199942582 0.00013964178358524676 -0.001689830765481827 -0.001298754043333239 -0.0015131611767135414 -0.00018839606528589932 0.0027560126670744325 -0.0015718736800813223 0.0010914255215851848 -0.0013187161118238752 -0.00098163820249564109 0.0010443391015586944 -0.0021400842979486189 0.00010980796545103089 -0.0008743055583890426 7.1484128692737817e-05 -0.0028715800328727617 0.00021579475645014279 -0.0022771728384031842 -0.0011800243149362787 0.00021992517856419814 -0.0018914627345366795 0.00054223261330759722 -0.0013382735729320736 -0.0020649352249257832 0.00015672199067264881 4.1877778234983291e-05 -0.00052338844948407958 0.00065908464122032715 -0.00053890112991313932 -0.0019301217578065453 -7.6375264294679498e-05 -0.0033291631765757532 -0.0016369590808109321 -0.0020539611253161528 0.00031567984825260495 0.00025428321270665053
leaf_weight=352.4607846736908 646.64349925518036 711.38772869110107 504.48350322246552 318.300841152668 3933.5162118077278 17.227831065654755 275.93398064374924 20.462563633918762 26.770470261573792 18.088752627372742 49.999048709869385 31.579111754894257 23.995592653751373 21.123612940311432 103.21689587831497 37.28849470615387 850.11788594722748 126.66042333841324 40.373394727706909 36.260059237480164 968.42150664329529 37.769244432449341 1376.0297040343285 3383.361828148365 44.406815707683563 483.74980533123016 22.207381129264832 17.152929246425629 24.351193070411682 43.59807014465332 247.05573081970215 279.14358073472977 34.928691744804382 306.0346217751503 32.139500021934509 61.161639809608459 229.68158215284348 45.821670055389404 32.973305463790894 26.412090837955475 496.98848420381546 30.32174026966095 163.81400108337402 24.843313813209534 36.248848915100098 31.259890913963318 36.119662165641785 121.11303788423538 52.356776475906372 17.437476992607117 1101.8669493198395 179.74732887744904 359.55193746089935 384.80904930830002 36.605380177497864 28.060568034648895 66.791602432727814 29.465465366840363 28.715334296226501 42.994276285171509 31.436740338802338 48.595863342285156
leaf_count=364 664 791 419 369 4403 20 311 24 27 20 57 32 25 24 115 41 819 124 32 20 978 36 1265 3155 42 470 26 20 20 51 289 296 25 322 22 53 211 39 33 24 520 22 149 26 27 29 35 131 61 18 968 149 330 358 20 23 68 26 24 44 40 29
internal_value=0.000385621 0.000240074 0.000143318 -0.000952191 -0.00117218 -0.00158002 -0.00150868 -0.00177371 -0.0151164 0.00215697 -0.00161607 -0.00879403 -0.00146663 0.000967785 -0.00430375 0.000625106 -0.00121862 -0.00601662 -0.0113089 -0.0169685 0.000800196 0.000599895 0.0014345 -3.32311e-05 -0.002943 0.000278753 0.00153581 -0.0101501 -4.66014e-05 2.32954e-05 -0.00404023 0.00163957 -0.0017317 0.00136612 0.000279486 0.000362692 -0.00137851 -0.00268767 -0.0121703 -0.0183639 -0.00151496 -0.00480605 -0.00212093 0.000972546 -0.0165023 -0.00845932 -0.0119111 0.00106874 0.00243133 -0.00711887 0.000265726 -0.000965656 -0.00162755 0.000262799 -0.00449475 -0.00720846 -0.0102247 -0.0200489 -0.0124593 -0.00417997 -0.0107769 0.000788032
internal_weight=19191.4 18544.8 18192.3 5551.6 5233.3 4397.57 4380.35 4086.32 47.233 294.023 4039.09 81.5782 3957.51 835.728 124.341 12640.7 1090.7 240.582 113.922 76.6335 11550 10581.6 4567.89 6013.72 583.819 5429.9 4530.12 39.3603 4946.15 4921.8 290.654 4490.76 539.412 4211.61 4631.15 4599.01 1190.8 961.121 105.207 72.2338 855.914 358.926 292.355 3408.21 66.5706 128.541 97.2813 3905.58 1445.82 69.7943 2459.75 1357.89 1236.77 744.361 492.413 312.665 227.464 86.2414 56.7759 141.223 74.431 85.2012
internal_count=19175 18511 18147 6218 5849 4919 4899 4568 51 331 4517 89 4428 930 139 11929 1036 217 93 52 10893 9915 4254 5661 486 5175 4218 46 4705 4685 340 4172 444 3876 4345 4323 1142 931 96 63 835 315 266 3181 49 117 88 3554 1344 79 2210 1242 1111 688 423 274 225 73 47 152 84 49
cat_boundaries=0 1
cat_threshold=3848
is_linear=0
shrinkage=0.05


Tree=52
num_leaves=63
num_cat=1
split_feature=5 60 38 52 49 11 16 10 47 51 48 20 10 44 44 57 62 31 47 41 47 46 36 54 27 14 35 49 35 28 27 49 37 10 52 5 44 14 41 9 31 20 28 17 45 43 50 48 38 52 46 11 37 9 44 37 14 9 35 5 29 5
split_gain=4.08801 3.90328 2.53022 2.48644 4.91623 4.07317 3.98182 2.53891 4.14309 4.01693 2.30247 2.34693 3.00786 2.75636 2.23603 2.19541 2.14532 3.31789 2.0127 2.00784 4.92452 2.31984 2.23399 1.99039 1.9542 2.81786 2.48419 3.23583 1.86031 2.1025 2.55301 1.80146 2.61072 2.63347 4.58061 3.23229 2.3341 2.30329 2.06264 2.07268 3.067 2.96946 2.84236 3.00883 2.86619 2.22869 3.27314 2.40705 2.55062 2.33741 2.17014 2.17955 2.1321 2.38245 2.05988 1.72849 3.1214 4.55687 1.71571 2.13695 1.69926 1.68552
threshold=-1.4400733113288877 0 0.59305694699287426 0.35591617226600653 0.23270576447248462 0.02492010593414307 -1.0000000180025095e-35 -0.021658579818904396 0.90687382221221935 0.75101429224014293 0.56917068362236034 0.023007701151072982 0.40985761582851415 0.39780253171920782 0.47908368706703192 0.18911295384168628 6.5000000000000009 0.21877183765172961 2.2991551160812382 0.40609689056873327 1.1873658299446108 -0.21006401628255841 0.40184821188449865 0.11085869371891023 -0.41381578147411341 -8.8130149379139753e-05 0.12757787108421328 0.10285512357950212 0.1138880103826523 0.070989310741424574 0.37470823526382452 0.16354320943355563 0.42132797837257391 0.0070487421471625575 0.23121363669633868 -0.27792312204837794 0.9278453290462495 0.0047587088774889716 0.81768217682838451 0.079144001007080092 0.26274713873863226 0.032076271250844009 0.11735462397336961 61.44885444641114 -0.016914942301809784 0.20623084902763369 1.1309601068496706 0.73406970500946056 0.18329481780529025 0.14486308395862582 -0.07962674647569655 -0.0038495050976052876 0.25490516424179083 0.059846794232726104 1.261488735675812 0.10004162415862085 -8.8130149379139753e-05 -0.0092597743496298773 0.26897080242633825 -0.25321021676063532 0.7220122516155244 -0.50289985537528981
decision_type=2 1 2 2 2 2 2 2 2 2 2 2 2 2 2 2 2 2 2 2 2 2 2 2 2 2 2 2 2 2 2 2 2 2 2 2 2 2 2 2 2 2 2 2 2 2 2 2 2 2 2 2 2 2 2 2 2 2 2 2 2 2
left_child=-1 55 3 10 5 6 58 19 9 -9 11 12 13 -3 16 31 -15 -18 -4 20 21 -6 -23 24 25 26 -16 -28 -26 30 -30 36 37 34 35 -34 -12 -33 -38 41 -41 42 -40 45 -45 46 47 48 -44 54 51 -48 53 -43 -49 56 57 -2 59 -5 -13 -29
right_child=1 2 18 4 7 -7 -8 8 -10 -11 15 60 -14 14 23 -17 17 -19 -20 -21 -22 22 -24 -25 28 -27 27 61 29 -31 -32 32 33 -35 -36 -37 38 -39 39 40 -42 52 43 44 -46 -47 50 49 -50 -51 -52 -53 -54 -55 -56 -57 -58 -59 -60 -61 -62 -63
leaf_value=0.0018608650887419781 -0.00067522718589219826 0.001213009623679537 0.0017193352969072984 -5.8745300937385953e-05 0.0023670692383350386 -0.001189875257291656 6.1223031244850287e-05 -0.0003191284636926417 0.0010652422676957734 -0.0027510592048358147 0.00020892891963598809 0.00015318101137941399 -0.0019699686901048564 -0.00053247684925887713 -0.0011071920449821581 -0.0013217961755156555 -0.0018055359520093156 -0.00060509177839050687 -0.004924100857142932 0.0011106011183495289 -0.0016289648510235304 0.00043205492060510167 -0.0018155649280185327 0.00079082552046695934 9.730316235536197e-05 -0.00018124338695745188 0.00024487690886771871 -0.0021251666264910543 -0.00022956531934881995 -9.8185326003005782e-05 -0.0027101746903648739 0.0013112207038097302 -0.0020053566852322314 0.0021340119297998355 -0.00010704470418312587 -0.0020330800830511879 0.00026943939478692392 -0.0025264197227368216 0.00010046629219831011 -0.00012382530501451916 -0.0027642414593780544 1.4466145971398165e-05 -0.0012511104452275195 -0.001608039719054609 -0.00066150738824412997 -0.0012272721818850571 0.00048111015473980835 -0.00022414922450634387 5.5146102999775555e-05 -0.0023901628842273944 0.0013079671732248673 -0.0015075486281063508 0.0013137697995177417 -0.001343973173119493 -0.0017941732949500217 -9.1548778980983774e-05 -0.00021798808670894329 -0.00075345518648681567 -0.0015669306410102078 -0.00087880396021513619 -0.0028507509235642576 -0.00073532507417357418
leaf_weight=499.64236927032471 34.851806402206421 348.64154279232025 1108.8915038704872 31.304692149162292 68.021263778209686 33.562136232852936 97.830050051212311 24.22770220041275 30.59132981300354 19.938841760158539 2108.8738502264023 3186.9579011797905 20.924550831317902 44.21330189704895 28.612188816070557 36.720368683338165 33.176828920841217 35.340037167072296 19.60799252986908 615.43935942649841 24.581220626831055 22.353427469730377 20.113721013069153 110.46378463506699 94.773045361042023 211.48666334152222 55.525110363960266 22.648054957389832 45.742176651954651 1276.1741687059402 21.043635427951813 1334.5783509612083 40.739446759223938 89.009037852287292 147.69552838802338 36.217317998409271 304.22718322277069 27.191038429737091 125.40385276079178 41.285567462444305 21.822955846786499 142.50868058204651 30.335076808929443 36.074038684368134 39.129614949226379 40.009458959102631 29.402346909046173 35.010529398918152 118.96760505437851 28.465253710746765 170.36539673805237 19.908336937427521 217.27204722166061 25.97157222032547 23.685558259487152 5372.0217608809471 203.52661645412445 22.884360611438751 19.215787649154663 44.281599998474121 23.016220986843109 48.938536942005157
leaf_count=511 34 351 1155 28 67 27 99 31 34 13 1661 3388 26 27 19 31 38 41 14 566 17 21 20 110 59 227 59 24 44 1325 19 1092 32 76 131 30 260 19 104 34 22 120 19 30 40 45 29 22 115 18 148 20 220 20 22 6023 228 26 20 40 31 53
internal_value=0.000447442 0.000327832 0.000802267 0.00058829 -0.0017319 -0.00826078 -0.00541995 5.23083e-05 -0.00872201 -0.0185273 0.00081302 0.000106827 -0.00107568 -0.000906883 -0.00161451 0.00156337 -0.00846218 -0.0139969 0.00306677 0.000934021 -0.00457241 -1.64368e-05 -0.00921827 -0.00120846 -0.00160942 -0.00486689 -0.00997285 -0.00690977 -0.00077367 -0.00125469 -0.0099026 0.00164976 0.00300313 -0.00109665 -0.00399369 -0.013881 0.00101112 0.00395113 -0.000530472 -0.00150529 -0.0103146 -0.000986193 -0.0029379 -0.00443803 -0.01377 -0.00301098 -0.00200413 -0.00609127 -0.00219328 -0.0127009 0.00237337 -0.00681156 0.00252592 -0.00167193 -0.00685929 -0.000771119 -0.00474584 -0.0150082 -0.0127228 -0.00920622 0.000991671 -0.0139373
internal_weight=19191.4 18691.8 13058.5 11930 1051.46 226.194 192.632 825.267 74.7579 44.1665 10878.5 5607.68 2397.7 2376.78 2028.14 5270.87 112.73 68.5169 1128.5 750.509 135.07 110.488 42.4671 1915.41 1804.94 367.211 155.724 127.112 1437.73 1342.96 66.7858 5234.15 1675.43 313.661 224.652 76.9568 3558.72 1361.77 1449.85 1145.62 63.1085 1082.51 696.757 571.353 75.2037 496.15 456.14 236.464 149.303 87.1613 219.676 49.3107 385.752 168.48 58.6961 5633.28 261.263 57.7362 94.8021 75.5863 3209.97 71.5866
internal_count=19175 18664 12353 11184 983 214 187 769 78 44 10201 5841 2422 2396 2045 4360 106 79 1169 691 125 108 41 1939 1829 382 155 136 1447 1388 63 4329 1380 269 193 62 2949 1111 1288 1028 56 972 612 508 70 438 393 196 134 62 197 49 360 140 44 6311 288 60 88 68 3419 77
cat_boundaries=0 1
cat_threshold=3848
is_linear=0
shrinkage=0.05


Tree=53
num_leaves=63
num_cat=2
split_feature=5 60 28 49 48 20 44 57 22 14 60 41 64 40 31 52 9 43 14 12 45 13 26 41 49 28 45 20 52 49 34 2 49 62 44 9 52 31 62 20 44 8 52 14 41 47 52 42 41 62 42 49 8 43 20 22 37 34 47 37 43 48
split_gain=3.70789 3.80699 2.20395 1.6949 2.30686 2.99709 2.10832 2.08215 1.91323 2.91928 2.11747 2.6874 2.00192 1.88716 1.82263 3.23278 1.68744 1.65728 3.46488 5.10334 2.68813 2.53797 1.6038 1.59575 2.95047 2.6315 2.53638 1.56853 4.10062 3.77954 3.3 3.85588 2.34187 2.21558 3.17685 3.40772 3.16681 4.30486 2.00624 2.10399 1.91851 1.91978 3.7118 2.22843 1.89349 1.88657 2.54186 3.43248 2.73339 2.52932 3.66337 1.87148 1.83702 2.13055 2.54191 2.45783 1.98619 2.37868 2.6152 4.96748 2.57544 2.50439
threshold=-1.4400733113288877 0 0.91931393742561351 0.05522150173783303 0.56917068362236034 0.023007701151072982 2.5944492816925053 0.18911295384168628 6.5000000000000009 0.0026361119234934454 1 0.75142139196395885 1.5455212593078616 0.87615996599197399 0.31125825643539434 0.14918567985296252 0.22254850715398791 0.11626176536083223 -0.0015336649375967679 -0.035314194858074181 0.4813066571950913 -0.00088136611157096912 -0.0030670756241306658 0.3282496184110642 0.1592083349823952 0.25927695631980902 -0.079519938677549348 0.11289507523179056 0.35591617226600653 0.23270576447248462 0.35039635002613073 -0.5972495675086974 0.16281493753194812 10.500000000000002 0.59543791413307201 0.046158730983734138 0.37356825172901159 0.54525312781333934 10.500000000000002 0.090401861816644682 0.9278453290462495 0.013090037275105717 0.1788681894540787 0.00076032005017623316 1.3706151843070986 1.4539071321487429 0.12714371085166934 0.16324774175882342 1.1571618318557741 4.5000000000000009 0.17445707321166995 0.095535587519407286 -0.011039876844733952 0.19218205660581592 0.031751427799463279 25.500000000000004 0.31864073872566229 0.17669339478015902 1.1812928318977358 0.18517235666513446 0.12737552076578143 0.69835582375526439
decision_type=2 1 2 2 2 2 2 2 2 2 1 2 2 2 2 2 2 2 2 2 2 2 2 2 2 2 2 2 2 2 2 2 2 2 2 2 2 2 2 2 2 2 2 2 2 2 2 2 2 2 2 2 2 2 2 2 2 2 2 2 2 2
left_child=-1 -2 3 -3 5 8 23 16 9 10 11 -5 -13 -8 -12 -16 27 18 19 -10 22 -20 -19 24 -7 26 -26 28 32 30 31 -30 40 34 -31 36 -36 -38 39 44 41 43 45 -6 -34 46 -43 48 -48 50 -47 -51 53 -42 55 -55 57 -54 59 -59 -60 -61
right_child=1 2 -4 4 7 6 13 -9 17 -11 14 12 -14 -15 15 -17 -18 20 21 -21 -22 -23 -24 -25 25 -27 -28 -29 29 33 -32 -33 38 -35 35 -37 37 -39 -40 -41 52 42 -44 -45 -46 49 47 -49 -50 51 -52 -53 56 54 -56 -57 -58 58 60 61 -62 -63
leaf_value=0.0017678218343048795 -0.00010625790284433945 0.0012039369976500494 0.0029237564007522782 -0.00043350617106371685 -0.00010031074252568985 0.00052077955285103369 -8.378403302048867e-05 -0.0012557063667398734 0.0004751339033416957 -0.0018188181692619723 0.00019864374189805037 -0.0010371498327200706 -0.0022494179782291987 -0.0011661880652282755 -0.0015810901190888794 0.0027001809716477075 -0.0019591594943957655 -0.00066678903909356269 0.00036100287156516766 -0.0011454429344982683 -0.0012956464708046248 -0.00051235720307244369 0.00030231242172422542 0.00016421559439357405 -0.00037118507352758181 0.0013519385925280167 -0.0015172891668771386 0.0013921816452116737 -6.8097892277360636e-05 0.0013686795783079675 -0.0010046213149985787 -0.0015233362519801686 0.0016797804581717545 0.0010119801543109848 0.00079523987420661117 -0.0012926884932418737 -0.00033263371420102009 -0.0041735970979875515 0.0001752544305188633 -0.0018668087400781101 0.00045514790625183002 0.00038681967048287153 -0.0020468003368803024 0.00067368176172053699 -0.0045778965528255316 -0.00014142040613408051 -0.00065881008325657624 0.0011521144864328398 -0.0031127371507325531 -0.0011869244992099696 -0.0016862675018428652 0.00065857604353306151 9.4842403845056555e-05 -0.00067777115542359411 0.00014206470319060027 -0.0023265698129211888 0.0021664863513363858 -0.001713189123891878 0.00055306611310960627 -0.0003736418959665333 -0.00051808036698048211 -0.0011464862789156689
leaf_weight=499.64236927032471 5633.2845443487167 415.21300804615021 262.45214128494263 30.25792396068573 226.1068988442421 58.292894899845123 36.140197157859802 36.720368683338165 23.587266683578491 16.674833655357361 214.10703706741333 48.249019384384155 28.829239666461945 22.412055671215057 16.905164539813995 20.533048808574677 39.537053465843201 109.02713853120804 163.1744978427887 38.270187318325043 18.643285930156708 665.92414933443069 737.5394332408905 3277.3375427722931 22.641954720020294 19.995598912239075 23.123553693294525 589.10273969173431 96.626118779182434 70.844982743263245 24.350322008132935 36.217358827590942 1125.171175122261 330.16791898012161 154.57565152645111 42.27429735660553 80.07138454914093 65.566690802574158 603.28556078672409 34.679464340209961 540.9345155954361 407.14025366306305 30.340268313884735 459.69833225011826 31.485629081726074 50.082790493965149 238.5114614367485 264.8568400144577 30.84670627117157 42.804355621337891 51.049277424812317 203.57630491256714 173.27455449104309 42.811371147632599 66.275871515274048 17.215948343276978 68.763427913188934 44.08853417634964 55.142985761165619 117.24645525217056 264.24141556024551 33.491933703422546
leaf_count=511 6311 399 273 26 206 56 30 31 23 20 233 41 24 21 21 26 25 116 150 37 18 639 818 3536 20 22 22 541 90 46 21 28 749 396 105 29 58 44 722 17 477 299 24 342 21 25 171 208 22 45 26 222 126 50 63 19 80 30 36 103 260 25
internal_value=0.000482555 0.000368625 0.00083713 0.000744267 0.000638384 -0.000112841 0.000794805 0.00125783 -0.00158833 -0.00483005 -0.00385948 -0.00938564 -0.0152194 -0.00859578 -0.00106353 -0.0112758 0.00132313 -0.000892007 -0.00240673 -0.0138227 0.000662105 -0.00154741 0.00108222 0.000958175 -0.00459789 -0.0118676 -0.018483 0.00138449 0.00114624 -0.00196678 -0.00900999 -0.00584925 0.00168404 -0.000469942 -0.00291475 -0.00491687 -0.00302228 -0.00831676 0.00314851 0.00433902 0.000915951 0.00191301 0.00079265 0.00406042 0.00470573 0.00120375 0.00236836 9.04512e-05 -0.00387352 -0.00193639 -0.00859434 0.000778604 -0.000484959 0.00142264 -0.00440682 -0.0118648 -0.00217461 -0.00299 -0.00470002 -0.00927062 -0.00189424 -0.00490362
internal_weight=19191.4 18691.8 13058.5 12796.1 12380.8 5591.67 3459.94 6789.18 2131.72 375.556 358.881 107.336 77.0783 58.5523 251.545 37.4382 6752.46 1756.17 890.956 61.8575 865.21 829.099 846.567 3401.39 124.054 65.7611 45.7655 6712.92 6123.82 900.695 157.194 132.843 5223.12 743.501 413.333 342.488 300.214 145.638 1794.62 1191.34 3428.5 2005.01 1319.21 685.805 1156.66 1288.87 941.355 534.215 269.358 347.513 101.132 246.381 1423.49 667.238 126.303 60.0273 756.249 687.486 514.211 194.827 319.384 150.738
internal_count=19175 18664 12353 12080 11681 5899 3707 5782 2192 391 371 91 65 51 280 47 5751 1801 849 60 952 789 934 3656 120 64 42 5726 5185 817 139 118 4368 678 282 236 207 102 1509 787 2859 1590 1042 548 770 1018 700 401 193 318 51 267 1269 609 132 69 660 580 454 158 296 128
cat_boundaries=0 1 2
cat_threshold=3848 16
is_linear=0
shrinkage=0.05


Tree=54
num_leaves=63
num_cat=1
split_feature=11 60 0 5 22 39 48 3 6 41 52 49 2 41 17 30 41 16 29 36 46 51 35 0 44 49 37 5 50 57 12 17 51 37 35 42 30 34 31 32 0 22 2 30 2 29 10 46 46 36 0 48 43 13 6 46 51 40 5 2 28 0
split_gain=3.56227 3.21841 2.00544 1.96888 1.67812 2.65609 1.66278 2.18673 3.17745 3.1116 2.79364 3.48354 2.72514 2.37582 2.06348 2.05966 3.59507 2.28471 1.98539 1.98088 3.30178 2.8809 3.35307 2.53828 2.37007 2.02321 1.84238 1.84107 1.8031 1.79453 1.83846 1.73541 1.85247 1.66365 3.5458 5.25882 4.48879 1.95355 2.28327 1.94536 1.83302 2.54567 1.98833 1.61156 1.59917 1.54465 1.64803 1.56492 1.50516 1.72051 1.92132 2.14584 1.49425 1.48318 1.47743 1.45175 3.6801 4.8231 2.37928 1.73375 2.82872 1.38804
threshold=-0.13295440375804898 0 0.05870377458631993 -1.2505730986595152 15.500000000000002 1.2509225606918337 0.70050963759422313 -0.28331251442432398 0.073058895766735091 1.3422585129737856 0.17540802806615832 0.11178158223628999 -0.55481335520744313 1.1219730377197268 90.099479675292983 0.18879859894514087 1.0816796422004702 0.034455038607120521 0.13528179377317431 0.26513309776782995 0.21120603382587436 0.58240514993667614 0.24599535018205645 0.0078003283124417075 1.7606845498085024 0.11595240980386735 0.38676920533180242 -0.42374145984649653 0.62116742134094249 0.19157093763351443 0.018634770065546039 47.802484512329109 0.66025578975677501 0.31695607304573065 0.35634241998195654 0.20706747472286227 0.3846267312765122 0.26886133849620825 0.3015145361423493 0.56234782934188854 -0.0050026059616357079 4.5000000000000009 1.5798947215080263 0.35313497483730322 -1.1681908369064329 0.38519617915153509 0.20960331708192828 0.17826066911220553 0.11517829820513727 0.24887437373399737 0.0053823927883058795 0.74106302857398998 0.15478091686964038 0.0033604360651224856 0.28889827430248266 -0.32944159209728235 0.5518363118171693 1.0825788974761965 -0.20298605412244794 2.6098897457122807 0.22406435757875445 0.02295305393636227
decision_type=2 1 2 2 2 2 2 2 2 2 2 2 2 2 2 2 2 2 2 2 2 2 2 2 2 2 2 2 2 2 2 2 2 2 2 2 2 2 2 2 2 2 2 2 2 2 2 2 2 2 2 2 2 2 2 2 2 2 2 2 2 2
left_child=4 3 6 -2 5 -1 7 8 9 10 12 -12 26 15 33 17 -17 18 -14 20 55 24 25 53 -22 -23 29 -13 45 -3 -31 32 -29 37 35 -35 43 38 40 -38 41 -8 -43 -37 -36 -10 47 -47 -42 50 -50 -52 -15 -24 -30 56 -9 -58 -59 -57 -61 -5
right_child=1 2 -4 61 -6 -7 14 19 28 -11 11 27 13 52 -16 16 -18 -19 -20 -21 21 22 23 -25 -26 -27 -28 31 54 30 -32 -33 -34 34 44 36 39 -39 -40 -41 48 42 -44 -45 -46 46 -48 -49 49 -51 51 -53 -54 -55 -56 59 57 58 -60 60 -62 -63
leaf_value=0.00089507313331836375 0.0006773810975181831 9.7798790355486259e-05 0.0030407741219261727 -0.00012455956406337912 0.011605927905493944 -0.0074429046893954437 -0.001829480555834765 0.00014113271167482891 2.8559021491411653e-05 -0.00066947351544028319 -0.0017301946894929445 0.00054587319446449268 0.00026495529210329233 0.0017567383082572508 -0.0024325427257293601 -0.00028797380165107025 -0.00094276264715692027 -0.0021394153075675821 -0.0023003289289990187 0.00045290252573112062 2.8189067021029691e-05 -0.00048450397276729185 -0.00051354968575621632 -0.0032742713286655887 -0.0017101718073302529 0.00012271915653164176 -0.0015957040063632718 -0.00163282220147997 0.00041401938405003229 -0.0011716853796263126 -9.3501028371184862e-05 -0.0002295585468969401 -0.00085619204992470844 0.000229639810345332 -0.0068263632103387388 -0.0012709659043363235 0.0022406916697142883 0.0012290778093531935 -0.0020011457348833609 -0.0035046478346444283 0.00024615925831362784 9.5466933188894482e-05 -0.00045764545677558363 -0.0017739639060715543 0.00063268638828762149 -0.0013616131335579319 -0.0040949357365817835 0.0024123703956444561 0.00037461781879635732 -0.0011002897977834974 -5.5667126409193396e-06 -0.0011268778989568329 -0.0012934233361838168 -0.0013634135267986264 -0.0023755415795858104 0.00014683648041744729 -0.0016459336859078692 -0.00037655130740193153 0.00022228807065287627 -0.0012906969639145235 7.7413058663483697e-05 0.00074915952476038792
leaf_weight=90.82430773973465 227.04543888568878 1105.2784404158592 148.52593636512756 5111.3214161396027 269.55039995908737 24.219289422035217 26.813886523246765 143.46087193489075 214.77083849906921 24.332185924053192 34.341966688632965 40.911740779876709 18.409267604351044 55.08857274055481 38.832266330718994 153.97103780508041 21.07945716381073 23.956666767597198 17.407208979129791 2644.0501759052277 349.29522919654846 52.816463232040405 31.390763401985168 45.414949238300323 44.18605637550354 51.757491528987885 21.462669670581818 34.182148933410645 969.56617134809494 25.82019317150116 17.950321316719055 141.95762765407562 50.81709098815918 187.15041422843933 32.515403509140015 34.452165246009827 56.596249043941498 703.84051835536957 43.600123465061188 23.553474366664886 716.40153509378433 274.06080490350723 27.731521487236023 28.872235298156738 1182.5991861224174 42.000353157520294 20.010415315628052 35.189268290996552 90.931642115116119 28.790725350379944 40.991609811782837 46.583554148674011 30.332267642021179 26.678617060184479 22.308075547218323 2610.2686390280724 33.914085865020752 42.473409593105316 54.330621182918549 34.672634899616241 38.584918200969696 411.1922892332077
leaf_count=87 253 1040 155 5726 268 23 19 135 253 25 33 47 21 45 23 171 22 27 19 2887 333 33 27 33 39 40 27 34 1022 26 16 150 51 183 30 25 48 524 32 21 527 208 19 23 1072 49 28 46 64 23 30 32 34 18 22 2362 22 38 51 32 37 465
internal_value=0.000507731 0.000410014 0.000843836 -0.000574795 0.00527181 0.00017119 0.000777548 0.000424989 -0.00065351 -0.00200581 -0.00176114 -0.00614651 -0.000868414 -0.00495542 0.00169328 -0.00755675 -0.00477411 -0.0156008 -0.00737994 0.000968436 0.00019677 -0.00317795 -0.0079371 -0.0143194 -0.000647409 -0.00156588 0.000245821 -0.00419686 0.0012275 0.000521703 -0.00938585 -0.00596726 -0.01163 0.00182013 0.000584057 -0.00400136 -0.011204 0.00277301 0.00161532 -0.00326108 0.00201051 -0.00118537 0.000112163 -0.0211575 0.00183606 -0.00207909 -0.00730721 -0.00389949 0.00315287 -0.000577878 0.0012282 -0.00402047 0.0021377 -0.00724878 0.00227266 0.000884897 -0.00257413 -0.0086492 -0.00289655 0.00124026 -0.00632813 -0.000764189
internal_weight=19191.4 18806.8 13057.3 5749.56 384.594 115.044 12908.8 9324.44 3121.14 1817.3 1792.97 302.211 1490.76 320.244 3584.32 234.824 175.05 59.7731 35.8165 6203.29 3559.24 601.54 208.058 103.484 393.481 104.574 1170.51 267.869 1303.85 1149.05 43.7705 226.957 84.9992 3545.49 1545.74 330.625 143.474 1999.75 1295.91 80.1497 1252.31 328.606 301.792 63.3244 1215.11 311.971 97.2 77.1896 923.699 207.298 178.507 87.5752 85.4208 58.0694 991.874 2957.71 274.179 130.718 96.804 2683.53 73.2576 5522.51
internal_count=19175 18797 12353 6444 378 110 12198 9295 3208 1788 1763 315 1448 339 2903 260 193 67 40 6087 3200 523 151 78 372 73 1109 282 1420 1082 42 235 85 2880 1402 300 117 1478 954 69 922 246 227 48 1102 376 123 95 676 149 126 62 79 45 1044 2677 246 111 89 2431 69 6191
cat_boundaries=0 1
cat_threshold=3848
is_linear=0
shrinkage=0.05


Tree=55
num_leaves=63
num_cat=4
split_feature=12 60 62 14 39 1 9 41 3 49 49 9 5 50 54 22 33 43 43 60 22 51 9 47 2 28 20 12 3 5 14 41 38 43 50 62 47 22 37 52 50 60 43 48 13 62 8 3 36 47 9 17 38 5 60 9 52 33 45 51 50 33
split_gain=3.89683 3.03077 2.26662 2.80892 2.41523 2.11914 3.24204 4.54699 1.92977 1.9281 4.16459 3.18548 2.30761 1.86956 1.83716 1.83594 3.39282 2.84869 3.13996 2.73184 2.8924 3.11427 2.76523 2.59195 2.5301 2.5573 2.20634 2.06598 2.00475 2.19287 2.7814 2.11222 1.98418 2.2336 1.98197 2.25069 1.95893 1.95876 2.15035 1.9746 1.91325 1.86962 3.63011 1.9775 2.07464 3.38514 2.3227 2.12252 1.78667 3.64298 1.7229 1.83998 2.17048 1.94362 1.69386 2.04774 2.22547 2.81316 1.77551 2.28313 2.1326 1.64501
threshold=-0.10998682305216788 0 27.500000000000004 0.00055675997282378386 0.30617076158523565 0.41267065703868872 0.044542379677295692 0.73642706871032726 -0.10506218671798705 0.079072695225477233 0.064542379230260863 -0.015612668823450802 1.2011898756027224 1.3551661372184756 0.11085869371891023 14.500000000000002 0.33107645809650427 0.28892487287521368 0.29438105225563055 1 7.5000000000000009 0.76689025759696972 0.065101746469736113 1.2233421802520754 2.6098897457122807 0.064598452299833312 0.02083266340196133 -0.021946866996586319 0.11155446246266366 -0.27792312204837794 -0.00017726951045915482 0.83435040712356578 0.20302663743495944 0.090373512357473387 1.0312101840972903 19.500000000000004 1.7569393515586855 19.500000000000004 0.3481076061725617 0.2098333612084389 0.69057747721672069 2 0.085296019911766066 0.35644148290157324 0.003856527386233211 9.5000000000000018 0.037147456780076034 -0.24132656306028363 0.10681814700365068 0.62348720431327831 0.14916979521512988 73.535755157470717 0.25786894559860235 0.47821860015392309 3 -0.044382354244589799 0.17933874577283862 0.36398273706436163 -0.27714717388153071 0.36157266795635229 0.74625462293624889 0.41817961633205419
decision_type=2 1 2 2 2 2 2 2 2 2 2 2 2 2 2 2 2 2 2 1 2 2 2 2 2 2 2 2 2 2 2 2 2 2 2 2 2 2 2 2 2 1 2 2 2 2 2 2 2 2 2 2 2 2 1 2 2 2 2 2 2 2
left_child=8 2 3 4 -2 6 9 -8 -1 10 -6 -12 -11 15 -13 16 19 36 -19 20 21 24 -22 50 25 48 -27 -21 29 30 -29 -32 33 -31 35 -33 54 61 39 -39 -35 43 -43 -34 -45 -46 47 -47 -3 -50 51 52 53 -24 -17 -56 -57 58 -58 -60 -61 -20
right_child=1 13 -4 -5 5 -7 7 -9 -10 12 11 14 -14 -15 -16 17 -18 18 37 27 22 -23 23 -25 -26 26 -28 28 -30 32 31 34 41 40 -36 -37 -38 38 -40 -41 -42 42 -44 44 45 46 -48 -49 49 -51 -52 -53 -54 -55 55 56 57 -59 59 60 -62 -63
leaf_value=0.00044376071032728448 0.0031359338332805618 8.4776202904154297e-05 -0.00053084234282845259 0.0003735181400263875 0.0015142137160189314 0.00037316321841187607 -5.887202142821922e-05 -0.0018719136212475033 0.0030460990354533204 5.0486780218557409e-05 -0.00026501249777521055 -0.0018180069127245624 -0.0032405499159310173 0.00033328963666417951 -0.002051545929033428 -1.2833587461923147e-06 0.00093888118720153045 -0.0018969502952826608 0.00091172772943216851 0.00047117879468180983 0.00049660690257062113 -0.0022425072677423031 -0.0024003283833912061 -0.0015862488931955414 -0.001509223994291941 -0.00019212128889025128 0.00028473824413309794 -0.00077721861813697746 0.00010372771286111288 -0.00022355409828874533 4.6223978785161354e-05 -0.0020940113411926655 0.0010666336399692202 -0.00016844936706015141 0.00010927176374929404 -0.0011162751259026812 -0.0010856586398194084 9.8908730530466315e-05 0.0001823362887677621 -0.0020758550320569345 -0.0013474780044878155 -0.0028188766658342247 -0.00019974416416701295 7.4290338371265071e-05 -0.0013976343191086167 -0.0028228823491185683 0.0002144052341875452 -0.00011055007081862966 -0.0010250265524235969 -0.00010292681025647695 -0.0013458172931209928 0.00083211138029805191 0.0011476461211724271 -0.00062151658641930452 0.0002005784211377892 -0.0002446577907470611 -0.00073631561870418573 0.0023986702969022236 -0.0013907229402591573 -0.00012752168409231046 -0.0011424981960265444 -0.0020863108012491908
leaf_weight=829.45384103059769 127.32888442277908 29.314446330070496 480.67142218351364 2033.4321495890617 33.766952097415924 405.60353803634644 43.528337359428406 50.551276862621307 693.96578341722488 885.61446726322174 24.177538812160492 19.305188775062561 24.087509095668793 734.62700861692429 16.6039217710495 5205.1245656609535 1017.5168377161026 31.977898120880127 22.824358344078064 440.51319003105164 1051.6726062297821 50.145094275474548 23.134318828582764 43.519164085388184 40.069015741348267 481.13164132833481 603.06421172618866 30.726648271083832 416.8814737200737 175.71267652511597 76.903435230255127 53.991914808750153 186.75093740224838 36.191449642181396 27.879845857620239 36.095812380313873 22.026508986949921 18.76845121383667 175.70169031620026 22.668903708457947 45.356550276279449 20.030221402645111 88.491084516048431 269.34332096576691 22.979764461517334 19.080977022647858 89.336971044540405 18.436302900314331 39.977952837944031 35.30477511882782 25.038936734199524 107.41132491827011 44.650123715400696 22.095587253570557 198.95517289638519 1071.3561519384384 19.887192249298096 30.604385137557983 16.216953039169312 94.460721254348755 45.046789169311523 58.408096075057983
leaf_count=827 122 31 675 1819 33 412 46 38 696 947 32 20 16 760 20 4920 1010 29 23 482 971 38 21 30 34 438 541 35 468 195 84 57 210 42 31 47 23 17 168 23 47 26 115 292 17 22 103 21 41 34 23 91 44 22 235 1265 25 35 19 114 52 59
internal_value=0.000556163 0.000345639 0.00152579 0.00195361 0.000404066 -0.000152925 -0.00129728 -0.0101698 0.0029824 -0.000459598 -0.00728055 -0.0151926 0.000239343 -1.91291e-05 -0.0246244 -0.00016135 0.000507722 -0.000701268 -0.00523481 -6.33747e-05 0.00101193 -0.000674771 0.00266073 -0.0018821 -0.00017176 0.00024112 0.000965719 -0.00142266 -0.00225909 -0.00329951 -0.00774865 -0.00550331 -0.00226074 -0.00602848 -0.00970711 -0.0133159 -0.00047704 -0.00361492 -0.00110954 -0.0113532 -0.0128796 -0.000896393 -0.00663107 0.000228998 -0.00166508 -0.0063835 -0.00313088 -0.0135644 -0.00721566 -0.0113039 0.00028215 0.00187401 -0.00336641 -0.0111063 -0.000427078 -0.00191528 -0.00266505 -0.00742786 -0.00987655 -0.00802111 -0.00589985 -0.0102409
internal_weight=19105.5 17582.1 4144.67 3664 1630.57 1503.24 1097.64 94.0796 1523.42 1003.56 93.8536 60.0866 909.702 13437.4 35.9091 12702.8 5668.75 7034.03 330.349 4651.23 2596.53 1279.01 1317.52 265.849 1228.86 1188.79 1084.2 2054.7 1614.19 1197.31 225.598 194.871 971.71 257.261 117.968 90.0877 6703.68 298.371 217.139 41.4374 81.548 714.45 108.521 605.928 419.177 149.834 126.854 37.5173 104.597 75.2827 222.33 197.291 89.88 45.2299 6681.65 1476.53 1277.57 206.216 175.612 155.724 139.508 81.2325
internal_count=19133 17610 4180 3505 1686 1564 1152 84 1523 1068 105 72 963 13430 40 12670 5663 7007 319 4653 2359 1157 1202 231 1119 1085 979 2294 1812 1344 254 219 1090 284 135 104 6688 290 208 40 89 806 141 665 455 163 146 43 106 75 201 178 87 43 6665 1745 1510 245 210 185 166 82
cat_boundaries=0 1 2 3 4
cat_threshold=131 1360 2060 2108
is_linear=0
shrinkage=0.05


Tree=56
num_leaves=63
num_cat=2
split_feature=15 60 33 42 5 45 3 34 52 50 60 14 29 11 5 39 31 5 0 52 9 29 8 6 31 14 30 41 29 52 30 0 51 44 5 33 38 9 30 52 52 48 42 31 47 12 47 12 48 47 14 10 3 3 41 8 17 42 29 2 12 12
split_gain=3.61141 2.61754 2.38367 3.19292 3.38073 3.16569 1.85218 2.11377 2.20282 3.34657 1.86011 1.7752 1.74197 1.74042 1.64566 1.64581 2.59133 1.88218 1.8113 1.67406 2.83319 3.21418 4.05258 3.02059 2.69841 2.65895 2.70355 3.75803 3.50071 3.21705 3.04327 6.15393 2.74708 2.35595 3.54266 3.23499 2.25571 2.20141 2.19239 2.3944 4.36916 2.82524 2.17133 3.64127 2.94561 2.57638 2.59037 2.04696 2.00263 1.9264 1.71134 3.47328 3.1148 1.75588 1.71887 1.682 1.61086 3.04615 1.60605 1.60193 1.56594 1.542
threshold=-0.062882468104362474 0 0.42271184921264654 0.30442215502262121 0.18828788399696353 0.00099754612892866156 -0.20442035794258115 1.1140508651733401 1.0257704854011538 0.77671238780021679 1 -0.0064708776772022239 0.66589030623435985 0.068740475922822966 1.6847425699234011 0.74469411373138439 0.6045377552509309 1.2933968901634219 0.01361690415069461 0.33151155710220342 -0.043254768475890153 0.38867506384849554 0.02898405306041241 0.055999251082539565 0.26852954924106603 1.0000000180025095e-35 0.22304888814687732 1.1068111062049868 0.28690490126609808 0.12122271209955217 0.23019444197416308 0.0065787876956164846 0.63247704505920421 0.75723505020141613 0.10758068040013315 0.39304043352603918 0.24687716364860537 0.097085874527692809 0.20995585620403293 0.15708625316619876 0.16347655653953555 0.52756628394126903 0.10386092960834505 0.20511458814144137 1.1950085759162905 -0.023388825356960293 0.83886989951133739 -0.011140347458422182 0.59906551241874706 0.76501035690307628 0.00080592581070959579 0.12143900617957117 -0.20442035794258115 0.72545215487480175 0.56930953264236461 0.00041202260763384407 67.76462554931642 0.52143162488937389 0.28416968882083898 -0.27233839035034174 0.13649226725101474 0.044438730925321586
decision_type=2 1 2 2 2 2 2 2 2 2 1 2 2 2 2 2 2 2 2 2 2 2 2 2 2 2 2 2 2 2 2 2 2 2 2 2 2 2 2 2 2 2 2 2 2 2 2 2 2 2 2 2 2 2 2 2 2 2 2 2 2 2
left_child=6 14 3 11 -5 -6 7 8 10 -10 -1 -3 -8 -13 15 17 19 56 -19 24 -21 23 47 -22 25 33 38 30 29 -29 31 -28 37 34 -17 48 -34 -31 39 49 -41 -42 43 45 -45 -35 55 -23 58 -27 51 -51 -53 54 -52 -47 -2 -58 -36 -24 -59 -56
right_child=1 2 -4 4 5 -7 12 -9 9 -11 -12 13 -14 -15 -16 16 -18 18 -20 20 21 22 59 -25 -26 26 27 28 -30 32 -32 -33 36 42 35 -37 -38 -39 -40 40 41 -43 -44 44 -46 46 -48 -49 -50 50 53 52 -54 -55 61 -57 57 60 -60 -61 -62 -63
leaf_value=-0.00056948318133968054 0.00011151153035956971 0.0012176975386154365 0.00081570316668155569 0.00050308559520282833 -0.0015752562232412546 -3.9033718736053438e-05 0.00088807888732601566 0.0030800558712015969 -0.0031289220770778312 0.0018008836751374478 0.0017306293990937763 -9.4351161402795458e-05 0.0063188953865821185 0.0017775515799657625 0.0012528031754995828 -0.0017438124027017677 0.0019258385870797355 4.9760202705447877e-05 -0.0017899709456667683 0.00061022279315603586 -0.00078557014910096842 -0.0035121472174983685 -0.00087651740227705785 0.00025393048338327311 0.00027749943257520808 0.00053094783598064618 -2.7804987112243097e-05 -0.002339235260698359 -1.3854167890806649e-05 -0.0020755829611876554 0.00023065266692306186 -0.0032103082881375818 -0.0010679549749648776 9.0957475485577632e-05 -0.00083985713263336204 -0.00094924065919411169 -0.0021315572402044827 -0.0031396010419273315 0.0014807677858767222 -0.0013273077809490205 -0.00048757959914034826 0.001333507574524414 0.00017451959535524019 -0.0020506404835661618 -1.94295688575874e-06 -0.00092328632503983993 -0.0010265782082646408 -0.0034894565337095871 0.00011801798988947802 0.0001383416963611439 -8.68758782845423e-05 -0.00096914566912134528 -0.0019560892191879463 -0.0013038210746982313 0.00030553327892135582 0.0022715792710400777 0.0005321086639809723 -0.00033614407317921483 0.0007985338944304643 0.00030779413408046213 -0.0048188158768752961 -4.6921196807371459e-05
leaf_weight=336.69369095563889 2592.3508303165436 97.809172213077545 562.13531768321991 33.975446343421936 35.700363755226135 16.801652252674103 1076.0896455049515 172.38185912370682 60.973654568195343 38.453248918056488 141.64235442876816 6935.9886244535446 298.44322520494461 284.06136339902878 165.04450684785843 50.462242603302002 253.95721441507339 28.962398588657379 32.103242039680481 109.87954419851303 54.063230693340302 26.24609512090683 30.057043790817261 139.02769219875336 1782.5347929000854 264.43853944540024 59.289974451065063 26.75455629825592 85.259214401245117 22.921999573707581 430.33085381984711 35.906068444252014 36.96905243396759 229.19239139556885 86.377142369747162 20.33265084028244 30.107707500457764 26.390954256057739 217.46589660644531 36.450234949588776 30.438566148281097 85.80817312002182 288.7115336060524 30.614379703998566 20.870787680149078 43.747577130794525 47.305809140205383 22.691630661487579 41.98663318157196 89.351983070373535 21.699760019779205 24.731740713119507 40.990180253982544 44.625007033348083 242.60526907444 27.327552378177643 694.83626145124435 21.796450853347778 24.930942714214325 49.107493877410889 15.14535731077194 232.14549231529236
leaf_count=348 2328 113 636 40 40 20 1078 170 61 40 167 7873 308 326 137 43 259 20 29 95 47 21 29 125 1718 202 47 23 74 20 372 29 28 194 73 21 22 21 177 27 30 85 282 34 23 34 39 20 32 70 18 17 24 27 140 22 573 23 27 41 20 151
internal_value=0.000542938 0.000299433 -0.000360471 -0.000599798 -0.0101484 -0.018099 0.00248661 0.000480461 -0.000962145 -0.0077326 0.000436032 -0.000486139 0.0035777 -0.000577451 0.0008826 0.000790627 0.000252829 0.00165719 -0.00701768 1.14254e-05 -0.00297139 -0.00534849 -0.0114908 -0.00124379 0.000281578 -0.00063353 0.000349405 -0.00203963 -0.00739356 -0.0121698 0.00027874 -0.00779519 -0.00849962 -0.00288598 -0.00734267 -0.00391201 -0.00182311 -0.0174579 0.00170671 0.000804348 -0.00500114 -0.000216467 -0.00142577 -0.0038191 -0.0162288 -0.00196235 -0.00795402 -0.0228117 -0.00138532 0.00173283 0.000344885 -0.00427508 -0.0130016 0.00167877 0.00254076 -0.00183434 0.00181826 0.00389294 -0.00492239 -0.00440944 -0.0100372 0.00317874
internal_weight=19105.5 16980.8 7966.47 7404.34 86.4775 52.502 2124.68 750.145 577.763 99.4269 478.336 7317.86 1374.53 7220.05 9014.34 8849.3 5464.11 3385.19 61.0656 5210.15 431.073 321.193 128.102 193.091 4779.08 2996.54 2084.68 753.93 228.403 143.144 525.527 95.196 116.39 911.86 224.09 173.627 67.0768 49.313 1330.75 1113.28 152.697 116.247 687.77 399.058 51.4852 347.573 118.381 48.9377 153.295 960.588 696.149 155.074 65.7219 541.076 496.451 71.0751 3324.13 731.778 111.308 79.1645 36.9418 474.751
internal_count=19133 16961 9048 8412 100 60 2172 786 616 101 515 8312 1386 8199 7913 7776 4783 2993 49 4524 378 283 111 172 4146 2428 1604 636 188 114 448 76 91 824 196 153 50 41 968 791 142 115 628 346 57 289 95 41 132 649 447 111 41 336 309 56 2944 616 100 70 43 291
cat_boundaries=0 1 2
cat_threshold=147 406
is_linear=0
shrinkage=0.05


Tree=57
num_leaves=63
num_cat=2
split_feature=48 60 29 60 5 51 51 49 31 13 51 40 0 62 6 31 52 45 37 42 42 20 22 50 10 22 42 50 15 15 53 14 50 62 40 46 37 28 41 22 29 20 64 28 15 38 32 48 38 37 22 46 35 14 49 22 45 8 35 5 20 10
split_gain=3.57061 3.44247 3.51877 2.34899 2.31457 2.92577 2.28723 4.23711 3.34555 2.25656 2.25652 2.19625 2.22325 2.11631 2.04863 2.17863 2.47471 2.6517 3.43774 3.07304 2.893 2.33301 2.62237 2.97389 2.276 3.91714 2.23462 2.2241 2.20761 2.81996 2.69744 2.1036 1.99711 1.97073 1.89456 1.87012 1.86131 1.8289 2.51512 2.39374 2.32673 2.4234 2.34882 1.95444 1.90667 1.82518 2.66862 1.78921 1.74588 1.89654 1.72381 1.54551 2.59107 1.91506 1.75891 1.49257 1.59635 1.4779 1.9257 1.98125 1.83694 2.17429
threshold=0.72964271903038036 0 0.53978449106216442 1 1.02047735452652 0.62638381123542797 0.81544315814971935 0.26601912081241613 0.34173853695392614 -0.013367691077291964 0.82762008905410778 1.3105604052543642 -0.026821749284863469 27.500000000000004 0.078299857676029219 0.13068787008523944 0.1135263815522194 -0.079519938677549348 0.18517235666513446 0.10638245195150377 0.11941948160529138 0.037411039695143707 27.500000000000004 0.96972137689590465 -0.031755188480019562 11.500000000000002 0.15804956853389743 0.34098801016807562 0.026696910150349144 -0.027976390905678269 0.051257884129881866 -0.0013291861396282909 1.2295631766319277 22.500000000000004 1.7392018437385561 0.01856649108231068 0.14766442775726321 0.76973277330398571 1.3068072199821474 14.500000000000002 0.32638068497180944 0.075154818594455733 1.5455212593078616 0.29953172802925115 0.06031750142574311 0.33464194834232336 0.14976978302001956 0.21244778484106067 0.30267333984375006 0.11520976945757867 29.500000000000004 0.049364477396011359 0.25213363766670233 0.0034519459586590533 0.15493785589933398 4.5000000000000009 0.011209634598344566 0.015471801627427341 0.62916636466979992 0.12221903353929521 0.064780715852975859 0.11257612332701684
decision_type=2 1 2 1 2 2 2 2 2 2 2 2 2 2 2 2 2 2 2 2 2 2 2 2 2 2 2 2 2 2 2 2 2 2 2 2 2 2 2 2 2 2 2 2 2 2 2 2 2 2 2 2 2 2 2 2 2 2 2 2 2 2
left_child=3 2 -2 6 37 -6 13 8 -8 32 -7 12 -11 14 15 -1 21 18 19 -18 -21 22 24 -24 25 31 -20 35 29 -28 -31 -17 -5 50 51 -19 -35 38 -3 -40 -41 42 -42 -43 -39 46 47 -38 49 -26 55 -15 -53 -54 -55 56 -13 60 59 -59 61 -14
right_child=1 4 -4 9 5 10 7 -9 -10 11 -12 33 57 34 -16 16 17 27 26 20 -22 -23 23 -25 48 -27 28 -29 -30 30 -32 -33 -34 36 -36 -37 45 44 39 40 41 43 -44 -45 -46 -47 -48 -49 -50 -51 -52 52 53 54 -56 -57 -58 58 -60 -61 -62 -63
leaf_value=0.00057597350503410993 -0.0013758756516060748 0.00038194102750450709 0.0038916277711562308 -0.0011299234245609109 -0.0016299513670417539 7.942729289439084e-05 -0.00012365916541517697 0.00056053075047749477 -0.0016205119458917309 0.00055939571334460449 -0.0017213566729653543 1.3724902400409869e-05 -8.9561197928661462e-05 0.00039641263838870736 0.0011935656882907028 -0.0014411177605903097 -1.8119926068518867e-05 0.00068760456264804694 0.00066366232086198388 -0.0020786301193489553 -0.00027611212476033115 0.0011355545975150871 -0.00048517197805677398 -0.00082883908340294216 -8.5644774406311587e-05 -1.253649685849928e-06 0.0010181594507750206 0.00063489965017654311 0.0010661033243848457 -0.0012159317522590308 -0.0019491470206033619 -0.001732682143606313 -0.004857107631495901 -0.0013336007389737406 -0.0016269948841866203 -0.0020605328556231005 0.00035333277642055213 0.0059331523613537001 0.00057675854288964884 0.00020145686527749606 -0.003002648769952473 -0.0048207620751719894 -0.0017635833236489514 0.00011748308907593292 -0.0014909916999481772 -0.0021029356158933465 0.0011361624786913882 -0.0012843351163901861 -0.0016133305959646371 4.0103365485850283e-05 -0.00074816754079414763 -0.0019481084593878533 0.00061773398395539587 -0.001081215603764163 -0.0050531848537783879 0.00052098589387215009 -0.0019774411781867725 0.00063874011121830144 -0.0023028281943183585 -6.8081323834706669e-06 0.00012887225424100396 -0.00059727401794168401
leaf_weight=227.16879266500473 167.14045423269272 2320.1024188399315 57.203899919986725 98.92607444524765 45.551203668117523 183.00202941894531 27.614545345306396 64.385028660297394 23.078579902648926 547.56009554862976 28.080234348773956 88.677232265472412 4473.5611039996147 240.69176399707794 1227.3543772697449 16.369448244571686 45.570248007774353 19.448402881622314 190.75669950246811 31.340337932109833 23.753254055976868 114.02811318635941 31.873375296592712 33.903011620044708 28.659940719604492 53.152991712093353 22.285581707954407 892.24664056301117 36.622446954250336 32.321180284023285 28.245996952056885 22.951247692108154 24.078094482421875 16.184714555740356 15.666327834129332 16.533168971538544 22.256948947906494 341.91890132427216 286.72272318601608 39.088831901550293 36.607032895088196 24.154033839702606 39.758080959320068 80.935388147830963 33.460500001907349 18.723160028457642 88.380776882171631 31.092961549758911 27.073928952217102 229.37035435438156 44.211251318454742 27.772126615047455 81.89216822385788 46.286877691745758 27.060020804405212 705.14492726325989 19.673585593700409 467.45860373973846 32.23061603307724 3445.5406774282455 632.54435157775879 760.04638379812241
leaf_count=185 212 1913 72 114 34 139 32 64 15 555 20 94 4513 338 1447 22 30 22 201 20 23 144 31 30 13 67 26 874 46 41 32 28 16 22 22 20 30 318 256 28 32 24 35 68 28 25 119 42 34 238 43 39 115 65 38 716 20 464 30 3470 626 753
internal_value=0.000524224 0.00192293 -0.00396869 0.000189789 0.00231134 -0.00223959 0.00124782 -0.00568153 -0.0164934 -0.000169526 0.00021928 -9.64747e-05 -0.000316263 0.00146295 0.00189148 0.000948338 0.00039111 0.00155861 -0.00177755 -0.00980519 -0.01774 -0.00240465 -0.00405064 -0.0132733 -0.00242767 -0.00924057 0.00081346 0.00304084 -0.00452625 -0.0090648 -0.0146778 -0.0211856 -0.00690349 0.00209968 -0.00179372 -0.00909196 -0.00269334 0.00268484 0.00224649 -0.000935177 -0.00485711 -0.00725299 -0.0140382 -0.00226618 0.00597172 -0.00102503 0.000883801 -0.00789686 -0.000197901 0.0010534 0.0030928 -0.00114759 -0.00461607 -0.00205821 -0.00794042 0.0036195 -0.00181003 -0.000489751 0.000257527 0.000359168 -0.000993175 -0.0013013
internal_weight=19105.5 3683.73 224.344 15421.8 3459.38 256.633 3905.48 115.078 50.6931 11516.3 211.082 11393.3 10358.9 3790.4 3351.03 2123.68 1896.51 1339.12 410.896 100.664 55.0936 557.382 443.354 65.7764 377.578 92.4737 310.232 928.228 119.475 82.8528 60.5672 39.3207 123.004 1034.35 439.369 35.9816 176.639 3202.75 2827.37 507.266 220.543 181.455 76.3651 105.089 375.379 160.454 141.731 53.3499 285.104 258.03 857.707 423.703 183.011 155.239 73.3469 813.496 108.351 9811.38 3945.23 3913 5866.15 5233.61
internal_count=19133 3179 284 15954 2895 193 4302 111 47 11652 159 11522 10411 4191 3574 2127 1942 1335 419 73 43 607 463 61 402 117 346 916 145 99 73 50 130 1111 617 42 238 2702 2356 443 187 159 67 92 346 216 191 72 285 251 873 595 257 218 103 830 114 9856 3964 3934 5892 5266
cat_boundaries=0 1 2
cat_threshold=2144 195
is_linear=0
shrinkage=0.05


Tree=58
num_leaves=63
num_cat=1
split_feature=29 60 3 49 62 13 47 20 12 62 45 40 43 34 22 46 17 8 53 6 49 26 17 29 22 39 54 55 40 46 49 12 43 43 53 39 46 26 35 27 0 39 50 1 9 43 39 20 62 17 17 35 50 2 20 47 45 5 39 62 50 41
split_gain=3.41213 2.4799 1.86616 2.5124 3.42224 1.62745 2.7313 3.06555 1.80969 1.72796 2.12783 1.65259 1.5512 2.4186 2.1298 2.00162 2.87524 1.60783 1.53463 1.90514 3.68871 2.07205 2.25874 1.82167 1.72963 1.8269 1.66107 2.19681 2.36632 1.96671 1.65495 2.23637 2.18306 2.64326 2.46076 2.24279 2.02505 1.80726 2.20728 1.672 2.34198 2.04493 1.91393 1.78559 1.78395 3.07378 3.03878 2.23121 3.94957 1.9956 1.79901 2.48152 1.78953 1.84879 1.82851 1.68373 3.44045 2.26125 1.67573 1.63547 2.10443 2.61169
threshold=0.66589030623435985 0 -0.26426087319850916 0.45431487262248998 10.500000000000002 0.0095682572573423403 1.1812928318977358 0.1079208515584469 0.12141016498208047 27.500000000000004 0.27802813053131109 1.7392018437385561 0.40959095954895025 0.42832100391387945 30.500000000000004 -0.01800290402024984 55.321754455566413 -0.086851142346858964 0.003162022447213531 0.020701671019196514 0.16085091978311541 -0.0011913492344319818 63.110078811645515 0.11461250111460687 7.5000000000000009 0.40333056449890142 0.15289279073476794 -1.0000000180025095e-35 1.0374921560287478 -0.084890387952327714 0.10548568516969682 -0.023388825356960293 0.28892487287521368 0.23291534930467608 -0.57123059034347523 0.76000815629959118 -0.39103184640407557 0.00095364253502339136 0.24204471707344058 -0.22946707159280774 0.017347186803817752 1.5444836616516116 0.80912527441978466 -0.62564346194267262 0.061984457075595863 0.17291252315044406 0.89339211583137523 0.032076271250844009 2.5000000000000004 55.088335037231452 26.443598747253422 0.18817502260208133 1.1883314847946169 -1.1265770196914671 0.064780715852975859 0.99360433220863353 0.1297654211521149 0.97382888197898876 0.4902645349502564 4.5000000000000009 0.79860693216323864 0.47129878401756292
decision_type=2 1 2 2 2 2 2 2 2 2 2 2 2 2 2 2 2 2 2 2 2 2 2 2 2 2 2 2 2 2 2 2 2 2 2 2 2 2 2 2 2 2 2 2 2 2 2 2 2 2 2 2 2 2 2 2 2 2 2 2 2 2
left_child=1 5 3 4 -2 8 -7 -8 9 -1 11 -11 13 18 -15 16 -14 -17 26 20 21 -20 -23 24 25 -21 27 28 -3 -30 31 -29 33 34 37 -34 -33 38 -32 41 44 -36 -43 -42 50 47 49 48 -46 -47 51 -41 53 -52 -55 56 57 59 -54 -49 61 -61
right_child=2 12 -4 -5 -6 6 7 -9 -10 10 -12 -13 15 14 -16 17 -18 -19 19 23 -22 22 -24 -25 -26 -27 -28 30 29 -31 32 36 35 -35 39 -37 -38 -39 -40 40 43 42 -44 -45 45 46 -48 55 -50 -51 52 -53 58 54 -56 -57 -58 -59 -60 60 -62 -63
leaf_value=0.00016879246256130455 -0.0039091751921173055 4.0327268034746903e-06 0.0031776836895665173 0.0021604238381451842 -0.00035322522737075285 0.0018223710237546429 -0.0017631542179994528 -0.00078448435383610723 0.0014799089046378612 -1.0832921158811239e-06 -0.0038649276484731738 -0.0015456451399772893 -0.00054834661828381543 0.00070000258419591909 -0.0036568911921768172 -0.0023106855889729492 -0.0055595959145283702 0.00013448747001267529 -0.00076517523001176668 -0.00036363756387074566 -0.0011869889021145783 0.00014278393028501897 -0.00077284507219966484 4.9460277511521877e-05 0.00055146053508211071 0.00017047034228399161 0.00090486011011637127 0.00066552172404544239 -0.0004554152087139357 -0.0017970954879813845 -0.0012327231594518333 -0.0005661844315413792 -0.00028421919918448086 0.0007775082185866684 6.1352465561831631e-05 -0.0024235030271307521 3.9757406594377471e-07 4.0763205325687614e-05 -0.001506566255343067 -0.0011119298879427482 -0.0021099590705556588 -0.0020498950532284884 3.7324895924700785e-05 0.00049515599675070134 -0.0016422260483940918 -0.0021414021060568683 0.00026056624250804446 0.001510326834614563 -0.00084622639669867526 -0.0015310876234476663 0.00078627865194285393 -0.0002176915922372588 0.00041959201712660882 -0.00013660967088485049 0.0013006733479658016 0.00027915681110979583 -0.0017838409557748959 0.0021136893267205766 -0.0012581620697544717 -0.0010239922374314877 -0.0020882557475393588 -0.0001941352220307613
leaf_weight=3369.3742474317551 29.948183059692383 32.546476066112518 494.99754726886749 326.67885184288025 80.548519372940063 62.596041083335876 32.33969521522522 31.541886985301971 380.49560612440109 311.19023925065994 29.19633823633194 17.802645266056061 67.889456629753113 1030.0540690422058 26.65671181678772 64.41681182384491 28.538582026958466 167.26392674446106 24.989873766899109 36.751665771007538 41.890808343887329 145.98858833312988 29.725950598716736 4758.766508102417 428.11492192745209 99.142482101917267 184.20991241931915 416.08955293893814 22.237736463546753 17.347934782505035 20.698335945606232 37.540895760059357 35.116920948028564 280.36246973276138 1225.8411390781403 20.858882963657379 1327.1416674852371 21.155291736125946 24.840000212192535 32.048261284828186 29.297554790973663 27.286740183830261 23.986643671989441 446.42177015542984 24.459576845169067 26.315497696399689 21.438492953777313 20.876247525215149 89.374975085258484 29.393690049648285 76.046124577522278 77.064717650413513 25.504994690418243 1659.1767340302467 80.045608699321747 248.65373563766479 29.291760444641113 55.963254809379578 139.22910594940186 21.573436737060547 29.230093955993652 109.92787861824036
leaf_count=3185 24 32 525 315 103 78 28 32 411 437 41 25 65 1013 26 56 27 155 25 33 45 143 31 4717 412 93 199 421 24 18 22 40 42 287 1220 22 1407 22 25 33 30 28 20 434 14 25 24 14 93 32 81 81 25 1686 78 220 27 53 138 25 28 118
internal_value=0.000524357 0.000372706 0.00347518 0.00108008 -0.00541709 0.0014308 -0.00413909 -0.0114218 0.00160708 0.0012699 -0.00202524 -0.000859001 4.98329e-05 0.000132129 0.00242946 -0.00334623 -0.00940047 -0.000801849 -6.08653e-05 0.000558164 -0.00377075 -0.000924409 0.00096766 0.000756469 0.00344433 -0.00144091 -0.000554546 -0.000682033 -0.00936 -0.0175594 -0.000588174 0.000717336 -0.00105871 -0.000945207 -0.00123241 -0.0108767 -0.000257696 -0.0107683 -0.0163755 -0.00109125 -0.00169053 0.000439901 -0.00932496 0.00154613 -0.00224312 -0.00441859 -0.0138521 -0.00325224 -0.00959508 -0.0200069 -0.00150485 -0.00776026 -0.00115723 -0.000701129 -0.00103744 -0.00184036 -0.00460154 -0.00257983 -0.00614936 -0.00530215 -0.00702879 -0.00427493
internal_weight=19105.5 18173.3 932.173 437.176 110.497 4234.54 126.478 63.8816 4108.06 3727.56 358.189 328.993 13938.8 13610.7 1056.71 328.109 96.428 231.681 12554 5565.37 242.595 200.704 175.715 5322.78 564.009 135.894 6988.59 6804.38 72.1321 39.5857 6732.25 1780.77 4951.48 4895.5 4615.14 55.9758 1364.68 66.6936 45.5383 4548.45 3271.33 1277.11 51.2734 475.719 2795.61 706.499 77.1477 629.351 113.835 55.7092 2089.12 109.113 1980 1815.27 1739.22 515.516 266.863 237.571 164.734 181.608 160.731 131.501
internal_count=19133 18166 967 442 127 4237 138 60 4099 3688 503 462 13929 13626 1039 303 92 211 12587 5499 244 199 174 5255 538 126 7088 6889 74 42 6815 1868 4947 4883 4596 64 1447 69 47 4527 3259 1268 48 464 2795 673 81 592 107 57 2122 114 2008 1845 1764 485 265 238 163 185 171 143
cat_boundaries=0 1
cat_threshold=131
is_linear=0
shrinkage=0.05


Tree=59
num_leaves=63
num_cat=1
split_feature=15 60 29 41 15 50 20 41 16 29 41 40 62 38 37 28 22 1 36 2 37 26 40 46 15 49 53 13 9 45 6 39 39 31 37 22 3 40 31 34 14 31 37 51 45 10 22 13 49 46 62 16 20 6 20 53 45 9 27 53 41 51
split_gain=3.29278 2.21783 1.81591 3.18001 2.3748 2.91114 2.0868 1.87515 2.60019 1.80497 1.98033 1.76321 2.30916 2.37669 2.06129 1.7975 2.33555 2.47802 3.09047 2.80888 1.90308 1.68951 2.15712 1.68098 1.62741 1.60378 3.03447 3.22987 2.16003 2.08942 1.86356 1.9892 1.52843 2.41684 1.76419 2.00086 2.10376 2.20479 1.97296 3.39179 2.62934 2.37672 3.0332 2.35958 2.22169 3.46166 2.337 2.87263 2.12179 5.7916 5.91351 3.21158 1.91372 2.39604 1.83484 1.81814 1.78326 1.8917 2.226 1.71152 1.702 3.95024
threshold=-0.062882468104362474 0 0.7220122516155244 1.3068072199821474 -0.09421531111001967 0.95878252387046825 0.059326374903321273 1.1972265839576723 -0.37070764601230616 0.40994697809219366 1.3068072199821474 1.3167716264724734 22.500000000000004 0.33464194834232336 0.14766442775726321 0.070989310741424574 11.500000000000002 0.2417944818735123 0.10681814700365068 -0.83153375983238209 0.18211896717548373 -0.0037723442073911424 0.95860216021537792 -0.28787253797054285 -0.13262003660202024 0.10774463042616846 -0.57123059034347523 0.0001533922986709513 -0.04008283652365207 -0.22418573498725888 0.048740714788436897 0.93982872366905224 0.74469411373138439 0.6045377552509309 0.44253663718700414 29.500000000000004 0.67649191617965709 0.91956105828285228 0.26852954924106603 0.3017356544733048 -2.649222824402386e-05 0.18080206215381625 0.15959656238555911 0.56785759329795849 0.028935142792761329 0.12915173918008807 24.500000000000004 0.0007038928451947869 0.13894564658403399 -0.21354654431343076 4.5000000000000009 0.12614548206329348 0.041599009186029441 0.086771685630083098 0.064780715852975859 0.13745071738958362 0.053055031225085265 0.10636296868324281 -0.87853410840034474 -0.081271700561046586 1.0816796422004702 0.52876520156860363
decision_type=2 1 2 2 2 2 2 2 2 2 2 2 2 2 2 2 2 2 2 2 2 2 2 2 2 2 2 2 2 2 2 2 2 2 2 2 2 2 2 2 2 2 2 2 2 2 2 2 2 2 2 2 2 2 2 2 2 2 2 2 2 2
left_child=2 32 3 -1 5 24 -7 8 -4 11 -11 15 -13 14 -14 16 17 18 -3 -20 -21 22 -12 -18 -5 28 27 -27 -17 30 -30 -32 -2 34 38 36 37 -36 39 40 44 -42 43 -43 46 -46 -34 -48 60 50 -50 55 53 -41 -53 56 59 58 -58 -51 -44 -62
right_child=1 9 7 4 -6 6 -8 -9 -10 10 21 12 13 -15 -16 25 23 -19 19 20 -22 -23 -24 -25 -26 26 -28 -29 29 -31 31 -33 33 -35 35 -37 -38 -39 -40 52 41 42 48 -45 45 -47 47 -49 49 51 -52 54 -54 -55 -56 -57 57 -59 -60 -61 61 -63
leaf_value=0.00080324039426595039 0.00016455745365566416 -0.0002315620615227804 -0.0022937332737505921 0.00030069630376839247 0.00074375002685566868 -0.0012058224219205493 -0.004146351943491877 0.0044374346806788255 0.0017793559015200676 0.0012290213630942613 0.00070025520645926461 0.00047914444660922647 -0.001249505619442147 -0.0019924161066106963 0.00022907076026758288 0.0012765782520346436 -0.0003088466206599111 0.00011087419943652533 -0.00024797811113573407 -0.0011276394570088493 -0.0015554307776805242 2.0312394854130252e-05 -0.0066509634902165195 -6.0430331103429446e-06 -0.0018964538854753085 0.00095287384862413063 -0.00012944268223124465 -0.0014312379425759137 -7.5330337929889474e-05 4.5785280904464548e-05 -0.00083882607069641995 -0.0020174722940987876 -0.00033022727478123129 0.0018134030437990944 -0.0016965642185054126 -0.0042671681021840407 0.001439130358387733 -0.00074499281798490332 0.0002444162303161711 -1.2303848161309246e-05 0.000248898038407247 -0.0021307965664385631 0.00067320800290062582 -9.9579373368083819e-06 8.9218166136946714e-05 -0.0038018061772673649 -0.00089013109132962892 -0.0016241402833986286 -0.0017067762292673361 -0.00092785248917732945 -0.00044623221222211826 -0.00054275668509076952 -0.0016820375138224403 -0.0021535875542409056 -0.0034107927816057274 0.0012755416879273896 -0.0015186211646519899 -0.0029403555422797454 3.0887608712378785e-05 0.00042144050170114388 -0.0012375837304450157 6.4081617710644827e-05
leaf_weight=1408.9398167729378 3402.8792385458946 45.584465503692627 24.272235512733459 81.624896824359894 85.378681302070618 23.995018064975739 25.809004306793213 370.61072361469269 46.657252252101898 390.19059318304062 20.627248704433441 608.75843548774719 14.714974164962767 20.140189647674561 145.35232758522034 200.22972470521927 54.244697093963623 22.012186825275421 18.753447353839874 38.555543541908264 15.819360613822935 200.9693329334259 18.194154918193817 245.56304931640625 57.390050053596497 19.060795903205872 4346.3714685440063 34.244706392288208 41.990300238132477 1423.1683987379074 23.044197142124176 18.88234156370163 297.59691107273102 261.6587205529213 37.249685406684875 28.269242167472839 75.244141757488251 306.29239124059677 1834.9329688549042 67.764203608036041 602.14264243841171 43.449166417121887 556.1423487663269 34.131963133811951 413.98974442481995 22.583589494228363 65.103605449199677 21.803343832492828 28.03668224811554 52.081802546977997 67.535590946674347 30.835200130939484 28.374805808067322 35.722886562347412 23.777347683906555 170.10354667901993 36.246525168418884 27.289063096046448 105.03003257513046 176.43953847885132 37.025807917118073 124.61191493272781
leaf_count=1447 3006 50 25 88 87 22 20 376 50 449 24 664 20 27 196 231 62 26 22 46 19 220 20 274 57 21 4922 34 49 1626 25 21 271 268 36 28 88 329 1686 63 402 32 474 20 357 24 63 19 15 44 71 27 22 30 19 140 25 18 81 132 38 85
internal_value=0.000490817 0.000258292 0.00234675 0.0015936 -0.00332415 -0.0064615 -0.0168406 0.00520539 -0.00218738 -0.000349084 0.00221699 -0.000570616 0.00166011 -0.00329681 -0.00122136 -0.0008402 -0.00392649 -0.00924443 -0.0121142 -0.0184842 -0.0242367 -0.00134273 -0.0108832 -0.00141142 -0.00269769 -0.000616688 -0.00112186 -0.0129754 0.000682178 3.04531e-05 -0.00762805 -0.0150724 0.000795122 0.000287908 5.74341e-05 -0.00294794 -0.00206315 -0.00373037 0.000332552 -0.000441886 -8.76992e-05 0.000842868 -0.000211576 -0.00983666 -0.00249049 -3.79179e-05 -0.00526147 -0.0124897 0.0003059 -0.00161301 -0.0130661 0.000141119 -0.00828405 -0.00505483 -0.0114187 0.0012648 -0.000576856 -0.00448681 -0.00211306 0.0022861 0.00223065 -0.0022657
internal_weight=19105.5 16980.8 2124.68 1683.14 274.198 188.819 49.804 441.54 70.9295 7966.47 629.981 7336.49 788.966 180.207 160.067 6547.52 440.533 140.725 118.713 73.1284 54.3749 239.791 38.8214 299.808 139.015 6106.99 4399.68 53.3055 1707.31 1507.09 83.9168 41.9265 9014.34 5611.47 5349.81 447.055 418.786 343.542 4902.75 3067.82 2935.96 2114.88 1512.74 77.5811 821.077 436.573 384.504 86.9069 1435.16 717.375 95.5723 621.803 131.862 103.487 54.6125 567.191 397.087 168.566 141.277 228.521 717.78 161.638
internal_count=19133 16961 2172 1721 274 187 42 451 75 9048 713 8335 907 243 216 7428 499 163 137 87 65 264 44 336 145 6929 4977 55 1952 1721 95 46 7913 4907 4639 481 453 365 4158 2472 2357 1623 1221 52 734 381 353 82 1169 572 86 486 115 93 46 440 300 124 106 176 597 123
cat_boundaries=0 1
cat_threshold=147
is_linear=0
shrinkage=0.05


Tree=60
num_leaves=63
num_cat=1
split_feature=48 28 3 64 17 13 49 6 51 11 30 28 37 12 62 53 52 50 19 61 13 40 39 49 6 10 51 46 28 49 40 61 38 44 28 26 53 44 62 14 43 39 29 63 50 11 53 37 29 43 22 42 9 14 9 3 61 53 11 13 48 46
split_gain=3.93472 3.82586 3.12076 2.05396 3.47627 2.20526 2.09325 2.81722 2.42496 2.13509 2.0241 1.91815 2.20651 1.82216 1.82249 2.86169 1.80801 1.93018 2.59279 2.72544 3.05538 2.58642 2.50011 1.7671 3.9786 2.99035 2.7046 2.1564 1.80218 2.10232 1.80865 1.78252 2.40868 4.04176 2.06303 1.74535 1.73424 1.95697 1.71265 2.0476 1.8377 1.71148 3.19991 3.531 3.49018 2.00623 2.63637 2.03332 1.83492 1.9975 1.73247 1.88253 1.89877 1.70805 2.62683 1.86365 1.74448 3.62724 3.77096 1.91369 2.48628 2.07042
threshold=0.70050963759422313 0.63556042313575756 0.86796748638153087 1.5455212593078616 57.153949737548835 0.0059184096753597268 0.10434813424944879 0.024882878176867965 0.64077427983284008 -0.001987181836739182 0.55355128645896923 0.18837954849004748 0.69249281287193309 0.18448588997125628 14.500000000000002 -0.70900249481201161 0.10676653683185579 1.4516419768333437 0 3.5000000000000004 0.0031330863712355499 0.98758175969123851 1.2135489583015444 0.11880695819854738 0.029650861397385601 0.030776898376643661 0.65806812047958385 -0.29297137260437006 0.70549362897872936 0.34154866635799414 0.95860216021537792 7.5000000000000009 0.19047041237354281 1.2705921530723574 0.12031981721520425 -0.0018860795535147188 0.37489274144172674 1.2705921530723574 24.000000000000004 0.0021173998247832064 0.11778089776635171 1.5444836616516116 0.26493433117866522 1.0000000180025095e-35 1.0834779739379885 -0.018643234856426712 -0.44983726739883417 0.26163208484649664 0.36093442142009741 0.22784376889467242 2.5000000000000004 0.27009682357311254 0.067300349473953261 0.00043594272574409848 0.060812328010797508 -0.30561481416225428 9.5000000000000018 -1.0000000180025095e-35 0.0073443474248051652 -0.0028681523399427529 0.53639158606529247 -0.31074833869934076
decision_type=2 2 2 2 2 2 2 2 2 2 2 2 2 2 2 2 2 2 1 2 2 2 2 2 2 2 2 2 2 2 2 2 2 2 2 2 2 2 2 2 2 2 2 2 2 2 2 2 2 2 2 2 2 2 2 2 2 2 2 2 2 2
left_child=2 13 3 5 6 41 7 8 9 35 16 -12 -13 14 15 -2 17 18 21 22 -21 -6 -20 24 -8 28 27 -26 29 -25 -30 32 33 -29 -34 -5 -27 -38 39 -22 -40 45 -43 -44 -45 46 47 -1 49 50 -47 53 -53 54 56 -56 59 -58 -59 60 -52 -61
right_child=1 -3 -4 4 10 -7 23 -9 -10 -11 11 12 -14 -15 -16 -17 -18 -19 19 20 38 -23 -24 25 26 36 -28 31 30 -31 -32 -33 34 -35 -36 -37 37 -39 40 -41 -42 42 43 44 -46 48 -48 -49 -50 -51 51 52 -54 -55 55 -57 57 58 -60 61 -62 -63
leaf_value=-0.0014670676263719312 -0.0034340696230013238 0.0035024942155636274 0.00045103320398341907 -0.00094115138567386208 5.1239422705277873e-05 0.00045453263321346653 5.61120048745061e-05 0.00026093493169955241 -0.00084292100767620792 0.00019889469945303528 0.00029937588470285855 -0.004495807161437171 -0.0023694212227456813 -0.0011098943132337973 -8.2268422403167232e-05 0.00022965686104142654 0.00021627605307280567 0.0016050881834741031 0.00066659336396805366 -0.00040926558375706967 -0.0005445924050164364 -0.0012187306939104485 -0.00064135500319201103 -0.00043054725457592207 0.00064147372272183457 0.00052117402919879649 -0.001652559069521905 -0.0012297665117474864 -0.0014289504485444195 0.00031052942773008256 -0.005153100145596428 -0.00016437805811905239 4.2302071360882477e-05 -0.00051410669483877957 -0.0015003650952697012 -0.00032548276455821452 -0.0017977605526430511 0.00032989689599586397 0.0014967740931665634 -0.0016488076519346447 -0.0033999601182639603 0.00018338171927268222 0.00018098605661851232 -0.00089721205705277092 -0.0017985693751484415 0.00035534496137907846 0.00047121769537931127 -1.2862622624638943e-05 0.00045540815142093875 0.002074262265468696 -0.0008750662336560836 -0.00016354541473525731 -0.0020007913332275975 1.6715245046336699e-05 -0.00093393803832414815 -0.00097103741560066468 0.0028521074349218915 -0.00067075873004536631 -0.0016298590245323195 -0.00051006342823492197 -0.0011454042938155301 1.0987191952934828e-05
leaf_weight=30.619233131408691 43.100478291511536 633.35155379772186 1042.3108996748924 27.077362835407257 20.151384294033051 672.49828374385834 126.681565284729 596.83755725622177 45.924151062965393 146.16593676805496 22.321365118026733 29.314881920814514 22.407089054584503 27.960210800170898 976.87690222263336 2927.1444704532623 1956.7779466509819 101.06748098134995 184.07720369100571 151.19266384840012 58.222821116447449 37.958581268787384 38.955213248729706 1533.610976755619 36.811712324619293 565.07836490869522 23.735226511955261 56.660252332687378 21.164746463298798 179.01108825206757 16.96954071521759 117.49271988868713 45.68557608127594 37.215038239955902 149.67368501424789 113.07465076446533 44.277664005756378 25.139649271965027 28.223278760910034 24.242989659309387 16.621305227279663 122.99198651313782 67.645400643348694 58.274818360805511 29.646230220794678 245.26458948850632 1347.178639292717 41.742164671421051 477.67691737413406 110.23481971025467 82.892694711685181 22.404698610305786 36.465463399887085 2044.6126369833946 30.11503940820694 23.811432003974915 28.991661846637726 41.528596699237823 25.857428133487701 159.76829874515533 25.131770551204681 1084.5570555329323
leaf_count=30 32 588 1138 28 24 710 131 671 33 148 21 32 28 13 1249 2105 2081 124 157 181 67 43 32 1740 42 629 18 43 25 203 18 157 52 33 171 111 51 20 39 27 23 117 84 51 22 238 1345 51 497 110 76 21 38 1963 25 23 37 53 33 154 24 1047
internal_value=0.000491207 0.00176342 8.51703e-05 -0.000119325 -0.000748199 0.000489415 -0.00170081 0.000366606 -0.00331668 -0.00158401 0.000633218 -0.00750662 -0.0128117 0.00118668 0.00127805 0.00189459 0.000865665 -0.00139158 -0.00254604 -0.00137522 -0.00467953 -0.0125456 0.00272875 -0.00234722 -0.00479213 -0.00173613 -0.00692583 -0.00602732 -0.00280272 -0.00255927 -0.0135701 -0.00708159 -0.00919511 -0.0158074 -0.00598569 -0.0060022 0.00119899 -0.00623536 -0.0103839 -0.0146685 -0.00237829 0.000190686 -0.00363617 -0.00840601 -0.0150081 0.000373545 0.00200993 -0.0072634 -0.00014862 -0.000502691 -0.000693868 -0.000971533 -0.00983956 -0.000822677 -0.00210261 -0.0129419 -0.00169482 -0.00819978 -0.0145786 -0.00122697 -0.0076119 -0.000668081
internal_weight=19060.5 4608.43 14452 13409.7 6599.82 6809.91 3908.29 929.08 332.242 286.318 2691.53 74.0433 51.722 3975.08 3947.12 2970.24 2617.49 660.713 559.645 501.535 278.503 58.11 223.032 2979.21 593.956 2385.25 467.274 443.539 1750.76 1712.62 38.1343 406.727 289.235 93.8753 195.359 140.152 634.496 69.4173 127.31 82.4658 44.8446 6137.41 278.558 155.566 87.921 5858.85 1419.54 72.3614 4439.31 3961.64 3851.4 3606.14 58.8702 3547.27 1502.65 53.9265 1448.73 96.3777 67.386 1352.35 108.024 1244.33
internal_count=19077 3987 15090 13952 7203 6749 4324 991 320 287 2879 81 60 3399 3386 2137 2798 717 593 526 337 67 189 3333 647 2686 516 498 1986 1943 43 456 299 76 223 139 700 71 156 94 62 6039 274 157 73 5765 1426 81 4339 3842 3732 3494 59 3435 1472 48 1424 123 86 1301 100 1201
cat_boundaries=0 1
cat_threshold=1
is_linear=0
shrinkage=0.05


end of trees

feature_importances:
index_vol_60d=181
index_vol_30d=155
vol_ratio_20_60=126
sma_50_slope_norm=117
gk_vol_10d=112
day_of_month=111
dist_to_sma_200=109
rv_60d=108
sector_id=107
down_vol_20d=103
vol_ratio_park_rv=101
correlation_60d=99
trend_strength=93
vol_asymmetry_20d=91
vol_momentum_10d=91
vp_width_pct=87
correlation_30d=86
rv_30d=85
beta_change=81
vp_position=79
vol_momentum_5d=77
parkinson_vol_10d=73
gk_vol_20d=73
beta_60d=72
up_vol_20d=71
dist_to_sma_50=70
momentum_10=70
rv_10d=70
liquidity_rank=70
rv_5d=67
beta_30d=67
rsi_14=65
vol_ratio_5_20=65
dist_to_ema_50=64
dist_to_ema_20=59
sma_20_slope_norm=56
volume_zscore_60=55
parkinson_vol_20d=54
volume_ratio_20=53
rv_20d=50
dist_to_sma_20=48
volume_zscore_20=42
ewma_vol_10d=40
ewma_vol_20d=35
momentum_20=34
log_return=28
sector_encoded=28
overnight_gap=19
overnight_gap_zscore=18
lot_size_log=13
ivr=9
pocs=9
vp_above_va=7
trend_signal=6
price_position_ma=5
day_of_week=3
week_of_month=3
irr=3
hvc=3
opm=2
is_blue_chip=2
is_month_end=1
vds=1

parameters:
[boosting: gbdt]
[objective: quantile]
[metric: quantile]
[tree_learner: serial]
[device_type: cpu]
[data_sample_strategy: bagging]
[data: ]
[valid: ]
[num_iterations: 1000]
[learning_rate: 0.05]
[num_leaves: 63]
[num_threads: -1]
[seed: 42]
[deterministic: 0]
[force_col_wise: 0]
[force_row_wise: 0]
[histogram_pool_size: -1]
[max_depth: -1]
[min_data_in_leaf: 20]
[min_sum_hessian_in_leaf: 0.001]
[bagging_fraction: 0.8]
[pos_bagging_fraction: 1]
[neg_bagging_fraction: 1]
[bagging_freq: 5]
[bagging_seed: 400]
[bagging_by_query: 0]
[feature_fraction: 0.8]
[feature_fraction_bynode: 1]
[feature_fraction_seed: 30056]
[extra_trees: 0]
[extra_seed: 12879]
[early_stopping_round: 0]
[early_stopping_min_delta: 0]
[first_metric_only: 0]
[max_delta_step: 0]
[lambda_l1: 0.1]
[lambda_l2: 0.1]
[linear_lambda: 0]
[min_gain_to_split: 0]
[drop_rate: 0.1]
[max_drop: 50]
[skip_drop: 0.5]
[xgboost_dart_mode: 0]
[uniform_drop: 0]
[drop_seed: 17869]
[top_rate: 0.2]
[other_rate: 0.1]
[min_data_per_group: 100]
[max_cat_threshold: 32]
[cat_l2: 10]
[cat_smooth: 10]
[max_cat_to_onehot: 4]
[top_k: 20]
[monotone_constraints: ]
[monotone_constraints_method: basic]
[monotone_penalty: 0]
[feature_contri: ]
[forcedsplits_filename: ]
[refit_decay_rate: 0.9]
[cegb_tradeoff: 1]
[cegb_penalty_split: 0]
[cegb_penalty_feature_lazy: ]
[cegb_penalty_feature_coupled: ]
[path_smooth: 0]
[interaction_constraints: ]
[verbosity: -1]
[saved_feature_importance_type: 0]
[use_quantized_grad: 0]
[num_grad_quant_bins: 4]
[quant_train_renew_leaf: 0]
[stochastic_rounding: 1]
[linear_tree: 0]
[max_bin: 255]
[max_bin_by_feature: ]
[min_data_in_bin: 3]
[bin_construct_sample_cnt: 200000]
[data_random_seed: 175]
[is_enable_sparse: 1]
[enable_bundle: 1]
[use_missing: 1]
[zero_as_missing: 0]
[feature_pre_filter: 1]
[pre_partition: 0]
[two_round: 0]
[header: 0]
[label_column: ]
[weight_column: ]
[group_column: ]
[ignore_column: ]
[categorical_feature: 4,7,18,19,21,24,25,60]
[forcedbins_filename: ]
[precise_float_parser: 0]
[parser_config_file: ]
[objective_seed: 16083]
[num_class: 1]
[is_unbalance: 0]
[scale_pos_weight: 1]
[sigmoid: 1]
[boost_from_average: 1]
[reg_sqrt: 0]
[alpha: 0.16]
[fair_c: 1]
[poisson_max_delta_step: 0.7]
[tweedie_variance_power: 1.5]
[lambdarank_truncation_level: 30]
[lambdarank_norm: 1]
[label_gain: ]
[lambdarank_position_bias_regularization: 0]
[eval_at: ]
[multi_error_top_k: 1]
[auc_mu_weights: ]
[num_machines: 1]
[local_listen_port: 12400]
[time_out: 120]
[machine_list_filename: ]
[machines: ]
[gpu_platform_id: -1]
[gpu_device_id: -1]
[gpu_use_dp: 0]
[num_gpu: 1]

end of parameters

pandas_categorical:[[0, 1], [-1.0, 0.0, 1.0], [-1, 0, 1], [-1, 0, 1], [0, 1, 2, 3, 4, 5], [0, 1], [0, 1], ["Conglomerate", "Finance", "Metals", "Mining", "OilGas", "RealEstate", "Retail", "Tech", "Telecom", "Transport", "Unknown", "Utilities"]]
