tree
version=v4
num_class=1
num_tree_per_iteration=1
label_index=0
max_feature_idx=64
objective=quantile
feature_names=log_return volume_zscore_20 volume_zscore_60 volume_ratio_20 volume_spike vp_position vp_width_pct vp_above_va dist_to_sma_20 dist_to_sma_50 dist_to_sma_200 dist_to_ema_20 dist_to_ema_50 sma_20_slope_norm sma_50_slope_norm momentum_10 momentum_20 rsi_14 price_position_ma trend_signal trend_strength day_of_week day_of_month week_of_month is_month_end is_month_start overnight_gap overnight_gap_zscore rv_5d rv_10d rv_20d rv_30d rv_60d ewma_vol_10d ewma_vol_20d parkinson_vol_10d parkinson_vol_20d gk_vol_10d gk_vol_20d vol_ratio_5_20 vol_ratio_park_rv vol_ratio_20_60 up_vol_20d down_vol_20d vol_asymmetry_20d vol_momentum_5d vol_momentum_10d beta_30d correlation_30d index_vol_30d beta_60d correlation_60d index_vol_60d beta_change ivr opm vds pocs irr hvc sector_id sector_encoded liquidity_rank is_blue_chip lot_size_log
feature_infos=[-0.53194433450698853:0.54405128955841064] [-2.9167771339416504:4.2484331130981445] [-2.532334566116333:7.6159577369689941] [-0.93768823146820068:17.269147872924805] -1:0:1 [-37.393833160400391:74.212486267089844] [0:1.0858263969421387] -1:1:2:0 [-0.51774817705154419:0.39768233895301819] [-0.59907764196395874:0.59272325038909912] [-0.70756953954696655:1.1583505868911743] [-0.48010116815567017:0.34518074989318848] [-0.5698128342628479:0.52751505374908447] [-0.07600606232881546:0.02037774957716465] [-0.037335850298404694:0.0092539601027965546] [-0.95609402656555176:0.49995595216751099] [-0.94378799200057983:0.56540507078170776] [0:99.895339965820312] -1:2:0:1 -1:2:0:1 [0:0.39310362935066223] -1:2:3:4:1:0 [1:31] [1:5] -1:0:1 -1:0:1 [-0.12354005873203278:0.10481586307287216] [-7.5462174415588379:7.3526492118835449] [0:6.0937619209289551] [0:4.1158733367919922] [0:2.8651947975158691] [0:2.3821480274200439] [0:1.7323038578033447] [0:4.9097566604614258] [0:3.6837606430053711] [0:3.2581748962402344] [0:2.3732292652130127] [0:3.5000545978546143] [0:2.5602817535400391] [0:2.1449246406555176] [0:2.5692489147186279] [0:1.7259560823440552] [0:1.9645488262176514] [0:1.947406530380249] [0:8.2449407577514648] [-0.7978864312171936:4.3669052124023438] [-0.81826740503311157:5.8367457389831543] [-2.149630069732666:4.7820296287536621] [-0.51312440633773804:0.97729957103729248] [0:1.4185420274734497] [-1.1817560195922852:3.949810266494751] [-0.36254426836967468:0.9650154709815979] [0:1.0910866260528564] [-2.2545194625854492:2.1177244186401367] [0:1.7220042943954468] [-0.051046513020992279:0.029348604381084442] [-3.5092089176177979:3.508314847946167] [-0.61577689647674561:0.83781725168228149] [0:0.68322354555130005] [0:0.44444850087165833] -1:4:1:2:3:8:11:7:10:0:5:6:9 [0:11] [0:28] [0:1] [0:9.2104406356811523]
tree_sizes=6621 6863 6858 6858 6870 6867 6873 6892 6860 6887 6908 6927 6858 6914 6931 6911 6905 6903 6880 6915 6922 6889 6920 6933 6943 6948 6923

Tree=0
num_leaves=63
num_cat=0
split_feature=38 34 33 52 11 22 52 29 3 22 34 52 52 62 52 22 13 29 41 43 52 35 6 46 51 44 11 10 64 12 37 11 53 13 3 8 2 2 46 46 38 50 11 40 52 46 41 42 62 14 43 51 43 52 43 39 14 6 20 45 26 40
split_gain=398.375 84.4767 57.8137 18.716 18.1645 17.88 11.8822 11.2097 11.0772 9.68062 8.97484 8.96977 15.1969 8.46463 8.00108 17.4548 7.11309 6.70827 6.64496 6.48256 6.28107 6.23149 5.8979 5.95059 5.82616 5.80494 5.41881 5.37834 5.33988 5.26116 5.18424 6.38182 5.1361 4.85316 4.66385 4.41913 4.30838 4.2712 4.19045 4.17157 4.07244 4.06871 4.90007 3.81897 3.79911 3.79332 4.26517 4.14618 3.66112 4.54221 3.63538 3.47002 3.30855 3.43429 3.39329 3.28938 3.28212 3.20532 3.20351 3.151 3.13865 3.02101
threshold=0.45342077314853674 0.29850994050502783 0.67188885807991039 0.19009562581777575 -0.08254691585898398 20.500000000000004 0.23121363669633868 0.28854592144489294 0.11155446246266366 24.500000000000004 0.40554691851139074 0.36484922468662268 0.33827582001686102 12.500000000000002 0.27488447725772863 15.500000000000002 0.0024737399071455006 0.27042709290981298 0.8617042899131776 0.27974431216716772 0.27623905241489416 0.2569903433322907 0.17836631834506991 0.29061350226402288 0.74824532866477977 1.055269777774811 -0.051310170441865914 -0.089058749377727495 1.5455212593078616 0.013187423348426821 0.35015343129634863 -0.028259327635169026 0.37489274144172674 0.0010805883794091644 -0.5370093286037444 0.049643946811556823 0.43400473892688757 -0.64303171634674061 0.093698132783174529 0.46519088745117193 0.35697080194950109 1.0738381147384646 -0.017190573737025257 1.1242039203643801 1.0238660573959353 -0.29297137260437006 1.1416649818420412 0.27009682357311254 14.500000000000002 0.0050676465034484872 0.1966810151934624 0.76689025759696972 0.15053968876600268 0.13611751794815066 0.24675907939672473 1.202089309692383 -0.0046476814895868293 0.10772402584552766 0.15521607547998431 0.16611484438180926 0.0014726335648447277 1.0465336441993716
decision_type=2 2 2 2 2 2 2 2 2 2 2 2 2 2 2 2 2 2 2 2 2 2 2 2 2 2 2 2 2 2 2 2 2 2 2 2 2 2 2 2 2 2 2 2 2 2 2 2 2 2 2 2 2 2 2 2 2 2 2 2 2 2
left_child=1 6 4 10 34 13 21 20 14 11 48 12 22 24 15 41 -14 -17 27 -7 29 -1 23 56 36 32 38 28 58 -8 -12 -32 -10 43 51 -31 -4 44 -23 -24 -16 42 -5 -27 -26 47 -47 -42 -3 -50 -45 -2 -33 -54 -55 -22 -6 -25 -13 61 -15 -58
right_child=2 3 5 8 9 19 7 -9 25 -11 30 18 16 60 40 17 -18 -19 -20 -21 55 26 39 57 37 33 -28 -29 -30 35 31 52 -34 -35 -36 -37 -38 -39 -40 -41 45 -43 -44 50 -46 46 -48 -49 49 -51 -52 -53 53 54 -56 -57 59 -59 -60 -61 -62 -63
leaf_value=0.40481087565422058 0.40978250503540037 0.40893065404900814 0.40938932938765982 0.41284204572439193 0.42679558992385863 0.43434143364429473 0.41159327030181886 0.42461233139038085 0.41526245325803757 0.41365560442209243 0.41008507013320922 0.42353030883914816 0.47654224932193756 0.43415467739105223 0.40960937589406965 0.41955557562209084 0.41780325758803999 0.40566302537918092 0.41267543286085129 0.46798528299955333 0.40691377520561217 0.42349763091116477 0.43137490153312685 0.42666448056697848 0.41503697065119438 0.42876071202385052 0.40862506190764225 0.41152227818965914 0.41320872604846953 0.4318316061515507 0.4205509454011917 0.42000929713249208 0.42408627867698667 0.44094593512015778 0.43702726066112518 0.41151279970572718 0.42174716889858244 0.4372005150526993 0.4105236053466797 0.41139914989471438 0.41546647548675536 0.42129778251978645 0.42681945312474828 0.41548065692186353 0.41342490017414091 0.41126374900341034 0.42605105638504026 0.42352897226810454 0.41105268895626068 0.42023218870162965 0.40883216857910154 0.41946589350700381 0.4072216063737869 0.41730161011219025 0.40847458925433405 0.41681096255779265 0.40961531996726991 0.42367914021015168 0.4129939178422245 0.42593566775321962 0.43216535747051238 0.4174989491701126
leaf_weight=8970.6599657535553 20.95433896780014 1171.3153173327446 65.198909282684326 28.975464463233948 33.39804607629776 22.691479682922363 128.57935923337936 50.92573744058609 261.90020078420639 359.38005036115646 148.4301426410675 69.574334740638733 123.03156185150146 131.03357923030853 366.39446860551834 43.914387822151184 36.342937648296356 141.18495118618011 237.31421279907227 405.67428988218307 446.58632010221481 44.813061356544495 55.784165680408478 28.154211819171906 34.114586532115936 149.19413924217224 2202.3374118208885 62.150256395339966 109.37187337875366 42.846830070018768 106.19040352106094 63.045802772045135 36.907980740070343 61.362052857875824 180.27783310413361 40.770956218242645 23.658431529998779 66.722835004329681 48.110600292682648 14.830888628959654 96.888628304004669 49.579096913337708 51.14706963300705 21.477253377437592 63.933739066123962 348.3416029214859 44.88400673866272 29.608560740947723 817.97775846719742 86.238300919532776 43.186441242694855 18.240071952342987 75.844138383865356 63.479755580425262 42.625446736812592 87.978040397167206 104.2164089679718 31.519245505332947 20.929403781890869 29.88334733247757 161.56088876724243 228.76209050416946
leaf_count=8564 23 1024 55 33 36 24 130 52 252 385 152 71 122 166 326 40 43 129 233 406 457 47 68 30 26 139 2355 65 120 40 111 76 36 55 176 38 22 49 52 20 91 38 47 26 45 348 54 28 1046 112 46 18 86 72 45 93 121 36 20 36 206 257
internal_value=0.41103 0.408084 0.428683 0.414057 0.423277 0.438461 0.40593 0.411822 0.418007 0.421358 0.411332 0.423539 0.427256 0.432433 0.41527 0.422119 0.440803 0.412232 0.418421 0.44613 0.410279 0.405513 0.423142 0.421037 0.425695 0.423724 0.407842 0.42391 0.427903 0.417547 0.417349 0.420662 0.418865 0.428977 0.436751 0.427302 0.415297 0.431266 0.419647 0.436627 0.41283 0.436178 0.42905 0.425365 0.42451 0.415679 0.413239 0.423215 0.409886 0.412272 0.415108 0.420892 0.416193 0.412738 0.418565 0.407384 0.418798 0.435784 0.436914 0.417394 0.438249 0.415975
internal_weight=19152.4 16413.7 2738.7 4350.09 1764.12 974.589 12063.6 797.687 1774.95 1544.64 2575.15 1185.26 685.923 546.223 1200.92 314.801 159.374 185.099 499.34 428.366 746.762 11265.9 526.548 455.933 253.629 574.028 2295.26 262.026 199.876 212.197 499.616 351.186 298.808 275.22 219.472 83.6178 88.8573 164.771 92.9237 70.6151 886.117 129.702 80.1225 213.858 98.0483 519.723 393.226 126.497 2075.53 904.216 64.6637 39.1944 244.995 181.949 106.105 534.564 396.26 59.6735 90.5037 362.862 292.594 332.978
internal_count=19119 16240 2879 4412 1880 999 11828 810 1688 1663 2724 1278 769 569 1134 287 165 169 509 430 758 11018 604 516 197 554 2454 276 211 208 542 390 288 266 217 78 77 120 99 88 847 118 80 211 71 521 402 119 2182 1158 72 41 279 203 117 550 450 66 91 414 372 378
is_linear=0
shrinkage=1


Tree=1
num_leaves=63
num_cat=2
split_feature=36 15 34 29 28 49 2 22 45 49 49 2 29 62 1 6 50 60 45 32 49 8 34 8 50 42 13 3 22 52 36 52 43 2 32 32 22 52 49 27 36 44 62 39 43 15 38 47 44 45 52 62 22 32 17 10 38 20 18 49 47 13
split_gain=348.707 78.1699 38.068 28.6715 13.0987 10.6802 9.47646 11.1206 9.07502 8.79027 6.77026 7.78022 7.78255 6.44825 6.42348 5.99966 5.89296 5.36889 5.21167 5.16628 9.88298 5.1283 4.91141 4.87769 5.33764 4.8747 4.46735 4.23117 5.03222 4.20088 4.17028 5.47988 4.2605 4.12589 3.98752 3.79437 3.61933 4.91545 3.6103 3.6194 3.54709 3.53326 3.45959 3.90171 3.43282 3.42836 3.60713 3.3676 3.29375 4.84088 3.2903 4.74729 4.18395 3.39915 3.22201 3.20831 3.1483 3.13727 3.13103 6.1379 3.99053 3.10415
threshold=0.37425047159194952 -0.11913243681192397 0.29718577861785894 0.69374299049377453 0.36928088963031774 0.20928391069173816 0.29962515830993658 11.500000000000002 0.51316329836845409 0.19531775265932086 0.15534516423940661 1.0006469488143923 0.38867506384849554 14.500000000000002 0.606001377105713 0.15012964606285098 1.2421755194664004 0 -0.24199326336383817 0.20277817547321322 0.20455498248338702 -0.0072860256768763057 0.37696737051010137 -0.053991727530956261 1.1206929683685305 0.13012252748012546 0.0048898460809141406 0.51144039630889904 4.5000000000000009 0.12515293806791308 0.49068126082420355 0.36938682198524481 0.21177944540977481 -0.17258500307798383 1.0240926742553713 0.27914306521415716 16.500000000000004 0.13676326721906665 0.23270576447248462 0.20549616962671283 0.45383946597576147 0.68144842982292186 2.5000000000000004 0.83593505620956432 0.25778222084045416 -0.32715621590614313 1.2626949548721316 0.83437511324882518 1.638244152069092 -0.040248708799481385 0.27488447725772863 4.5000000000000009 6.5000000000000009 0.49560411274433142 40.754192352294929 -0.34664672613143915 0.35415560007095342 0.082391321659088149 1 0.16995611041784289 1.3743472099304201 -0.0017979731201194225
decision_type=2 2 2 2 2 2 2 2 2 2 2 2 2 2 2 2 2 1 2 2 2 2 2 2 2 2 2 2 2 2 2 2 2 2 2 2 2 2 2 2 2 2 2 2 2 2 2 2 2 2 2 2 2 2 2 2 2 2 1 2 2 2
left_child=2 8 9 4 15 13 16 -8 18 23 -6 12 54 58 -5 25 -7 34 -2 -11 -21 -18 -15 24 -1 -3 -25 28 -20 -26 32 38 -19 -22 -14 -35 37 -27 -32 -40 -10 -33 -17 -44 -36 46 -30 -28 -47 -50 51 -39 -52 -54 -12 -51 -9 -24 59 -4 -61 -13
right_child=1 3 5 14 10 6 7 56 40 19 11 61 17 22 -16 42 21 30 27 20 33 -23 57 26 29 36 47 -29 45 -31 31 41 -34 35 44 -37 -38 50 39 -41 -42 -43 43 -45 -46 48 -48 -49 49 55 52 -53 53 -55 -56 -57 -58 -59 -60 60 -62 -63
leaf_value=-0.0035297906398773201 0.030843183786786715 0.013311832647546368 -0.0017589333543302295 0.012970606833696366 0.0029787249863147736 0.00074401641629162868 0.00011064882745968896 0.015163486724866101 0.02343117571491618 -0.0052129298051678229 0.0056304096219561197 0.0065381432167540207 0.0011672312687514607 0.00015803799033164978 0.042451243956609624 0.0014641687069588186 -0.0012732012304142771 0.021230179443955423 0.017502553831486741 0.01913051836786013 -0.0017944866418838495 0.012935094568525457 0.0037644499540328974 -0.0055737612367010364 7.0733726024627139e-05 -0.0022850683331489571 0.00079007744789123542 0.026000925368950864 0.011547401017830868 0.010357781447057355 0.0087407881685953315 0.0061794505299893089 0.0012347726523876197 0.0074056621431365767 0.014175602899978386 0.0024679458769326073 -0.00062172725796699475 0.014393653621845909 0.02437104657292366 0.024497559964656829 0.088189565734087427 0.0055502420663833627 0.0043387922644615162 0.0074925842523530604 0.0038841006817283115 0.015496602938769017 0.054398697085068726 -0.0027454838156700137 -0.00046114102005958559 0.0037702644535761057 -0.0010898091583791422 0.006131827086210251 0.0088301636278629303 0.0020036263369178141 0.032571607679128645 0.011369029904692792 0.016076055541634559 0.010118042677640916 -0.0029280704617544537 -0.001036820528827294 0.0069915711688902163 0.061539071053266531
leaf_weight=169.33813410997391 51.404367566108704 20.753281652927399 300.71710228919983 356.2007115483284 217.23197102546692 649.67085129022598 88.584616601467133 94.965995371341705 24.489103257656097 236.63797777891159 51.420494496822357 89.580783426761627 360.05061316490173 640.64453011751175 87.833883941173553 26.289569616317749 34.410451173782349 23.485833644866943 50.901826739311218 34.040361106395721 403.24481469392776 38.165327072143555 182.09592342376709 9948.0369856953621 37.101180613040924 118.72844254970551 311.92524898052216 89.111777067184448 20.992204308509827 37.83104795217514 33.503710150718689 24.629614949226379 90.684447467327118 62.485072195529938 19.410721778869629 152.6607848405838 574.09490364789963 18.373584866523743 59.008956134319305 31.113932490348816 194.4333707690239 82.315086245536804 292.31247025728226 30.479440033435822 27.693884968757629 142.5846164226532 31.38436883687973 534.39541709423065 34.632671415805817 54.43028736114502 130.19552266597748 101.91925483942032 97.959852516651154 105.91687077283859 165.58020722866058 72.704008877277374 48.6967893242836 33.965270340442657 920.78983950614929 31.877223551273346 30.478479444980621 125.80959981679916
leaf_count=182 47 21 270 373 275 616 79 88 28 256 51 83 352 820 97 14 24 28 54 33 417 30 235 9705 40 144 325 91 20 34 42 29 94 70 20 152 615 11 62 31 191 95 313 34 29 150 31 466 31 52 138 125 102 114 166 76 49 44 783 29 21 122
internal_value=-0.000261372 0.012606 -0.00379892 0.00931765 0.00751361 0.00114077 0.00553963 0.0143281 0.0270117 -0.00508112 0.0110008 0.0124903 0.0105672 -0.00081854 0.0211596 0.00428815 0.00270508 0.00814619 0.0235388 -0.000292335 0.00199731 0.0162132 0.00253756 -0.00546636 0.00150383 0.0025629 -0.00562457 0.0219385 0.0197388 0.0126198 0.0126754 0.0169214 0.00515864 0.000543145 0.00389006 0.00613948 0.00212247 0.00493407 0.0241105 0.0293466 0.0356697 0.00854936 0.0100437 0.00859488 0.0176649 0.0176023 0.0295282 -0.00212764 0.0155245 0.0105682 0.00730482 0.0144131 0.00472677 0.00920149 0.0189251 0.0150912 0.0229152 0.00905551 -0.00306194 0.000858525 0.0151316 0.0211091
internal_weight=19152.4 4129.65 15022.8 3362.58 2918.54 3095.06 954.494 232.247 767.069 11927.7 1401.52 1184.29 968.898 2140.57 444.035 1517.02 722.247 751.897 548.146 889.069 652.431 72.5758 856.706 11038.6 244.27 1167.94 10794.4 496.742 407.63 74.9322 344.742 230.571 114.17 618.391 407.155 215.146 1147.19 573.094 123.627 90.1229 218.922 106.945 349.081 322.792 47.1046 356.728 52.3766 846.321 304.352 161.767 454.365 120.293 334.072 203.877 217.001 127.134 143.663 216.061 1283.86 363.073 62.3557 215.39
internal_count=19119 4351 14768 3580 3110 3088 886 216 771 11680 1479 1204 999 2202 470 1631 670 782 552 928 672 54 1099 10752 256 1270 10496 505 414 74 381 259 122 639 401 222 1249 634 135 93 219 124 361 347 49 360 51 791 309 159 490 136 354 216 217 128 137 279 1103 320 50 205
cat_boundaries=0 1 2
cat_threshold=2617 1
is_linear=0
shrinkage=0.05


Tree=2
num_leaves=63
num_cat=2
split_feature=34 11 49 29 37 22 50 29 49 32 2 44 62 37 0 49 50 52 38 60 32 49 26 20 22 15 39 53 52 49 10 38 22 15 11 60 32 52 1 9 62 47 51 62 36 28 44 61 53 49 52 28 42 9 47 41 30 2 51 51 11 15
split_gain=305.251 63.8236 46.1734 23.6327 13.7848 11.1645 10.0077 9.37724 12.8985 8.80121 7.87896 6.82538 6.73135 6.70319 6.60746 7.18212 5.65638 5.64738 5.48744 6.81907 5.33234 10.1057 5.21124 4.83113 5.23148 5.35538 4.84524 4.89785 4.60595 5.60546 4.57489 4.54962 4.43219 4.32568 4.15704 4.05612 6.08043 4.09417 5.58102 3.90258 3.81134 3.56951 5.09971 3.53246 3.54384 3.90368 4.82089 6.23678 3.49462 3.48372 4.73937 4.00164 4.296 3.55007 3.53382 3.4585 3.43375 4.23668 3.39153 3.15222 3.06171 3.04777
threshold=0.39500762522220617 -0.093018811196088777 0.19531775265932086 0.69374299049377453 0.26281289756298071 20.500000000000004 1.2768944501876833 0.30451861023902899 0.3990225493907929 0.44919967651367193 -0.1340026259422302 2.0423929691314702 27.500000000000004 0.37962679564952856 -0.039562836289405816 0.3249634206295014 0.99624115228652965 0.36681661009788519 0.48732453584671026 0 0.20277817547321322 0.20455498248338702 0.0025305150775238876 0.17280313372612002 25.500000000000004 -0.1071186028420925 0.66999036073684703 -0.022922782227396962 0.35616774857044226 0.34154866635799414 -0.32277667522430414 0.42120407521724706 13.500000000000002 -0.078360185027122484 0.061811067163944251 1 0.76313731074333202 1.0274471044540407 0.13116890192031863 0.097085874527692809 26.500000000000004 1.2805597186088564 0.78419244289398204 1.5000000000000002 0.33151957392692571 0.48740433156490331 1.134739935398102 5.5000000000000009 0.19966502487659457 0.28907994925975805 0.36484922468662268 0.58992981910705578 0.34631201624870306 0.26032835245132452 0.8263087570667268 1.0607380270957949 0.40216577053070074 -0.40673568844795221 0.33731031417846685 0.74555382132530224 0.018402190878987316 0.025543548166751865
decision_type=2 2 2 2 2 2 2 2 2 2 2 2 2 2 2 2 2 2 2 1 2 2 2 2 2 2 2 2 2 2 2 2 2 2 2 1 2 2 2 2 2 2 2 2 2 2 2 2 2 2 2 2 2 2 2 2 2 2 2 2 2 2
left_child=2 5 4 14 39 11 7 20 13 16 41 55 48 31 15 -3 59 -17 35 -20 -4 -22 -13 24 25 -21 27 -27 29 40 -30 43 -31 -6 -35 36 -16 38 -38 -1 -23 42 -5 -9 45 46 -45 -48 -12 53 54 52 -52 -28 -51 -2 57 -37 -41 -7 -43 -8
right_child=1 3 6 10 33 9 61 8 -10 -11 12 22 -14 -15 18 17 -18 -19 19 23 21 28 -24 -25 -26 26 49 -29 30 32 -32 -33 -34 34 -36 56 37 -39 -40 58 -42 60 -44 44 -46 -47 47 -49 -50 50 51 -53 -54 -55 -56 -57 -58 -59 -60 -61 -62 -63
leaf_value=-0.0059515783271558952 0.024101283452305181 0.0071532424481772139 -0.0037867443283374964 -0.0011038608029484754 0.004230633479645962 0.048658868747827294 0.0079842501058213552 -0.006908516224778863 0.079851015291224778 0.059714129958094955 0.028793137602508068 0.0025569777563214297 0.0022430722409348654 -0.00023151815098390951 -0.0012645108733111534 0.10945017613732314 -0.0027160273166596579 0.0050484744171854301 0.0012078063454693646 0.018514048144906869 0.020699290695564629 0.00028589748532017312 0.0083558137843202478 0.00061295105516910315 0.0033762759566307089 0.0011792483776807807 0.0080878175869584078 0.01324837310612202 0.0021062377121339126 0.0017089743539690978 -0.0036907060369849201 0.0063385680186750729 0.082380658556823666 -0.002135980252627759 0.0006875361874699587 0.001298885499250782 -0.0011612826800707862 0.0087695025549051533 0.018400971993628456 0.0047641569748520856 0.011185909810293704 0.013724684052169324 0.0060198191790778403 0.0069606378700623811 0.0011907768332664725 -0.0035574257347693152 0.013086703872542358 0.0016810768868813803 0.0086176305338740346 0.035182663358747958 0.011132491763111659 -0.00055834432279407153 0.011193549350274324 0.019754668269099586 0.05483998746244715 0.014460767194650359 0.0031434576329496425 0.0082710244059562687 -0.0020905503743870236 0.025125296206165677 0.01327770308002714 -0.0098823165724329694
leaf_weight=8718.861913383007 74.341111540794373 102.33552694320679 285.95947360992432 63.891710340976715 204.50978994369507 59.900121986865997 34.090087831020355 30.864551544189453 49.255864441394806 264.28542846441269 199.36273407936096 91.229212939739227 29.19633823633194 321.61226171255112 427.90513217449188 42.861574649810791 25.327922165393829 29.59054160118103 246.161756336689 37.174570679664612 36.181148767471313 592.76825487613678 58.987974584102631 87.347352564334869 164.18448346853256 143.36057066917419 102.40498995780945 114.16689038276672 28.767136871814728 45.433187663555145 374.57089179754257 20.147613883018494 23.733417510986328 2962.2247393727303 500.58763152360916 90.767362415790558 63.437035858631134 27.435643553733826 34.660987079143524 101.28820377588272 24.340647220611572 24.776146531105042 126.14968609809875 155.77584040164948 120.13032001256943 19.813535511493683 38.198042452335358 19.392950057983398 21.271583497524261 32.757790684700012 49.736795246601105 26.846471965312958 32.230959534645081 20.590649664402008 52.110880792140961 102.22643065452576 513.30401384830475 205.64435464143753 591.90797787904739 23.712805032730103 15.991626262664793 24.323023915290833
leaf_count=8355 78 104 296 72 216 68 27 14 52 262 223 87 41 337 396 40 19 31 282 40 34 596 54 92 173 142 126 110 29 43 376 21 26 3215 552 96 50 27 28 112 34 27 108 150 115 21 34 25 21 34 55 23 32 26 49 109 535 231 493 22 17 16
internal_value=-0.000393439 0.0122365 -0.0035484 0.00917895 -0.0046857 0.025887 0.00307415 0.00252546 0.00694356 0.0318184 0.0193842 0.0190897 0.0255577 0.00525289 0.00732336 0.0167357 0.0197305 0.0287991 0.00665523 0.00927113 9.56388e-05 0.00164793 0.0111852 0.0113144 0.012701 0.0148328 0.0136226 0.00848701 0.000778744 0.0032745 -0.00345512 0.00953735 0.01677 -0.00208304 -0.00250136 0.00452271 0.00111622 0.0108132 0.00595922 -0.00569924 0.00175132 0.012672 0.00974047 0.00829989 0.00972342 0.013322 0.0153011 0.0277086 0.0285447 0.0177792 0.0219861 0.0149666 0.0204529 0.0111015 0.0308991 0.0257762 0.00674734 0.0111257 -0.00207698 0.0259964 0.0261578 0.0234916
internal_weight=19152.4 3827.67 15324.7 3127.66 13079.4 700.011 2245.36 2186.95 775.191 373.226 480.64 326.785 249.831 725.935 2647.02 174.788 108.941 72.4521 2472.23 1109.07 1411.75 1125.79 150.217 862.912 775.565 611.381 574.206 257.527 1089.61 686.276 403.338 404.323 69.1666 3667.32 3462.81 1363.15 553.439 125.534 98.098 9412.06 617.109 230.809 190.041 384.175 353.311 233.18 213.367 57.591 220.634 316.679 193.683 108.814 81.9678 122.996 84.8687 176.568 809.716 296.412 693.196 83.6129 40.7678 58.4131
internal_count=19119 3930 15189 3231 12943 699 2246 2203 769 371 509 328 285 717 2722 175 109 71 2547 1184 1434 1138 141 902 810 637 597 252 1104 699 405 380 69 3983 3767 1363 501 105 78 8960 630 224 180 359 345 230 209 59 244 345 193 110 87 152 83 187 862 327 605 90 44 43
cat_boundaries=0 1 2
cat_threshold=3880 277
is_linear=0
shrinkage=0.05


Tree=3
num_leaves=63
num_cat=2
split_feature=36 33 35 15 15 22 32 5 28 40 35 22 16 60 42 38 10 13 47 39 50 22 46 33 38 14 38 41 44 64 9 14 41 22 10 41 48 10 22 50 22 10 38 39 42 2 48 42 51 37 22 14 10 61 60 32 13 41 36 41 50 8
split_gain=270.464 58.178 32.3305 13.3745 11.3188 9.9285 9.74103 8.03512 7.36269 9.03985 7.21498 5.97166 6.68229 5.93562 5.91758 5.85694 5.6496 10.2858 5.59548 5.52552 5.45729 5.77209 4.97247 4.85375 4.79044 4.6769 4.56022 4.14705 4.17181 4.13944 4.38127 4.13274 3.90142 3.66542 4.62983 3.64184 3.6203 3.51144 3.87547 3.43801 3.73284 3.38765 3.22513 3.13129 3.07421 3.93581 3.06008 2.99504 4.00078 3.44733 2.95779 4.14987 5.33835 5.93323 3.70933 3.64956 3.45419 5.7924 3.27194 2.94774 3.06959 2.93322
threshold=0.37425047159194952 0.60039326548576366 0.26177068054676061 -0.083829581737518297 -0.1071186028420925 18.500000000000004 0.76313731074333202 -1.2907888293266294 0.33088581264019018 1.1734409928321841 0.38628368079662329 25.500000000000004 -0.37070764601230616 0 0.13012252748012546 0.36169731616973883 -0.19110999256372449 0.0042697512544691571 0.72398433089256298 0.88506340980529796 0.87067610025405895 6.5000000000000009 -0.040235718712210648 0.35880002379417425 0.45835262537002569 0.0062653152272105226 0.30928350985050207 1.3488377928733828 1.3940908312797549 5.7619376182556161 0.023646188899874691 -0.0068386059720069161 1.288526237010956 12.500000000000002 -0.43643647432327265 1.2768195867538454 0.31146235764026647 -0.2883059680461883 22.500000000000004 0.64728400111198436 22.500000000000004 -0.36187312006950373 0.31848300993442541 1.1711474657058718 0.1397211700677872 0.41707873344421392 0.8089941442012788 0.18607994168996814 0.6040233075618745 0.3764262348413468 25.500000000000004 -0.00017726951045915482 -0.32863673567771906 1.5000000000000002 1 0.82269462943077099 -0.0025458876043558116 0.79001063108444225 0.41596306860446935 1.228548049926758 1.1842547655105593 -0.036964898928999894
decision_type=2 2 2 2 2 2 2 2 2 2 2 2 2 1 2 2 2 2 2 2 2 2 2 2 2 2 2 2 2 2 2 2 2 2 2 2 2 2 2 2 2 2 2 2 2 2 2 2 2 2 2 2 2 2 1 2 2 2 2 2 2 2
left_child=2 4 26 5 6 20 46 44 14 35 -11 59 -13 22 -6 -16 17 33 36 -19 -3 -22 -5 -18 -24 -17 37 -26 -29 32 -31 -23 47 -9 -35 50 -12 38 -1 40 -36 -40 -21 -28 -4 -46 -2 48 49 -25 51 52 -10 -54 -53 56 -55 -58 -59 60 -7 -50
right_child=1 3 7 13 8 11 -8 16 9 10 18 12 -14 -15 15 25 23 19 -20 42 21 31 24 29 27 -27 43 28 -30 30 -32 -33 -34 34 39 -37 -38 -39 41 -41 -42 -43 -44 -45 45 -47 -48 -49 61 -51 -52 54 53 55 -56 -57 57 58 -60 -61 -62 -63
leaf_value=-0.0017130467670716854 0.0062853663578023751 0.0083015935148458321 0.0035720972829207664 0.0057188282201239508 0.012208491476834032 0.04610535015522519 0.02290659075789063 -0.0031722755527367821 0.0025081141138230401 0.040806517365991529 0.027332433282956481 0.045023841484253313 0.010425152405086192 0.0027108971909782969 0.012979131258704889 0.0012093411553651097 -0.001309862519405053 0.015965180272080513 0.015259803759875807 -0.0024804449119949171 0.017339672550387739 0.014345688643336988 -0.00091935561025244554 -0.0025784842880905347 0.031843345876410599 0.012306775883585214 -0.00083261248071141993 0.0066805701337743911 0.013741496541349998 -0.0026091901636268264 0.010777542939409614 -0.0022687234939775805 -0.0025908453912877835 0.0067138404992335698 0.021846935366489725 0.00058265821954451018 -0.003098226503369331 -0.0052336603454630655 0.00061912362369531411 -0.00050443891461273154 -0.0001669142473692542 -0.010455551255053454 0.0081825129350763109 0.0034661778530478021 0.0019991386370958987 0.012546866483665068 0.018249741348519886 0.00035830293736931754 0.00094946468978672298 0.0092448806518769366 0.0027439565167916105 0.0090964011358381953 0.016032271445542572 -0.0036029261165676008 0.0012164176845704145 0.01200058224297903 -0.00042492038476215911 0.002432025360710033 0.10355797180812983 0.10165620318791078 0.010339646865214956 0.012408829454071244
leaf_weight=69.071401298046112 180.48717123270035 78.561606884002686 119.09986180067062 49.476145446300507 23.179235696792603 68.168795883655548 54.765053510665894 144.22702181339264 95.063844978809357 65.846223950386047 53.136861443519592 52.227447986602783 150.43270254135132 245.59059083461761 22.112772762775421 1142.4933261275291 3202.3713182806969 26.714401960372925 99.18826824426651 22.297620296478271 63.466536462306976 46.440586686134338 24.880239188671112 96.020758152008057 170.76778471469879 28.801120042800903 397.82863998413086 66.043247640132904 69.267773747444153 23.441710472106934 30.280623435974121 34.6521235704422 193.98731285333633 23.864708125591278 26.994435548782349 277.34967350959778 74.518214225769043 9731.220402598381 22.566353559494019 128.82960402965546 24.284490406513214 22.836156487464905 20.821793496608734 25.518487870693207 34.160866856575012 30.560585081577301 32.099763333797455 506.57637584209442 30.414155900478363 30.225001990795135 160.37139081954956 86.822236299514771 47.81808203458786 48.07904988527298 191.35661345720291 56.44916832447052 38.323119580745697 22.572286128997803 44.930398643016815 140.58904826641083 23.317744433879852 38.545336425304413
leaf_count=64 200 88 129 48 22 69 53 136 100 71 68 54 147 230 18 1229 3403 24 121 23 64 50 27 103 204 37 438 77 70 28 36 29 176 20 32 280 83 9256 20 120 28 22 19 29 39 27 22 501 29 36 167 109 40 54 211 50 39 20 45 136 19 30
internal_value=-0.000570086 0.0107621 -0.0036856 0.0195993 0.00677283 0.0245892 0.0165741 -0.000275305 0.005754 0.00828128 0.0160767 0.0290052 0.0226397 0.0143446 0.00292046 0.00242864 -0.000688704 0.00484856 0.011802 0.0223517 0.0159533 0.0217263 0.0182765 -0.00124754 0.0209699 0.00194153 -0.00526378 0.0226845 0.0160381 0.00188913 0.0153638 0.0127621 0.0010738 0.00131842 0.00564226 0.00614121 0.00482245 -0.00548228 0.00319373 0.00286227 0.0138077 0.0145493 0.0110774 -0.000170263 0.00996961 0.0187628 0.0116845 0.00281332 0.00807631 0.00273421 0.0078693 0.00941109 0.0130162 0.0167489 0.00481226 0.0130839 0.00903284 0.0140838 0.0228914 0.0345303 0.0272962 0.0177657
internal_weight=19152.4 4129.65 15022.8 1283.88 2845.76 657.857 267.352 4753.72 2578.41 1361.83 292.69 434.736 202.66 626.026 1216.59 1193.41 4569.9 418.034 226.843 69.8338 223.121 144.559 380.435 4151.86 330.959 1171.29 10269 306.079 135.311 949.491 53.7223 81.0927 895.769 348.2 203.973 1069.14 127.655 9845.69 114.474 180.109 51.2789 45.4025 43.1194 423.347 183.821 64.7215 212.587 701.782 195.205 126.246 791.786 631.415 353.236 258.172 278.179 210.354 153.905 105.826 67.5027 232.076 91.4865 68.9595
internal_count=19119 4351 14768 1312 3039 656 275 4939 2764 1458 343 425 201 656 1306 1284 4744 402 272 66 231 143 426 4342 378 1266 9829 351 147 939 64 79 875 336 200 1115 151 9362 106 180 60 42 42 467 195 66 222 699 198 139 835 668 348 248 320 208 158 104 65 224 88 59
cat_boundaries=0 1 2
cat_threshold=174 2692
is_linear=0
shrinkage=0.05


Tree=4
num_leaves=63
num_cat=2
split_feature=36 11 35 33 52 52 32 12 13 52 64 22 2 49 5 22 49 3 22 40 48 49 48 45 1 38 5 51 42 49 11 18 19 51 53 64 62 42 14 35 38 17 50 47 38 32 39 52 51 43 42 41 48 13 51 48 40 12 5 38 13 62
split_gain=236.251 52.2453 30.0979 19.1239 13.7403 15.4798 9.806 9.07343 8.68148 7.32906 7.20726 6.80907 6.80349 8.51078 8.04692 6.54865 8.20792 5.29471 6.11103 6.44202 4.73082 4.67788 4.3696 4.29918 4.27879 4.65585 4.19567 4.06573 4.01118 3.98639 5.4902 3.80584 4.91627 4.41493 4.71637 4.21012 4.16187 7.51825 5.84668 5.9322 3.7233 3.52242 3.47892 6.10228 3.45029 3.32449 6.13722 5.34054 4.47594 4.30716 3.59173 3.30066 3.37465 4.38592 3.18508 3.18048 3.09963 3.05344 3.03307 3.03222 3.17373 2.95462
threshold=0.37425047159194952 -0.093018811196088777 0.25451518595218664 0.64778208732604992 0.23121363669633868 0.27488447725772863 0.84155318140983593 -0.27904190123081202 -0.0031746006570756431 0.13712926954030993 1.5455212593078616 23.500000000000004 0.23446156084537509 0.34154866635799414 0.041371682658791549 15.500000000000002 0.21520669758319858 0.1052127815783024 16.500000000000004 1.0024028420448305 0.83459389209747326 0.21520669758319858 0.82955878973007213 0.078817214816808714 2.7087274789810185 0.44923803210258489 -0.57780230045318592 0.74293518066406261 0.16845376789569858 0.25304661691188818 -0.051310170441865914 0 1 0.69902634620666515 0.089565195143222823 1.5455212593078616 13.500000000000002 0.20181456208229068 0.0044842958450317391 0.32878169417381292 0.36169731616973883 66.361415863037124 1.3850249648094179 1.5780555009841921 0.23286578059196475 0.69468274712562572 0.85848143696784984 0.36938682198524481 0.86598873138427745 0.19822762906551364 0.52143162488937389 1.3250247836112978 0.7434900999069215 0.0048898460809141406 0.57587507367134105 0.66729661822319042 1.0465336441993716 0.088938154280185713 0.10758068040013315 0.45835262537002569 -0.0027282565133646126 16.500000000000004
decision_type=2 2 2 2 2 2 2 2 2 2 2 2 2 2 2 2 2 2 2 2 2 2 2 2 2 2 2 2 2 2 2 1 1 2 2 2 2 2 2 2 2 2 2 2 2 2 2 2 2 2 2 2 2 2 2 2 2 2 2 2 2 2
left_child=2 7 21 9 31 15 24 26 10 59 20 12 40 29 -15 28 -17 -7 -19 -20 23 57 -16 54 25 -5 -2 -12 -6 30 -14 32 33 -4 -35 -34 -33 -38 44 -40 -11 -32 -37 -44 -39 47 48 -42 50 -48 55 52 53 -27 -9 -47 -53 -1 -59 -3 -61 -8
right_child=1 3 4 6 5 17 61 8 -10 11 27 -13 13 14 22 16 -18 18 19 -21 -22 -23 -24 -25 -26 51 -28 -29 -30 -31 41 36 35 34 -36 42 37 38 39 -41 45 -43 43 -45 -46 46 49 -49 -50 -51 -52 56 -54 -55 -56 -57 -58 58 -60 60 -62 -63
leaf_value=-0.0054047409849684175 0.03888866582973409 -0.002593336919579445 -0.002314384525862015 -0.0039185705218781203 0.0076948006168657407 -0.001043767886410602 0.0012450772349307602 0.013315244689960365 0.11072852540885994 0.012891293139126712 0.00099430657181473481 0.001413064365701028 0.013312230506580766 0.074224175569115758 0.016207538298517333 0.020821029782798997 0.00084893981846458641 -1.1788987547126688e-05 0.023251440021334082 0.0033934924187747299 0.016251397649454023 -0.00039475262504310647 -0.0022913833071925376 0.013628404211170141 0.074435270487859903 0.0065446671675757802 0.021272750637567641 0.0077614158539728584 0.018065286678620309 0.0023827084081318897 0.0010203098610377576 -0.0026915487435846819 0.004918988686206425 -0.00012864597533573358 0.0060758802610109651 -0.0014964016793332863 -0.0024089025913145907 0.0045914422520797332 -0.0001121893197642776 0.0089160905151409037 0.0050294275078968751 0.021050653762054207 0.0093329236006959859 -0.0024787306554454854 0.00020974871833901454 0.0010957278722737718 0.015978821368962531 -0.0028359766614772229 -0.0010580444457992512 0.0086140097872514729 0.012756624818551271 0.01257178446795797 0.10465484603254126 0.025761313428562135 -0.00090810411325831513 0.0081270465090884682 0.001869000978725052 0.0055937627703212256 -0.0020775990605794658 -0.0014016566358445782 0.0039435609823357948 0.01083888174055634
leaf_weight=8764.1481992006302 163.67559009790421 297.84430366754532 521.76119083166122 18.539541482925415 36.444069862365723 488.80921596288681 143.87158739566803 29.542674839496613 72.507515370845795 20.776951551437378 92.742817342281342 614.85869520902634 26.28747946023941 92.864944040775299 84.771381735801697 34.716358482837677 77.788342893123627 153.90131407976151 47.15257340669632 80.031019270420074 72.83864426612854 472.78720277547836 25.297918736934662 69.93805855512619 28.722331285476685 48.076067864894867 53.365131378173828 112.61819535493851 40.452186286449432 137.70765244960785 60.180766522884369 1676.1406297087669 292.29483044147491 53.909794390201569 34.097250044345856 242.78179788589478 807.69777935743332 22.571914613246918 39.345841407775879 58.918751239776611 759.37101835012436 43.83932638168335 25.796066284179688 20.857235550880432 431.22815728187561 78.730237126350403 24.644631743431091 144.60723155736923 80.317187249660492 94.359956085681915 20.731910765171051 136.94313526153564 36.609128296375275 66.910781443119049 26.670066297054291 66.671057224273682 50.010520696640015 35.524151146411896 563.60355216264725 47.833082139492035 120.76236462593079 63.606364667415619
leaf_count=8440 165 354 599 24 35 469 120 36 72 16 96 640 23 90 87 35 74 148 40 90 60 473 19 77 30 52 53 108 39 132 69 1427 300 43 29 263 1032 28 50 75 800 56 20 21 547 94 28 159 68 104 21 144 33 85 28 61 48 33 458 57 158 84
internal_value=-0.000655623 0.00993556 -0.00356744 0.00740556 -0.000484393 0.00491631 0.015575 0.0224524 0.0185615 0.00569816 0.0156748 0.00682304 0.00840557 0.0135591 0.0212959 0.0177209 0.0099525 0.00175789 0.00722743 0.015334 0.0224722 -0.00519265 0.0120607 0.0165113 0.0202949 0.0187643 0.0309657 0.00905616 0.0289939 0.00767663 0.0139472 -0.00171121 0.000680139 -0.00245164 0.00788195 0.00397132 -0.00265138 -0.000591649 0.00390059 0.0149574 0.00651966 0.00870576 -0.000286837 0.0121838 0.0014926 0.00616958 0.0102046 0.00453184 0.00566943 0.0195421 0.0103609 0.0201033 0.0256428 0.021303 0.00608137 0.00752691 0.0155735 -0.0054377 -0.00197107 -2.14398e-05 0.00532418 0.00676865
internal_weight=19152.4 4129.65 15022.8 3435.75 5186.7 959.295 593.289 693.899 476.858 2842.46 404.35 2376.02 1761.16 470.949 202.934 189.401 112.505 769.894 281.085 127.184 198.989 9836.06 110.069 126.151 385.812 357.089 217.041 205.361 76.8963 268.015 130.308 4227.4 1191.5 609.768 88.007 581.73 3035.9 1359.76 552.065 98.2646 1290.21 104.02 289.435 46.6533 453.8 1269.43 365.455 903.978 246.45 119.005 166.133 338.55 151.596 114.987 56.2127 145.401 186.954 9363.28 599.128 466.44 168.595 207.478
internal_count=19119 4351 14768 3656 5364 930 620 695 477 3036 405 2467 1827 476 196 183 109 747 278 130 201 9404 106 141 416 386 218 204 74 280 148 4434 1275 671 72 604 3159 1732 700 125 1351 125 304 41 575 1335 376 959 244 132 176 362 170 137 64 155 192 8931 491 569 215 204
cat_boundaries=0 1 2
cat_threshold=1 1
is_linear=0
shrinkage=0.05


Tree=5
num_leaves=63
num_cat=1
split_feature=36 15 36 28 49 49 44 22 2 49 52 36 2 61 36 50 32 52 52 19 44 22 2 46 2 52 49 46 36 32 51 41 53 36 33 6 6 33 20 61 17 37 40 5 47 11 8 49 49 47 51 46 52 33 37 12 5 32 52 10 32 1
split_gain=203.679 50.6025 27.775 11.5979 10.656 12.2473 7.74146 7.33765 7.18334 12.9328 11.3658 7.21174 6.1907 6.18038 5.91496 5.76479 5.52422 5.14927 9.25059 11.7434 7.92803 6.50957 5.10699 5.08645 4.98415 4.93612 4.52826 5.482 4.4901 5.64917 4.3506 4.22185 4.15569 4.0709 4.03855 4.02472 3.56815 4.18655 3.48205 4.5805 3.44768 3.43336 5.83647 4.81418 4.39425 3.5683 3.52707 3.43087 3.32375 3.1638 4.64388 3.10253 3.08892 5.04211 2.8706 2.77542 3.01174 2.92012 3.32953 5.21663 4.2591 3.44065
threshold=0.37180224061012274 -0.11913243681192397 0.26856942474842077 0.36928088963031774 0.48177772760391241 1.4074195623397829 0.23830475658178332 19.500000000000004 0.20937586575746539 0.3990225493907929 0.35950404405593878 0.56827419996261608 1.8234745860099795 1.5000000000000002 0.30286504328250891 0.75491428375244152 0.21573194861412051 0.23040835559368136 0.27623905241489416 0 1.1414403319358828 21.500000000000004 -0.35555171966552729 -0.25469291210174555 -0.46959652006626124 0.23040835559368136 0.19531775265932086 0.025286211632192138 0.2844271212816239 0.27914306521415716 0.8212411403656007 0.83743000030517589 0.073714092373847975 1.3648330569267275 0.28833177685737615 0.12389373406767847 0.099705860018730177 0.2357725873589516 0.073473609983921065 2.5000000000000004 64.582454681396499 0.67689213156700145 1.1734409928321841 0.066363159567117705 0.82288047671318065 -0.13295440375804898 -0.024272061884403225 0.465015858411789 0.34896737337112432 1.1812928318977358 0.56037947535514843 -0.15291276574134824 0.16861740499734881 0.38049162924289709 0.35226701200008398 -0.055773353204131119 0.087108399718999877 0.33644348382949835 0.27488447725772863 0.30347815155982977 0.49560411274433142 -0.55332234501838673
decision_type=2 2 2 2 2 2 2 2 2 2 2 2 2 2 2 2 2 2 2 1 2 2 2 2 2 2 2 2 2 2 2 2 2 2 2 2 2 2 2 2 2 2 2 2 2 2 2 2 2 2 2 2 2 2 2 2 2 2 2 2 2 2
left_child=2 4 6 7 15 -6 54 23 40 11 -11 30 -12 14 28 -2 -8 -15 19 32 -20 -21 -16 31 -7 52 -18 -28 29 34 51 -3 -19 55 -4 -17 37 -22 39 -37 41 42 -5 45 46 -43 -44 -47 -39 50 -13 -10 53 -24 -1 -25 57 -57 59 61 -60 -59
right_child=1 3 13 8 5 24 16 -9 9 10 12 49 -14 17 22 35 26 18 20 21 36 -23 25 33 -26 -27 27 -29 -30 -31 -32 -33 -34 -35 -36 38 -38 48 -40 -41 -42 43 44 -45 -46 47 -48 -49 -50 -51 -52 -53 -54 -55 -56 56 -58 58 60 -61 -62 -63
leaf_value=2.9845143412082777e-05 0.0075582425673904833 0.0060148270525153856 0.010394473477492228 0.0013338871433159771 0.078512495348194988 -0.0017700571563575144 -0.0060336763664109137 -0.00052391368483459548 0.015852407121991586 0.11859397382300421 0.0042761489434931963 0.020608157396717092 0.071189763802597741 -0.0013102321101264966 0.00060492878704610788 0.01751475660361056 -0.0036704628814229791 -0.0032623348094801396 -0.0029187473486356171 0.016973275012693446 -0.0021096094020291388 0.0053806034456731515 0.0029693752644741364 -0.00025081654227745998 0.028989148182610336 0.011372895777645851 -0.001448017779413785 0.0098486718840162836 -0.0029979723439955254 -0.0012413792844088419 0.0037729875231177824 0.010679907648515168 0.0064177966664969973 0.0042872560467225153 0.0050434644364411229 0.0040001363506146489 -0.00035248888223158415 0.0043548932717107367 0.019713202604341382 0.01223579142141642 0.0093762003545745914 0.011109988422795798 -0.0025732300688590228 0.011809430935465541 0.012788690931601879 0.012224990705400909 0.021257126376111095 -0.00032300303469984248 0.056497014493401901 0.023107009410948537 -0.00041251142065276138 0.0023862057987595804 -0.00040668137245687902 0.011269280033492902 0.0087411502773886846 1.2725252471634808e-05 0.0015724612271755256 0.012546685952056916 0.0074679004492142738 -0.0027384467931110268 -0.0017739600411317204 0.020258366855038599
leaf_weight=410.78929394483566 159.63031673431396 143.46111863851547 33.046847283840179 552.64446353912354 225.5405153632164 44.440354824066162 5303.5059820413589 635.59286206960678 31.960070729255676 66.023062467575073 78.415329933166504 53.331412196159363 27.443774104118347 2864.227468252182 152.81116330623627 49.367721140384674 4282.1764367818832 91.426026701927185 492.53514748811722 60.91425746679306 31.999996721744537 37.36665678024292 102.36092948913574 192.18943494558334 23.412565469741821 66.520192325115204 301.13530397415161 80.411062300205231 184.74794459342957 103.45987224578857 26.462292075157166 35.7410928606987 19.194672226905823 38.008994221687317 19.032611608505249 90.355604887008667 74.390946507453918 69.833962082862854 72.537603497505188 78.662599980831146 198.82343405485153 25.481643915176392 38.220774292945862 59.673008799552917 26.848464906215668 42.17499166727066 40.156865656375885 119.21702569723129 33.505768477916718 51.715336859226227 29.190374612808228 347.21671521663666 38.664754271507263 52.503455996513367 32.422246754169464 70.803778886795044 292.75107878446579 29.770262122154236 46.768059074878693 18.513395071029663 66.486788749694824 37.119348227977753
leaf_count=404 186 157 27 562 219 44 5057 681 38 62 78 66 29 3092 167 49 4106 89 506 62 37 36 132 202 23 42 293 80 160 94 14 34 18 34 18 70 73 74 80 90 229 21 45 62 33 50 46 127 37 56 27 370 40 58 39 85 322 33 41 24 72 36
internal_value=-0.000879353 0.00889616 -0.0036059 0.00632444 0.0207171 0.0281564 -0.00502787 0.00322609 0.00906498 0.0129884 0.0249474 0.00916774 0.0146974 -0.000335881 0.00379787 0.0158564 -0.00531549 -0.00116192 0.00210902 0.0113447 -0.000632395 0.0239126 0.00782138 0.00595905 0.00941161 0.0120838 -0.00405715 0.00115164 -0.00106991 0.00517016 0.00582299 0.0135771 0.000122005 0.00422844 0.0185911 0.0200575 0.00749823 0.0123339 0.017342 0.0133358 0.00652831 0.00520725 0.00330918 0.0102483 0.0141007 0.00625655 0.0080146 0.00346787 0.0172316 0.0192258 0.0130128 0.00443536 0.00799878 0.0111631 0.00142885 0.00341454 0.00518972 0.00900738 0.012114 0.0195925 0.00641811 0.0260948
internal_weight=19105.1 4166.15 14939 3422.21 743.947 293.393 10410.4 1607.21 1815 711.758 171.882 539.876 105.859 4528.54 753.148 450.554 9967.23 3775.39 911.167 208.902 702.266 98.2809 412.86 971.613 67.8529 260.049 4663.72 381.546 340.287 155.539 405.639 179.202 110.621 792.411 52.0795 290.924 209.731 135.34 241.556 169.018 1103.24 904.417 657.871 246.547 105.226 186.874 78.3776 161.392 103.34 134.237 82.5218 379.177 193.529 154.864 443.212 754.402 562.213 269.462 198.658 85.403 113.255 66.8896
internal_count=19138 4397 14741 3636 761 286 9979 1721 1915 740 169 571 107 4762 738 475 9536 4024 932 205 727 98 439 1040 67 272 4479 373 299 139 422 191 107 849 45 289 221 148 240 160 1175 946 686 260 124 198 91 177 111 149 93 408 230 190 443 815 613 291 206 93 113 69
cat_boundaries=0 1
cat_threshold=1
is_linear=0
shrinkage=0.05


Tree=6
num_leaves=63
num_cat=3
split_feature=34 8 36 60 49 22 32 1 38 49 52 60 35 22 22 39 15 64 48 52 42 52 49 16 39 39 17 49 60 42 13 20 49 51 44 22 22 52 52 42 17 61 53 20 44 40 31 22 10 0 13 49 22 44 28 34 11 12 51 38 40 10
split_gain=179.331 41.6256 22.053 12.517 10.0543 9.30625 8.90915 8.8424 8.51365 6.14044 10.0651 5.05604 4.94813 4.90738 6.2888 7.42674 4.66418 4.54419 4.75584 4.43265 4.26187 4.34044 6.80632 5.03877 4.56336 4.33205 4.21786 4.15556 3.74735 4.85098 4.99977 3.55124 8.98097 5.36504 3.50454 3.49325 3.43946 3.41343 5.9304 3.99809 3.30453 3.29454 3.88166 3.24657 3.22701 3.18054 3.12142 3.06831 3.04984 2.95657 2.91158 2.90589 2.84451 2.80608 2.76199 3.35369 2.67535 2.77616 3.90815 3.87906 2.91159 2.76045
threshold=0.35523305833339697 -0.11009629443287848 0.26856942474842077 0 0.48177772760391241 18.500000000000004 0.32193428277969366 0.3706329613924027 0.58291667699813854 0.3990225493907929 0.36484922468662268 1 0.1985486447811127 24.500000000000004 16.500000000000004 1.2584943175315859 -0.078360185027122484 1.5455212593078616 0.53202632069587719 1.0232589840888979 0.28612408041954046 0.36938682198524481 0.34154866635799414 -0.023613533005118367 0.21108259260654452 0.90154004096984874 37.869529724121101 0.17061997205019 2 0.17367686331272128 0.0011185599141754212 0.031422080472111709 0.19531775265932086 0.37778936326503759 2.2528035640716557 6.5000000000000009 19.500000000000004 0.27488447725772863 0.27185554802417761 0.35196839272975927 1.0000000180025095e-35 1.5000000000000002 0.20367701351642611 0.0060787540860474118 2.2528035640716557 1.2226802706718447 0.55236846208572399 11.500000000000002 0.38400223851203924 -0.030077474191784855 0.00067254924215376388 0.40317822992801672 9.5000000000000018 1.0774811506271365 0.44908109307289129 0.50137081742286693 -0.031475864350795739 0.11396374553442003 0.34374369680881506 0.21058517694473269 0.96930870413780224 -0.17245909571647641
decision_type=2 2 2 1 2 2 2 2 2 2 2 1 2 2 2 2 2 2 2 2 2 2 2 2 2 2 2 2 1 2 2 2 2 2 2 2 2 2 2 2 2 2 2 2 2 2 2 2 2 2 2 2 2 2 2 2 2 2 2 2 2 2
left_child=2 4 12 8 17 -6 -5 20 43 11 -11 16 40 14 41 -16 53 18 -2 -10 25 22 37 26 -23 -8 -24 -13 29 30 34 -18 33 48 -29 -19 -34 38 39 47 -1 42 54 -3 -20 49 -45 -22 -33 50 -27 -17 -32 -4 -9 -56 -14 61 60 -60 -59 -58
right_child=1 3 9 6 5 -7 7 13 19 10 -12 27 56 -15 15 51 31 35 44 -21 21 24 23 -25 -26 45 -28 28 -30 -31 52 32 36 -35 -36 -37 -38 -39 -40 -41 -42 -43 -44 46 -46 -47 -48 -49 -50 -51 -52 -53 -54 -55 55 -57 57 58 59 -61 -62 -63
leaf_value=0.00018552874605505876 0.0078888918666184804 0.0081597389580918504 0.012109448393129694 -0.00028486119405234935 0.0103579544201736 0.078143648655540632 -0.00018061998199976894 0.0092590336749371459 0.023891839179783353 0.076992458908454658 -0.003412637405988492 -0.0021579096918747293 -0.00016006761711980511 0.0030216788038986732 0.014556191108138451 0.018199238367076122 -0.0018238134283966008 0.0082880762406630087 0.017401508515900787 -0.00030685288296485036 0.011396996721487307 0.0094018971277061558 0.024489440925540219 0.046866947718033417 0.0018106770351590058 0.0014193167368246207 0.0051882805846266318 0.00075988037597981564 -0.0022229458562425366 -0.00067957483363408977 0.00092083959632916943 0.0033386734100437467 0.012567609012098416 -0.0010384328077342603 0.0045556704042984354 0.0041930510157517148 0.007086314356047738 -0.0004796498757328266 0.026852325807281526 0.00095179447462044326 -0.0062726958445925825 0.0030712510592091433 -0.0017707905977701584 0.0016100509212151643 0.019264017295597281 0.015193627118908532 0.0084772035981210952 0.0088034212289241475 0.010514765823566266 0.002063693625952278 0.085162267318164286 0.12778480936965617 0.0096347080674267851 0.0036097646934408981 -0.0024168764021420073 0.0069998010168831701 0.0046077907630855232 0.0027325293625069386 -3.5598550728210086e-05 -0.0022004002775235453 0.0027508459240241732 -0.003511934995577096
leaf_weight=173.92111843824387 74.019333720207214 38.10441380739212 19.011721551418304 673.49073374271393 83.386321544647217 189.11649215221405 655.35775917768478 34.574702560901642 185.89485955238342 26.544645726680756 33.103434979915619 1940.0519251227379 509.72810918092728 178.93815755844116 135.90909290313721 100.12520670890808 389.98034906387329 33.111309885978699 82.712389647960663 20.869331538677216 47.633899986743927 45.191946685314178 36.00111722946167 37.735656261444092 555.99441415071487 30.961287021636963 72.54476523399353 247.81312942504883 388.70557904243469 448.9297131896019 35.525370657444 98.497733473777771 35.022485673427582 278.10489159822464 22.872100710868835 130.29082357883453 27.905913352966309 129.67803198099136 23.986688613891602 144.38725006580353 5238.2155562639236 197.45508396625519 26.569802522659302 149.07057183980942 39.988016366958618 58.020721077919006 22.858437180519104 64.259881138801575 30.621931314468384 388.15683501958847 19.891167819499969 27.700471460819244 60.934489488601685 17.229404747486115 23.655182600021362 27.722434878349304 110.26798588037491 29.531154215335846 48.684410035610199 206.74604386091232 23.12565666437149 3878.6960910558701
leaf_count=166 87 49 19 693 84 178 664 28 236 26 37 2107 528 171 136 96 421 33 90 27 53 45 32 34 526 32 63 260 453 418 34 127 34 315 21 120 29 139 20 180 4930 204 34 191 40 71 30 75 40 379 18 26 54 22 21 30 94 23 33 187 22 3803
internal_value=-0.000990891 0.00738846 -0.00379147 0.00556637 0.0193385 0.0266055 0.00460401 0.00576148 0.0137373 -0.000692609 0.0152145 -0.000929005 -0.00503454 0.0104724 0.0127299 0.0184189 0.0023666 0.0138199 0.0189552 0.0212791 0.00422387 0.00636893 0.00955693 0.01883 0.00340992 0.00206475 0.0132622 -0.00187157 0.000425218 0.00234363 0.00663623 0.00164515 0.00457385 0.00184156 0.00312766 0.0075991 0.0221449 0.00623202 0.0093354 0.00707808 -0.00607309 0.00786905 0.0147103 0.00693628 0.0250139 0.00558541 0.00396776 0.0141733 0.0102665 0.00411399 0.0154585 0.0270918 0.0164168 0.0199514 0.0198735 0.0123194 -0.00386405 -0.00427045 0.000287197 -0.00225426 0.0126911 -0.00462371
internal_weight=19105.1 4785.36 14319.8 4152.74 632.625 272.503 3735.94 3062.45 416.798 4100.85 59.6481 4041.21 10218.9 752.65 573.712 263.735 896.374 360.122 196.72 206.764 2309.8 1157.41 556.227 146.282 601.186 1152.39 108.546 3144.83 1204.78 816.075 367.145 860.133 470.153 407.225 270.685 163.402 62.9284 409.946 280.268 256.281 5412.14 309.977 112.522 210.033 122.7 497.03 171.929 111.894 129.12 439.009 50.8525 127.826 96.4599 36.2411 85.9523 51.3776 4806.78 4297.05 308.087 255.43 52.6568 3988.96
internal_count=19138 4935 14203 4303 632 262 3770 3077 533 4417 63 4354 9786 746 575 258 1007 370 217 263 2331 1167 596 129 571 1164 95 3347 1240 787 369 966 545 482 281 153 63 467 328 308 5096 317 113 270 130 500 221 128 167 429 50 122 88 41 79 51 4690 4162 265 220 45 3897
cat_boundaries=0 1 2 3
cat_threshold=128 130 2105
is_linear=0
shrinkage=0.05


Tree=7
num_leaves=63
num_cat=2
split_feature=34 15 36 29 35 40 13 9 0 32 49 22 44 52 60 44 60 2 32 53 40 49 49 15 49 2 50 22 49 9 49 52 2 49 62 53 9 48 5 53 44 52 52 49 5 50 10 52 62 52 10 41 36 45 39 14 14 61 17 49 53 51
split_gain=158.886 33.5808 19.9567 11.1866 10.5601 8.23022 7.40763 6.226 6.01867 4.84028 4.71161 4.39268 4.37832 4.35756 4.18919 3.9983 3.96441 5.42348 5.47489 5.00706 4.51891 4.10302 4.39055 3.82481 3.8036 6.86579 3.73404 3.69535 7.44021 5.31334 19.083 5.36371 3.66403 4.43238 3.64586 3.91233 3.40795 4.25175 4.81163 3.35447 3.34763 3.33601 6.68103 4.29021 3.17082 3.16405 4.6791 3.30004 4.57583 4.37157 5.30016 6.27215 4.62447 3.10409 3.08144 3.89154 2.89563 2.88901 2.84563 2.78987 2.64074 3.54567
threshold=0.35523305833339697 -0.11913243681192397 0.26856942474842077 0.66589030623435985 0.51760378479957592 1.2226802706718447 -0.0023666580673307176 -0.21805340051650998 -0.041696481406688683 0.21573194861412051 0.19531775265932086 18.500000000000004 1.055269777774811 1.0232589840888979 0 0.23830475658178332 1 -0.34157218039035792 0.49560411274433142 0.41137692332267767 0.94636148214340221 0.43627737462520605 0.3932673186063767 -0.075394183397293077 0.3249634206295014 0.24960363656282428 1.2482277750968935 19.500000000000004 0.41007965803146368 0.010196112096309664 0.22721418738365176 0.26331080496311193 1.6932955980300906 0.20928391069173816 27.500000000000004 0.099501311779022231 -0.10245893150568007 0.77898061275482189 -1.2907888293266294 -0.069040577858686433 2.0423929691314702 0.19009562581777575 0.21482205390930179 0.2234204784035683 0.9910838007926942 0.88099980354309093 0.010434302967041733 0.34090253710746771 9.5000000000000018 0.37108451128005987 -0.09123425185680388 0.52275335788726818 0.64975485205650341 0.042506601661443717 1.0032664537429812 -0.00080139836063608516 0.0004797018191311509 1.5000000000000002 48.77284240722657 0.28630042076110845 -1.0000000180025095e-35 0.78784072399139415
decision_type=2 2 2 2 2 2 2 2 2 2 2 2 2 2 1 2 1 2 2 2 2 2 2 2 2 2 2 2 2 2 2 2 2 2 2 2 2 2 2 2 2 2 2 2 2 2 2 2 2 2 2 2 2 2 2 2 2 2 2 2 2 2
left_child=2 4 9 5 -2 8 7 11 24 15 14 40 -7 34 23 -1 17 -10 21 41 -20 22 60 56 57 -26 27 28 29 -12 -31 -32 -11 -34 35 -5 37 -9 -39 44 -6 -18 -43 -44 -22 47 -47 -45 49 -49 51 -51 -53 -41 -29 -56 -4 -3 -14 -50 61 -19
right_child=1 3 10 13 6 12 -8 36 16 32 26 -13 58 -15 -16 -17 19 18 20 -21 39 -23 -24 -25 25 -27 -28 54 -30 30 31 -33 33 -35 -36 -37 -38 38 -40 53 -42 42 43 45 -46 46 -48 48 59 50 -52 52 -54 -55 55 -57 -58 -59 -60 -61 -62 -63
leaf_value=-0.00024078490112078299 0.0032206874171406968 0.00559343700248849 0.0065332488778242276 0.021124744733158313 0.012767414327505073 0.0083632501674779369 0.10010335264257907 -0.00036717249397494816 0.00095731482410729989 -0.0032954508166054999 -0.00013525250017941138 0.037299034306012398 0.0097169481056661264 0.0026608924828648104 -0.0020525860939015652 -0.0054928910049051542 -0.0013888506185757055 0.0042019775635615429 0.0029560100642128107 0.050363911455444221 0.00036893132104695304 -0.0044175911736926326 0.087891290780974199 0.00039238828765726045 0.0042631636514227885 0.11148153328046002 0.0067319986382453519 -0.002622629387698203 0.07489263014125884 0.01600937304729037 0.0059396363745337554 -0.0003822261652408343 9.7586241161470863e-05 0.011134935930003285 0.00050984302908876347 0.0083130539829768587 0.017834607024884454 0.013828381552731528 0.0038069443190100307 0.020134774766885327 0.0037067651986490788 0.010732762301186621 0.013088432479164393 -0.0012533038932400582 0.012530141938116419 -0.0016450076511339792 0.016105199075130604 0.044200652271423786 0.014322027591924393 0.0098184832564355007 -0.0080081071542083288 -0.0010225240797228988 0.0097982180489739352 0.0058753448526408071 7.2512482591940991e-05 0.013004864625785421 0.0092944157417404714 0.00073294159786430892 0.029996779288881427 -0.00061376586795710566 0.0022286756384495149 0.0037074688023331082
leaf_weight=329.32968819141388 174.98193949460983 32.964148938655853 17.933953464031219 226.30899530649185 51.044173121452332 177.85625505447388 70.19917505979538 85.334819674491882 528.58485597372055 4371.6971921920776 481.05189818143845 192.31138145923615 94.688115417957306 172.78605180978775 2078.0798111557961 5300.2789376378059 475.92838990688324 287.51308196783066 64.788794279098511 24.622746646404266 39.329131126403809 58.948140978813171 19.685147821903229 752.16457408666611 26.190730810165405 37.987761497497559 20.387326538562775 370.0486011505127 22.70709228515625 41.152042508125305 30.805708229541779 178.22321200370789 194.62068688869476 22.989620685577393 34.893184721469879 61.169074892997742 50.06014621257782 37.510629057884216 72.060897707939148 76.505317270755768 63.639212489128113 28.718094229698181 26.022265315055847 214.94299519062042 16.186197102069855 397.20141351222992 52.776741862297058 32.401346325874329 16.452462434768677 46.221041560173035 40.504362821578979 63.253734827041626 27.875443339347839 32.545843005180359 67.679004490375519 20.402828514575958 20.218766510486603 68.663514852523804 37.206336736679077 122.67552608251572 300.99229431152344 22.832678973674774
leaf_count=318 179 29 23 255 57 215 70 100 601 4202 486 193 114 160 2242 5054 460 357 71 19 48 49 24 896 26 35 17 379 25 39 27 170 189 23 49 60 54 35 62 73 60 24 23 206 18 353 36 28 20 35 32 47 20 33 72 21 20 71 44 148 329 13
internal_value=-0.00106582 0.00682139 -0.00370194 0.00494678 0.0161923 0.00394741 0.0192471 0.0172774 0.00318795 -0.00488446 -0.000753934 0.0220389 0.0117327 0.0119845 -0.0018657 -0.0058685 0.00267596 0.00455277 0.00690486 0.000906504 0.0136074 0.00466795 0.00585117 0.00122853 0.0124683 0.0220217 0.00182946 0.00146713 0.00362145 0.00273643 0.00864569 0.00248557 -0.00367616 0.00264136 0.0154268 0.0172787 0.0112832 0.00824652 0.0147593 0.0180135 0.0141801 0.000551703 0.00210461 0.00144154 0.00785191 0.000921034 -0.00219929 0.0034179 0.00641886 0.011073 0.00794702 0.0126463 0.0049584 0.0231287 -0.00206731 0.00631071 0.0166709 0.00637037 0.0186541 -0.000581594 0.00509008 0.00832992
internal_weight=19105.1 4785.36 14319.8 3988.22 797.142 3493.06 622.16 551.961 3183.31 10218.9 4100.85 306.995 309.751 495.157 2868.4 5629.61 3017.51 1447.91 919.327 1569.6 229.355 689.971 631.023 790.317 165.806 64.1785 1232.46 1212.07 753.94 731.233 250.181 209.029 4589.31 217.61 322.371 287.478 244.966 194.906 109.572 164.566 114.683 1544.97 1069.05 1040.33 55.5153 1014.31 449.978 564.327 349.384 210.256 177.855 137.35 91.1292 109.051 458.13 88.0818 38.1527 101.628 131.894 139.128 611.338 310.346
internal_count=19138 4935 14203 4125 810 3601 631 561 3228 9786 4417 310 373 524 3181 5372 3067 1616 1015 1451 243 772 723 939 161 61 1236 1219 747 722 236 197 4414 212 364 315 251 197 97 172 117 1432 972 948 66 925 389 536 330 162 134 102 67 106 472 93 43 100 158 168 699 370
cat_boundaries=0 1 2
cat_threshold=194 2758
is_linear=0
shrinkage=0.05


Tree=8
num_leaves=63
num_cat=4
split_feature=36 8 34 60 36 2 37 22 22 22 52 22 5 12 52 52 22 19 2 22 63 52 12 6 62 14 35 12 51 51 38 3 48 28 28 6 45 60 6 48 14 22 45 62 10 5 27 39 5 61 40 52 53 41 6 0 6 34 60 40 2 62
split_gain=139.327 28.4861 24.3607 10.9776 7.5029 7.45102 8.74408 6.77269 7.71262 6.31392 8.48521 7.20358 6.80203 6.13032 5.58179 13.4151 13.628 7.0859 4.90909 5.23678 4.69012 4.5755 4.5478 4.11412 4.11151 6.279 6.38437 4.19134 5.13443 8.45359 3.99119 3.98778 3.96018 4.73691 3.69958 3.66991 3.60349 3.49278 4.33284 3.48388 3.42108 3.34499 4.50787 4.36141 4.29556 5.31112 4.41491 3.40549 3.3185 3.14 2.92388 2.79455 3.3279 2.75776 3.02152 2.71495 2.68954 2.68278 2.61665 2.55873 2.55503 2.45324
threshold=0.37180224061012274 -0.11009629443287848 0.24636310338974002 0 0.56827419996261608 0.49469697475433355 0.24238621443510058 20.500000000000004 22.500000000000004 23.500000000000004 0.29113319516181951 13.500000000000002 0.39274625480175024 -0.21164596080780027 0.23040835559368136 0.27488447725772863 15.500000000000002 1 -0.29997462034225458 15.500000000000002 1.0000000180025095e-35 1.0232589840888979 0.082903154194355025 0.11424349620938302 14.500000000000002 0.0039419590029865512 0.34214018285274511 -0.0093161324039101583 0.70568448305130016 0.72647982835769664 0.28611892461776739 -0.41647750139236445 0.83913114666938793 0.48740433156490331 0.22936537116765979 0.0017617939738556745 -0.067561738193035112 2 0.040201164782047279 0.73867514729499828 -0.00011568593617994337 20.500000000000004 0.030499783344566826 3.5000000000000004 -0.30448688566684717 0.53080883622169506 0.07364328578114511 0.83967086672782909 0.53080883622169506 1.5000000000000002 1.0896238684654238 0.33151155710220342 -0.056288398802280419 0.90412229299545299 0.066912233829498305 0.00088977901032194506 0.055596716701984412 0.89995902776718151 3 1.1514126658439638 0.67500895261764537 16.500000000000004
decision_type=2 2 2 1 2 2 2 2 2 2 2 2 2 2 2 2 2 1 2 2 2 2 2 2 2 2 2 2 2 2 2 2 2 2 2 2 2 1 2 2 2 2 2 2 2 2 2 2 2 2 2 2 2 2 2 2 2 2 1 2 2 2
left_child=2 7 22 4 31 6 -5 20 -9 10 -7 60 51 -10 24 16 30 55 -17 -20 -2 36 58 34 27 37 -27 28 35 -30 -16 -3 -22 -34 -21 -4 -6 38 61 -15 56 42 43 44 -8 46 -46 -43 49 -24 57 -13 -53 54 -51 -18 -36 -45 -1 -28 -12 -26
right_child=1 3 14 5 21 9 41 8 13 -11 11 12 -14 39 15 18 17 -19 19 23 32 -23 48 -25 25 26 59 -29 29 -31 -32 -33 33 -35 40 -37 -38 -39 -40 -41 -42 47 -44 50 45 -47 -48 -49 -50 53 -52 52 -54 -55 -56 -57 -58 -59 -60 -61 -62 -63
leaf_value=-0.002863490370281377 0.014088645266353273 -0.004012347618813414 0.0085916375276635822 0.0063953987063330832 0.0092903513935837078 0.0038276680535536955 0.00048211301712159374 0.098476827459408889 0.032031931573583465 0.00072732291366023609 0.0059166615624342391 0.012692054856218118 0.017902024680932799 -0.0023434630454099883 0.0055776332394615758 -0.0020495013791309719 0.013999505290671961 -0.0005304853735151945 -0.001518772256781421 -0.0043278984970488666 -0.00033576836404908988 -0.00053024109764998888 0.013675600437062233 -0.00098488869440236651 -0.0033455902910673077 0.00098852162438221045 0.0090628164061898452 -0.0025121917508296207 0.0097820547046924555 0.00035938508375205807 0.015283753381990667 0.0056405524063338208 0.0089634010613000199 0.0082537123203931164 0.0010537234800495844 -0.0022156498261376666 0.024386719225316766 -0.0025753704302805855 -0.00030803137049021105 0.0075834099505533176 0.027323572253410144 -0.00144654587866139 2.1033832792505257e-06 -2.2392693518971663e-05 0.0098828566379441478 0.0011553935515855958 0.031409587221177475 0.0026735760354929697 -0.0022740557181069876 0.0060422168674866437 0.0053190440001024243 0.02027527744299475 0.10311541367434217 -0.0015094039389295804 0.0013447926713519211 0.016436212732729213 0.0095897298478376872 0.0044728288587510961 -0.0051197360053435214 0.001946557099287094 0.00098302276100575847 0.0094114896828589537
leaf_weight=2076.2525326609612 93.887928426265717 49.964381217956543 49.256637632846832 41.988665461540222 54.516924262046814 256.59005171060562 82.350443661212921 67.480638027191162 148.11950606107712 168.22221326828003 24.688981771469116 34.302875578403473 54.143725514411926 32.846179306507111 24.408944725990295 537.35204780101776 26.803428947925568 140.19974404573441 250.7032864689827 29.392438054084778 106.63754028081894 20.869331538677216 21.129122257232666 45.993940830230713 20.516738891601562 190.4655140042305 68.664661169052124 2330.2316911816597 33.856180965900421 68.843239426612854 59.456155478954315 102.9886799454689 27.127697288990021 44.765164077281952 37.341272294521332 526.07242238521576 139.66044956445694 634.40553069114685 855.96827930212021 90.784758865833282 27.052266299724579 502.41135275363922 531.23582661151886 418.52064210176468 50.473085165023804 42.481131970882416 46.200674176216125 310.03859025239944 471.96318072080612 24.826699912548065 392.9920489192009 29.392454266548157 62.908184587955475 94.47165435552597 48.774272620677948 23.049535632133484 56.68118017911911 73.302883207798004 6051.7023022770882 17.708327353000641 64.259526431560516 95.439771056175232
leaf_count=2030 121 64 41 37 70 276 51 65 152 168 25 31 52 40 23 515 25 123 232 32 100 27 15 40 24 246 88 1947 21 51 53 133 19 34 41 504 177 827 1085 83 26 533 554 465 31 32 28 328 416 23 459 30 61 85 45 21 53 82 5962 23 69 124
internal_value=-0.00114522 0.00693974 -0.00340031 0.00522234 0.0133352 0.00422834 0.00296197 0.0169095 0.0216402 0.00882485 0.0115201 0.0177186 0.0234585 0.0178357 -0.000985514 0.00198231 0.0117683 0.00432323 -0.000736242 0.00312753 0.0109943 0.0197251 -0.00508937 0.00924159 -0.0017501 7.94917e-05 0.00703519 -0.00289705 0.000556343 0.0108541 0.0285553 0.00518284 0.00619019 0.0152511 0.0132473 -0.00127474 0.0221175 -0.00111652 0.00077273 0.00953831 0.0171129 0.0025714 0.00387269 0.00569048 0.0119756 0.0173362 0.0238121 -4.54562e-05 -0.00109189 0.00449003 0.00411024 0.0298146 0.0344045 0.00216712 0.00943511 0.0204998 0.0124946 0.00152757 -0.00541391 0.018309 0.00598535 0.00984847
internal_weight=19105.1 4166.15 14939 3554.5 368 3186.5 2492 611.649 339.231 694.508 526.286 269.696 180.747 271.75 6149.86 1258.43 273.918 190.053 984.516 447.164 272.418 215.047 8789.12 196.461 4891.43 1883.17 276.839 3008.26 678.028 102.699 83.8651 152.953 178.53 71.8929 150.467 575.329 194.177 1606.33 971.925 123.631 121.075 2450.01 1637.56 1106.32 221.505 139.155 96.6738 812.45 661.165 189.202 884.816 126.604 92.3006 168.073 73.601 49.853 94.0225 491.824 8127.95 86.373 88.9485 115.957
internal_count=19138 4397 14741 3783 471 3312 2600 614 340 712 544 268 174 275 6165 1184 245 169 939 424 274 274 8576 192 4981 2417 357 2564 617 72 76 197 153 53 152 545 247 2060 1233 123 120 2563 1702 1148 142 91 59 861 584 168 1006 122 91 153 68 46 94 547 7992 111 94 148
cat_boundaries=0 1 2 3 4
cat_threshold=128 4 650 167
is_linear=0
shrinkage=0.05


Tree=9
num_leaves=63
num_cat=2
split_feature=34 11 38 60 38 37 32 2 22 16 5 44 60 38 22 62 12 22 44 20 30 32 5 44 61 17 42 41 46 37 61 47 39 5 48 44 17 62 2 41 5 64 14 50 22 40 3 44 51 50 20 41 45 14 45 16 48 20 28 22 6 14
split_gain=122.84 28.7163 20.1477 8.54419 7.58372 6.57851 5.91947 5.12971 4.90438 4.25519 4.12259 4.57811 4.10249 4.81126 4.34623 5.71262 4.05921 4.00907 3.74698 3.73824 3.55673 3.45302 3.74596 3.23015 4.88598 3.29702 3.22345 3.79448 3.20287 3.14962 3.12214 6.48048 3.85112 3.111 2.95308 2.94627 2.94485 2.91328 2.83507 2.80747 3.15045 2.74223 2.69151 3.72335 2.87474 2.68739 3.36354 2.90561 2.62828 3.03821 2.59616 3.30101 2.91646 3.57918 2.49442 2.46658 2.4345 4.9146 3.20913 6.34137 4.17514 3.82299
threshold=0.35992048680782324 -0.093018811196088777 0.25786894559860235 0 0.58291667699813854 0.87136209011077892 0.32685495913028723 -0.0092430468648672087 19.500000000000004 -0.13959616422653195 -1.5021854043006895 1.8568160533905032 1 0.30928350985050207 20.500000000000004 1.5000000000000002 0.081434201449155821 23.500000000000004 0.87010917067527782 0.11868663132190706 1.0000000180025095e-35 0.21684595197439197 -1.5790703892707822 1.1026373505592348 4.5000000000000009 68.492160797119155 0.16030767560005191 0.93032440543174755 1.1280925273895266 0.44722656905651098 4.5000000000000009 1.1688364744186404 0.71703848242759716 -0.89378714561462391 0.3266484141349793 0.57701447606086742 80.848800659179702 6.5000000000000009 1.8917920589447024 0.48177385330200201 -2.0212744474411006 1.5455212593078616 0.0023945372086018328 1.4915714263916018 26.500000000000004 1.226067900657654 0.014538360293954613 0.99429103732109081 0.63643598556518566 1.662858307361603 0.082391321659088149 0.88002106547355663 -0.0051259351894259444 -0.00048380311636719847 -0.13343359529972074 -0.058897025883197777 0.79331868886947643 0.043572047725319869 0.39863713085651403 12.500000000000002 0.11424349620938302 -0.0017807274125516412
decision_type=2 2 2 1 2 2 2 2 2 2 2 2 1 2 2 2 2 2 2 2 2 2 2 2 2 2 2 2 2 2 2 2 2 2 2 2 2 2 2 2 2 2 2 2 2 2 2 2 2 2 2 2 2 2 2 2 2 2 2 2 2 2
left_child=2 5 16 4 7 9 -5 36 41 39 -8 42 13 18 15 -15 20 -10 -4 28 -1 -22 -23 38 25 -25 48 37 -19 -11 31 34 -33 -31 -6 -32 -3 -28 -17 -2 -41 -7 44 -44 45 56 47 -47 49 -20 52 -52 53 -9 -37 -29 58 -58 -12 -60 61 -61
right_child=1 3 12 6 30 8 10 50 17 29 11 -13 -14 14 -16 23 -18 19 26 -21 21 22 -24 24 -26 -27 27 55 -30 33 35 32 -34 -35 -36 54 -38 -39 -40 40 -42 -43 43 -45 -46 46 -48 -49 -50 -51 51 -53 -54 -55 -56 -57 57 -59 59 60 -62 -63
leaf_value=-1.3002884006141883e-05 0.017042071078331906 0.00045653785175750472 -0.0023984893846960677 -0.0011222771840844164 0.011401198182481918 0.017946061371293526 0.016996538702542346 0.088018923280348271 0.13390716580318451 0.006604657358806232 -8.683806241840398e-05 -0.001461171585899585 -0.0020892208391179389 0.010297345958337067 -0.00076441309034859246 0.00057932840380957252 -0.00066729216573117314 0.0016962531375623703 0.00019299450905822894 0.037238999475337917 -0.0055229633816000654 0.0051546900012425043 -0.0035687735765804365 0.00052159606704809682 0.008117807707630445 0.0037553225983174123 0.010506698003497364 0.0076171475350696322 0.027629117344439708 0.035303158385479837 0.027427406701426228 0.0098570746859669382 0.029928000685979363 0.015997939676842272 -0.00095029529864180398 -0.00035785436033393685 0.01180065910207085 0.0014244071292155603 0.0053585247860171298 0.029934248457612802 0.0036518544734786109 0.002077049641387582 0.0059288594623538339 0.013977190747581525 -0.00086414729695011858 -0.0031282417098029676 0.02209436679315201 0.01005482114457832 -0.0024140001912314403 0.0090730521332175237 0.029893842952959711 -0.0020451084527408044 0.0057480195578057947 0.0091702898063151465 0.020243169937622353 -0.00097251759835086668 0.0095095184635246108 0.0011546980459868322 -0.00023624356326265689 0.0080337735029777091 0.0043577486680693722 0.073616197313990037
leaf_weight=314.71395891904831 25.897375047206879 454.53316503763199 1078.2036429047585 509.44143491983414 49.373613178730011 35.348323225975037 20.779372334480286 26.209671139717102 32.653302192687988 26.776823878288269 472.2260046005249 192.24172711372375 1699.4959372878075 19.841497421264648 567.56302607059479 701.38735550642014 788.55830299854279 21.708539128303528 379.87337708473206 36.178823590278625 4901.6595649719238 35.069790184497833 3253.80725222826 188.33482843637466 54.113015413284302 30.060380876064301 21.947545766830444 35.583249390125275 103.11991328001022 43.070132315158844 37.876312613487244 29.169242739677429 46.192580699920654 26.437331557273865 116.9159243106842 24.821520686149597 23.874154269695282 22.640534639358521 37.267085909843445 40.720325469970703 258.15525543689728 54.108186006546021 192.78533238172531 19.137413024902344 253.12275087833405 39.745926678180695 28.955027461051941 51.742817580699921 199.08975791931152 19.031899690628052 27.929042994976044 100.88452076911926 289.42659902572632 48.127162516117096 144.39763659238815 108.64979803562164 111.35095405578613 225.13076567649841 202.4440091252327 75.14194518327713 76.82800167798996 53.264773845672607
leaf_count=302 30 498 1013 510 65 44 20 22 34 26 469 194 2064 9 600 755 676 24 389 40 4693 38 3110 185 68 26 15 28 102 38 47 35 44 29 122 32 18 27 42 38 258 46 205 19 247 46 37 55 175 24 37 102 322 57 183 101 98 200 198 76 80 51
internal_value=-0.00122284 0.00584729 -0.00349643 0.00418474 0.00728093 0.0151502 0.00240282 0.00483876 0.0210645 0.0111575 0.00363077 0.00339628 -0.000990885 0 0.00201352 0.00394909 -0.0048878 0.0255581 -0.0017245 0.0222256 -0.00520621 -0.00540663 -0.00414853 0.00342051 0.00807706 0.00471019 0.000893857 0.00659051 0.0180187 0.0204225 0.012714 0.00880467 0.0209696 0.0260498 0.00325222 0.0172452 0.00113858 0.019339 0.00169496 0.0083899 0.00699268 0.0112631 0.00418016 0.00948595 0.00346926 0.00439525 0.0115365 0.00674753 -0.000897342 0.00143454 0.00842138 0.00226962 0.0105848 0.0194658 0.0143512 0.00260415 0.00368314 0.00730665 0.00229113 0.00554142 0.011734 0.0172534
internal_weight=19105.1 4648.24 14456.9 3944.07 1419.73 704.174 2524.34 970.984 283.117 421.057 2014.9 1994.12 5163.08 3463.59 1598.57 1031 9293.81 193.661 1865.02 161.007 8505.25 8190.54 3288.88 1011.16 272.508 218.395 786.816 188.821 124.828 96.2843 448.747 241.651 75.3618 69.5075 166.29 207.095 478.407 44.5881 738.654 324.773 298.876 89.4565 1801.88 211.923 1589.95 1336.83 120.444 91.4887 597.995 398.905 492.577 128.814 363.763 74.3368 169.219 144.233 1216.39 336.482 879.905 407.679 205.235 128.407
internal_count=19138 4798 14340 4089 1584 709 2505 1056 290 419 1995 1975 5521 3457 1685 1085 8819 200 1772 166 8143 7841 3148 1076 279 211 759 171 126 93 528 266 79 67 187 262 516 42 797 326 296 90 1781 224 1557 1310 138 101 588 413 540 139 401 79 215 129 1172 298 874 405 207 127
cat_boundaries=0 1 2
cat_threshold=194 250
is_linear=0
shrinkage=0.05


Tree=10
num_leaves=63
num_cat=2
split_feature=34 11 35 33 10 10 47 36 40 50 46 16 17 8 13 5 17 41 14 43 60 33 39 29 48 41 56 52 27 10 17 20 22 52 52 52 41 22 8 22 46 14 38 11 35 14 5 36 62 28 52 48 43 44 10 48 38 17 51 60 64 5
split_gain=110.068 29.055 21.4787 7.13235 5.49687 7.49307 6.17975 5.07389 4.54155 4.49376 4.36006 4.27331 5.22053 5.16631 3.76834 5.70045 3.38525 3.31742 3.265 3.434 4.42 3.16685 3.12786 3.04743 3.03928 3.02142 3.77534 2.93302 3.01595 2.92539 4.61261 3.30791 2.87773 4.90262 12.6812 8.4155 4.08556 4.92937 3.76957 3.76429 3.28355 3.10841 2.92612 2.85885 2.85475 2.80388 3.27103 2.78133 2.98792 2.67704 2.76244 2.6343 3.07508 2.51261 5.48928 5.6404 2.85478 2.63278 2.47706 2.85588 2.47399 2.46699
threshold=0.35523305833339697 -0.099772490561008439 0.26177068054676061 0.67188885807991039 -0.3405527919530868 -0.58899828791618336 0.6277354657649995 0.1704463064670563 1.2226802706718447 1.192727863788605 1.4871966242790224 -0.13959616422653195 32.886154174804695 -0.022591796703636643 -0.0017979731201194225 -1.2907888293266294 1.0000000180025095e-35 1.3797806501388552 -0.0095701920799911005 0.23528728634119037 0 0.48828198015689855 1.2584943175315859 0.26897500455379492 0.88299706578254711 1.26095587015152 0.020990756340324882 0.33358369767665869 0.10654211789369585 -0.14293333888053891 58.141929626464851 0.011280015110969545 20.500000000000004 0.19009562581777575 0.27488447725772863 0.27185554802417761 0.88284185528755199 12.500000000000002 -0.052612634375691407 14.500000000000002 0.3062902987003327 0.0035640143323689704 0.22279378771781924 -0.14793822169303891 0.31706804037094122 -0.00043076458678115154 0.053405277431011207 0.31391312181949621 5.5000000000000009 0.21597764641046527 0.091452784836292281 0.68029057979583751 0.19344099611043933 0.52198788523674022 -0.12024889141321181 0.61226853728294384 0.37013587355613714 75.912769317626967 0.7567172944545747 1 1.5455212593078616 -0.12183613330125807
decision_type=2 2 2 2 2 2 2 2 2 2 2 2 2 2 2 2 2 2 2 2 1 2 2 2 2 2 2 2 2 2 2 2 2 2 2 2 2 2 2 2 2 2 2 2 2 2 2 2 2 2 2 2 2 2 2 2 2 2 2 1 2 2
left_child=2 4 7 8 5 43 -6 16 14 10 27 12 22 17 21 -16 -1 -13 -17 53 -21 -3 -5 -10 -23 26 32 -7 -29 30 -9 -32 33 38 35 39 41 -38 40 51 -4 -36 60 -2 -28 46 61 -31 -49 50 -40 52 -35 54 55 57 -57 -20 59 -56 -34 -22
right_child=1 3 25 11 6 9 -8 29 23 -11 -12 13 -14 -15 15 18 -18 -19 19 20 45 24 -24 -25 -26 -27 44 28 -30 47 31 -33 42 34 36 -37 37 -39 49 -41 -42 -43 -44 -45 -46 -47 -48 48 -50 -51 -52 -53 -54 -55 58 56 -58 -59 -60 -61 -62 -63
leaf_value=-2.362450121499025e-05 0.056842061500550427 -0.00082754688833653895 0.0077793742655264553 0.010136379692714409 0.0092902274030291412 0.013029145629431117 0.02794837497009689 -0.0042268657391152818 -0.001889728112855091 -0.003927040798610895 0.035377049501571022 0.064122993774071338 0.00048356828713267411 0.012294487592548487 0.014659996363404091 -0.0034995067042791874 -0.0066738344377554231 0.010369355093295353 -0.0046035409913430404 -0.001352615387556968 0.012524475498421851 0.0021843053706686114 0.0023398121552690556 0.013556006329777199 0.0061658999242630713 -0.0024735377270579174 0.0062098110079494041 -0.00056292652411292781 0.0050613276617108745 -0.0032311018400261963 0.0099075995127994049 0.0047471367132663009 0.0061123910780211954 0.0058462581627550031 -0.0017297408169222818 0.014331684136799239 0.00037643444067530233 0.048497333613201771 0.0038517686195136736 -0.00072472911844325219 -0.0032242172528230586 0.024205892931964186 -0.0016794566059018358 0.01704875830272885 0.0034045193176518275 0.0048391596227251093 0.0039406598956192862 0.0035209633931768455 -0.00049238958250273971 0.00027868090794817282 -0.0025431753873797341 0.0092572400572364048 -0.0012683122156584544 0.00043202731362265435 -0.0024476671875299535 0.0099133488712669429 0.0038285625148230642 0.012653817164547049 -0.0060455729198157782 0.0030737230381386125 -0.00059432203330019311 0.023074354239522612
leaf_weight=213.99174147844315 27.595281302928925 795.69872611761093 61.005931675434113 33.401947557926178 78.579316020011902 25.868564307689667 189.18205010890961 230.83347469568253 43.026903629302979 49.216292262077332 73.381335198879242 42.268929839134216 206.4220609664917 237.46649521589279 38.032459557056427 80.444314181804657 2775.5664176940918 35.057161450386047 32.382754921913147 110.90575343370438 78.317502081394196 398.50460809469223 19.160274684429169 272.10430109500885 26.288629233837128 460.81033396720886 29.566111266613007 89.084716975688934 84.526728749275208 6628.4444516301155 30.202640235424042 78.028543412685394 25.003574907779694 32.916126489639282 270.06388002634048 52.513372302055359 86.240785241127014 41.512956917285919 46.395995736122131 54.383614957332611 28.931015431880951 23.898208677768707 1273.5368642807007 23.448971807956696 16.334591567516327 252.49675714969635 118.93759393692017 47.446198582649231 232.40721845626831 1213.6163895726204 456.05360567569733 29.93484765291214 21.772856116294861 792.42997539043427 90.011813759803772 33.984063982963562 22.480138659477234 16.785537838935852 49.926302671432495 295.67322868108749 23.67433500289917 28.769148111343384
leaf_count=201 29 803 68 33 89 30 186 228 50 40 75 42 204 271 38 75 2520 37 31 118 75 380 19 327 19 476 36 89 77 6470 29 69 22 38 261 51 88 42 46 58 31 28 1375 29 18 275 119 30 268 1287 484 29 24 819 110 18 24 20 27 342 28 24
internal_value=-0.00117877 0.00538962 -0.00335206 0.00385797 0.0153001 0.0113425 0.02079 -0.00459239 0.00302564 0.00849429 0.0110081 0.00903699 0.00424858 0.012958 0.0024696 0.0037837 -0.00632828 0.0242179 0.0034161 0.00383063 0.00701305 0.000267216 0.018304 0.00876297 0.00375602 -0.000361963 0.000101914 0.00713063 0.00474689 -0.00387557 0.000645892 0.00917022 -7.17944e-05 0.000951958 0.00481482 0.0154806 -1.96635e-05 0.00743024 -0.00035712 0.00897674 0.0096107 -0.00327576 -0.00194865 0.0291649 0.0143393 0.0089922 0.0132409 -0.00409822 0.000769001 -0.000882965 -0.00395266 0.0155709 0.00888137 0.00241997 0.00504692 0.0152763 0.0260544 0.00276976 0.00255194 0.00391752 0.0100503 0.0196067
internal_weight=19276.9 4791.86 14485.1 4150.98 640.883 373.122 267.761 10236.9 3577.2 322.078 272.861 573.777 258.984 314.793 3262.07 2041.58 2989.56 77.3261 2003.54 1923.1 589.427 1220.49 52.5622 315.131 424.793 4248.17 3787.36 199.48 173.611 7247.36 339.065 108.231 3741.45 2419.24 613.237 191.521 421.716 127.754 1806 139.007 89.9369 293.962 1322.21 51.0443 45.9007 478.521 226.024 6908.3 279.853 1716.07 502.45 84.6238 54.689 1333.67 541.244 105.632 56.4642 49.1683 435.611 385.685 48.6779 107.087
internal_count=19249 4944 14305 4300 644 369 275 9815 3694 311 271 606 256 350 3317 2115 2721 79 2077 2002 611 1202 52 377 399 4490 4014 196 166 7094 326 98 3960 2535 619 200 419 130 1916 149 99 289 1425 58 54 493 218 6768 298 1817 530 91 62 1391 572 93 42 51 479 452 50 99
cat_boundaries=0 1 2
cat_threshold=265 2405
is_linear=0
shrinkage=0.05


Tree=11
num_leaves=63
num_cat=2
split_feature=34 11 35 33 35 13 52 14 1 40 12 40 1 33 13 52 6 50 13 60 44 28 39 20 42 30 35 41 56 15 19 1 12 28 52 52 32 47 40 62 41 29 30 51 17 6 12 44 33 0 50 10 16 41 20 32 35 14 10 35 13 53
split_gain=95.8569 20.4414 19.8549 5.88896 5.51344 4.8319 4.78546 4.65801 4.42346 4.69062 4.03081 3.73794 4.17154 4.02867 3.42932 4.27991 4.08639 5.97801 3.18663 4.05985 4.05372 3.72544 3.1647 3.46308 4.05435 3.14818 3.23806 3.0714 3.64754 3.18679 4.65755 3.18559 3.06475 3.00148 3.70554 4.16844 2.96643 2.86865 2.89266 2.86573 2.80152 2.72871 2.71695 2.65833 2.64258 2.59361 2.58645 2.54051 2.55496 2.92032 2.53689 2.75997 2.72993 3.19396 2.63876 4.22696 2.68461 3.36583 3.63726 2.526 2.51845 2.51806
threshold=0.35523305833339697 -0.093018811196088777 0.26177068054676061 0.67188885807991039 0.19479722529649737 -0.0016496082535013554 1.0249550938606264 -0.012633705977350472 -0.57489246129989613 1.2226802706718447 -0.35986056923866266 0.90848761796951305 -0.58064794540405262 0.98744630813598644 -0.0060713461134582749 0.28343974053859716 0.12867187708616259 1.3389023542404177 -0.0042800225783139459 0 1.2024114131927492 0.33088581264019018 1.532552242279053 0.081106729805469527 0.23030815273523333 0.37403368949890142 0.43888600170612341 1.2153937816619875 0.020990756340324882 -0.070581354200839982 1 0.28135982155799871 -0.11437034606933592 0.54538357257843029 0.10169000551104547 0.37286926805973059 0.33855564892292028 0.64640241861343395 1.1204663515090945 3.5000000000000004 1.0901054143905642 0.36964978277683264 0.66820949316024791 0.72647982835769664 1.0000000180025095e-35 0.10205022245645524 -0.067065745592117296 2.2528035640716557 0.48828198015689855 -0.0050026059616357079 1.2831304073333742 -1.0000000180025095e-35 -0.051452631130814545 0.98702949285507213 0.064780715852975859 0.24863669276237491 0.2368484511971474 0.0042996681295335301 0.22732177376747134 0.32170453667640692 0.0095682572573423403 0.05304593779146672
decision_type=2 2 2 2 2 2 2 2 2 2 2 2 2 2 2 2 2 2 2 1 2 2 2 2 2 2 2 2 2 2 1 2 2 2 2 2 2 2 2 2 2 2 2 2 2 2 2 2 2 2 2 2 2 2 2 2 2 2 2 2 2 2
left_child=2 5 4 8 44 10 7 -5 -3 18 -2 39 -13 37 -9 -16 -17 -18 46 20 22 -22 23 24 -20 -23 -27 28 29 30 -4 60 -7 34 -26 43 -32 -14 42 -12 -41 -33 -39 -36 -1 -11 47 48 -10 -50 51 -6 53 -52 -53 56 57 58 -56 -30 -31 -29
right_child=1 3 27 6 50 32 -8 14 9 45 11 12 13 -15 15 16 17 -19 19 -21 21 25 -24 -25 33 26 -28 61 59 31 36 41 -34 -35 35 -37 -38 38 -40 40 -42 -43 -44 -45 -46 -47 -48 -49 49 -51 52 54 -54 -55 55 -57 -58 -59 -60 -61 -62 -63
leaf_value=2.9072513463490603e-05 0.038382902120582346 3.3728779376411729e-05 -0.00025946001474932149 0.04223787070760731 -0.00084525831284201769 0.091890881051963802 -0.00070405562229012458 0.0020452627478099368 7.0980915069823737e-06 0.029781258698388879 -0.0037439540393110829 0.0018343969936521654 0.00047858917954329562 0.07809331201064694 0.0050176921096087186 0.065738595964999286 0.0031606935277257056 0.072032377796935138 0.0013624750226063492 0.0013443674932357074 -0.00064668824200349588 0.0063790865481485387 -0.002517422821517676 0.0012036685825691923 -0.00047144877873659953 0.023313792680772286 0.010315443968095594 -0.0029485250057599667 0.0058993204575519325 -0.0010895304815881873 0.004430422825015645 0.0006876636990013964 0.0047083019760630956 0.0034927389992298139 0.012681273214650674 0.0027500527947432879 0.010438403099520793 0.0077127518668172156 0.01337109422707471 -0.0051957782487008289 0.0082802672477725447 0.0041753520297371591 -0.00069139708835649016 0.01071495870340396 -0.0050853492632979393 0.0083132806503376181 -0.0024213170702403141 -0.0034159919431269894 0.010122572764148942 0.0021013864270678861 0.0064399278048967645 -0.0029585888063808547 -0.00041694232058799301 -0.003083795838198278 0.0017807209728215466 -0.0026789644409129323 -0.0025843729906895063 0.0065235596882181951 -0.005883525217164935 0.0032342933517692353 0.0038737342884312496 0.00064710791356110964
leaf_weight=176.22105175256729 73.952801883220673 1081.0155593156815 181.63183283805847 24.100749611854553 994.17625665664673 45.533295035362244 102.64463526010513 183.05674523115158 142.55207645893097 62.642605245113373 41.700506269931793 136.99067556858063 42.475797891616821 64.035342872142792 112.04352557659149 38.899127721786499 66.815909564495087 25.776794791221619 109.91139584779739 956.04067075252533 28.907633304595947 29.213388025760651 83.77594119310379 207.05085998773575 30.433497190475464 40.751619875431061 37.39432156085968 551.992755651474 28.46755713224411 2227.193374812603 115.45632725954056 913.99474602937698 19.020430624485016 75.303390443325043 116.30467748641968 39.409581363201141 22.699338555335999 91.212302565574646 44.395420253276825 23.4130699634552 87.714739859104156 63.735845267772675 31.619335770606995 20.302482306957245 5219.187426507473 140.7347292304039 175.94260162115097 49.145679295063019 41.604441404342651 68.022280752658844 48.265087425708771 2825.2858932614326 614.65091001987457 19.655024290084839 31.392163336277008 201.78138154745102 52.647650599479675 25.941198408603668 27.716642379760742 15.615316331386564 31.915761649608612 95.462541937828064
leaf_count=167 69 1126 192 29 1010 48 93 188 142 77 29 140 50 63 133 38 70 32 122 908 33 35 87 240 34 43 39 566 35 2353 116 975 19 84 147 36 25 87 45 26 101 69 30 16 4891 167 174 47 33 64 51 2761 607 18 24 197 42 24 23 17 37 105
internal_value=-0.0012491 0.00488056 -0.00327724 0.00352565 -0.00446978 0.0127647 0.00832634 0.0105462 0.00277288 0.00394621 0.0114273 0.00996771 0.0124556 0.0160287 0.00931648 0.0132116 0.0193447 0.0135149 0.00328603 0.00426152 0.00682877 0.0148042 0.00532718 0.00660373 0.00937019 0.019093 0.0243394 -0.000402327 0.000166475 -9.48869e-06 0.00474992 -0.000481377 0.0258576 0.0125484 0.0156724 0.0184569 0.0116666 0.0126213 0.015569 0.00324499 0.00746085 0.00190054 0.0115271 0.0225953 -0.00557029 0.0112269 -0.000331146 0.00247007 0.00450972 0.0102453 -0.00324224 -0.00370605 -0.000408734 0.00908585 -0.0044287 -0.000247999 0.00648768 0.0119852 0.00527149 0.0144444 -0.00151451 -0.00357288
internal_weight=19276.9 4791.86 14485.1 4089.8 10236.9 702.064 553.337 450.693 3536.46 2455.44 637.51 563.557 410.729 273.738 426.592 243.535 131.492 92.5927 2252.07 1774.8 818.759 136.267 682.492 598.716 391.665 107.359 78.1459 4248.17 3600.71 3556.63 319.787 3236.84 64.5537 281.754 206.45 176.017 138.156 209.703 167.227 152.828 111.128 977.731 122.832 136.607 5395.41 203.377 477.267 301.324 252.179 109.627 4841.51 4158.94 682.571 67.9201 3164.76 339.479 137.698 85.05 59.1088 44.0829 2259.11 647.455
internal_count=19249 4944 14305 4237 9815 707 583 490 3654 2528 640 571 415 275 461 273 140 102 2284 1824 916 150 766 679 439 117 82 4490 3819 3767 333 3434 67 317 233 199 141 212 162 156 127 1044 117 163 5058 244 460 286 239 97 4757 4081 676 69 3071 310 113 71 47 52 2390 671
cat_boundaries=0 1 2
cat_threshold=1734 1
is_linear=0
shrinkage=0.05


Tree=12
num_leaves=63
num_cat=6
split_feature=36 15 35 60 2 22 52 52 60 48 17 2 22 27 2 14 36 19 17 38 38 9 17 8 20 22 14 9 22 50 52 9 30 19 11 40 29 50 10 16 20 41 59 13 15 17 54 10 17 31 19 60 6 33 13 12 5 50 38 15 16 9
split_gain=84.403 22.4862 11.3959 9.75502 7.61232 6.70725 6.16532 6.22733 5.84239 5.41413 5.2219 4.88518 4.80053 4.52511 4.42605 4.50545 4.23176 4.21024 3.91609 3.80425 3.47135 3.34884 4.59132 3.33857 3.29884 3.24423 5.27031 5.10083 3.77271 3.19663 4.316 4.18403 3.84858 3.51991 3.17591 3.91681 3.12489 3.11092 3.08396 2.9987 5.67763 2.91681 2.82996 5.07514 2.82636 2.82251 2.82057 2.86043 4.4559 3.69099 2.93121 2.80656 4.63314 3.62374 2.76603 3.18464 2.73125 2.64554 3.78682 3.69786 2.59233 2.58832
threshold=0.30032509565353399 -0.086932834237813936 0.26177068054676061 0 3.1024719476699834 22.500000000000004 0.19009562581777575 0.2098333612084389 1 0.83913114666938793 81.770122528076186 0.37185701727867132 19.500000000000004 -1.4453090429306028 0.60994893312454235 -0.0036149884108453985 0.1704463064670563 2 1.0000000180025095e-35 0.3281844705343247 0.60490554571151745 -0.2076473385095596 38.085531234741218 -0.027830004692077633 0.050837824121117599 11.500000000000002 -0.001417838968336582 -0.12668149918317792 23.500000000000004 0.64012116193771373 0.23121363669633868 0.12000889331102373 0.30059430003166204 3 0.03489342704415322 1.1399047970771792 0.40994697809219366 0.55664601922035228 -0.31591732800006861 -0.067577421665191637 0.013785732444375755 1.0455430150032046 0.11530344933271409 0.0021499380236491565 -0.09421531111001967 82.922176361083999 0.31905514001846319 -0.14293333888053891 57.350128173828132 0.2990767508745194 4 5 0.041188716888427741 0.38049162924289709 -0.004167664796113967 -0.060304248705506318 0.91532120108604442 0.99624115228652965 0.40163710713386541 0.10320798680186273 -0.26121132075786585 0.13104660063982013
decision_type=2 2 2 1 2 2 2 2 1 2 2 2 2 2 2 2 2 1 2 2 2 2 2 2 2 2 2 2 2 2 2 2 2 1 2 2 2 2 2 2 2 2 2 2 2 2 2 2 2 2 1 1 2 2 2 2 2 2 2 2 2 2
left_child=2 4 16 10 8 12 -5 -8 21 13 14 34 -6 -10 20 -16 18 -17 -1 -12 38 22 -2 -19 -11 -13 27 -27 -28 30 31 51 -33 -32 -9 37 -26 -36 -3 40 41 -31 -41 -44 -15 -39 47 48 -18 50 -50 52 53 -4 -40 -56 -21 58 -25 -59 -38 -49
right_child=1 3 29 6 5 -7 7 11 9 24 19 25 -14 44 15 17 46 23 -20 56 -22 -23 -24 57 36 26 28 -29 -30 39 33 32 -34 -35 35 -37 60 45 54 42 -42 -43 43 -45 -46 -47 -48 61 49 -51 -52 -53 -54 -55 55 -57 -58 59 -60 -61 -62 -63
leaf_value=-1.8321072915811155e-05 0.023807136840080758 -0.0011503165826657674 0.0067797545130252783 -0.00091909425771496414 0.0035015738284416512 -0.0004526362806382813 0.0087878699797499082 -0.00037752111835065709 0.013465458913515766 0.011397251322379454 0.012350514052974835 -0.00072440464909094755 0.10591998666910035 0.00014776072317747302 0.090364739141047756 -0.0011651347116903318 -0.0038184445919271603 0.017024242097297342 -0.0060876958158672338 0.014642138348231616 0.0060599485946352845 0.0073038655850048264 0.0064491380885793037 0.0074930547651903441 0.0045227624106577401 0.020632679237473674 0.04277734984523765 7.0957245004599215e-05 0.0031505639931635855 0.0078785321005611919 0.012720425181543253 0.0034792337109372466 -0.0045739044977217563 0.0020493188965640427 -0.0068805067296056482 -0.0013233153535362281 0.0047003924441289553 0.008289421958581334 -0.0032532970243244644 -0.0020283615436613362 -0.00020273696832681933 0.0013797311008646397 0.003840400591973811 -0.0016408621831036448 0.0033291020122603906 -0.001462286089666079 0.0068602375933740859 -0.0031397486823356332 0.0035050888664358219 -0.0016777921084611515 0.017118984569145925 -0.0016610972894607779 -0.0015313062110249036 0.0026662275550868256 0.011976345683241581 0.0024718563218412426 0.0037399606692369637 -0.001098992902443277 0.0030026588513394183 0.019528990147118393 -0.0011033218555587311 9.0966607575410321e-05
leaf_weight=249.9863018989563 114.67518723011017 147.30911940336227 26.852746486663818 1512.5777478218079 25.493480503559113 27.931168675422668 36.001336753368378 1457.0119142532349 52.705501079559326 63.566073298454285 25.261909365653992 130.54573261737823 44.716866791248322 451.17302870750427 39.532872200012207 78.749221086502075 198.05720561742783 27.537305414676666 2775.5664176940918 41.282484233379364 305.20187944173813 192.68319725990295 27.535022974014282 39.946430087089539 38.986532509326935 24.121332049369812 99.248261570930481 152.85827928781509 30.081395208835602 34.665960013866425 20.049328804016113 34.402955651283264 16.948944449424744 53.391082525253296 33.289435207843781 95.787801802158356 63.603447139263153 175.86024564504623 122.30496960878372 1579.4703567028046 187.60626929998398 20.420732259750366 22.831515967845917 34.489956140518188 50.67516565322876 23.313218235969543 29.120158195495605 6305.3383414745331 37.382632553577423 36.94708114862442 31.319315671920776 443.38930135965347 75.279665231704712 34.099515914916992 35.61073225736618 772.82792603969574 43.985230386257172 72.911025822162628 44.9428750872612 18.434919118881226 33.422090649604797 255.62857508659363
leaf_count=245 126 102 22 1636 25 26 34 1458 54 60 23 132 40 464 37 77 189 31 2520 50 350 212 28 49 32 26 98 151 33 31 22 41 19 66 42 89 62 169 147 1542 187 18 26 41 53 20 31 6166 31 32 32 496 70 34 31 957 53 86 60 24 28 213
internal_value=-0.00127774 0.00321682 -0.00371309 0.00188762 0.00946687 0.022828 0.000427906 0.00208481 0.0082562 0.00554773 0.00488658 0.00174762 0.0310674 0.00306675 0.00422624 0.00951175 -0.00448361 0.00726915 -0.00604537 0.0154581 0.00299143 0.0137605 0.0200257 0.0110667 0.0126893 0.00648736 0.00929967 0.00365347 0.0169787 -0.000753157 0.00211601 0.000771429 0.014439 0.0135834 0.000584705 0.00502812 0.00822579 0.00853925 0.00165245 -0.00183121 0.00334545 0.0174469 -0.00260198 0.00827915 0.00159046 0.0109118 -0.00379738 -0.00386386 0.000866186 0.00916684 0.0160257 -0.000433112 0.0055937 0.0162495 0.00271993 0.00378341 0.0103005 0.0084857 0.0148474 0.00250923 0.00335157 -0.00408359
internal_weight=19276.9 6773.7 12503.2 5586.54 1187.17 98.1415 3770.7 2258.12 1089.03 754.132 1815.84 2222.12 70.2103 554.554 1705.31 322.055 9919.35 282.522 3025.55 110.53 1383.25 334.893 142.21 203.773 199.578 436.855 306.309 176.98 129.33 2583.9 704.414 630.973 51.3519 73.4404 1785.26 328.251 136.012 232.463 1078.05 1879.48 242.693 55.0867 1636.79 57.3215 501.848 199.173 6893.79 6864.67 303.706 105.649 68.7019 579.621 136.232 60.9523 930.744 808.439 85.2677 176.235 84.8893 91.3459 97.0255 6560.97
internal_count=19249 7175 12074 5965 1210 91 3888 2252 1119 753 2077 2218 65 571 1951 364 9459 327 2765 126 1587 366 154 250 182 440 308 177 131 2615 770 682 60 88 1778 320 122 231 1237 1845 236 49 1609 67 517 189 6694 6663 284 95 63 622 126 56 1135 988 103 219 109 110 90 6379
cat_boundaries=0 1 2 3 4 5 6
cat_threshold=194 642 1 4 1 144
is_linear=0
shrinkage=0.05


Tree=13
num_leaves=63
num_cat=3
split_feature=34 11 35 2 38 1 22 38 22 22 15 13 0 64 52 49 60 52 49 22 35 17 20 8 52 14 17 60 49 43 27 61 22 49 22 43 36 10 36 15 6 52 36 51 52 46 11 53 8 1 13 44 60 9 51 44 44 28 32 22 43 20
split_gain=74.3205 15.696 13.6299 6.58348 5.62127 5.68029 5.49558 5.21052 5.06269 4.76148 4.66832 5.97658 3.8449 3.54581 3.21984 4.89489 2.94303 4.20578 3.4928 3.50284 2.92462 2.86595 2.72569 2.71036 2.70927 2.68468 2.70187 2.55232 4.64588 3.78563 3.37829 3.83832 3.1018 3.75342 4.18287 4.56529 3.10212 3.04242 2.99643 2.97212 2.92654 2.92052 2.76155 3.15337 4.9566 2.53096 2.46066 2.40824 3.57315 2.46591 3.23858 2.87672 2.60496 4.61702 4.72471 6.07048 3.3394 3.26736 2.49646 2.38412 2.37264 3.39243
threshold=0.3297505676746369 -0.099772490561008439 0.19479722529649737 1.6309972405433657 0.45342077314853674 0.29625593125820165 23.500000000000004 0.26414422690868383 23.500000000000004 16.500000000000004 -0.011462713591754435 -0.0065706572495400897 0.05870377458631993 1.5455212593078616 0.35733072459697729 0.31867712736129766 0 1.0249550938606264 0.28907994925975805 14.500000000000002 0.41953493654727941 67.76462554931642 0.081106729805469527 0.074885692447423949 0.29113319516181951 0.0045759270433336505 1.0000000180025095e-35 1 0.17171423137187961 0.13655882328748706 -0.42162960767745966 3.5000000000000004 19.500000000000004 0.10774463042616846 15.500000000000002 0.17598314583301547 0.40475203096866613 0.29830172657966619 0.30141957104206091 0.038750201463699348 0.084861610084772124 0.36091753840446478 0.26287350058555609 0.61381268501281749 0.22481594979763034 2.2637375593185429 -0.031475864350795739 0.57844612002372753 0.037147456780076034 -0.5868130326271056 -0.0042800225783139459 1.1877684593200686 2 0.10064518451690675 0.45588402450084692 0.48799154162406927 0.35581123828887945 0.39479860663414007 0.33855564892292028 11.500000000000002 0.064553439617156996 0.061318872496485717
decision_type=2 2 2 2 2 2 2 2 2 2 2 2 2 2 2 2 1 2 2 2 2 2 2 2 2 2 2 1 2 2 2 2 2 2 2 2 2 2 2 2 2 2 2 2 2 2 2 2 2 2 2 2 1 2 2 2 2 2 2 2 2 2
left_child=2 3 23 12 47 16 9 46 10 -5 11 -7 13 -2 15 21 17 18 19 -6 -20 -12 24 25 -13 26 -1 29 40 -9 31 -30 33 -31 38 39 37 -34 -35 -36 -29 42 -32 -44 -45 -15 -4 49 -49 59 -51 52 53 56 58 -56 57 -52 -55 -3 61 -48
right_child=1 4 7 6 5 8 -8 27 -10 -11 14 22 -14 45 -16 -17 -18 -19 20 -21 -22 -23 -24 -25 -26 -27 -28 28 30 32 41 -33 36 34 35 -37 -38 -39 -40 -41 -42 -43 43 44 -46 -47 60 48 -50 50 51 -53 -54 54 55 -57 -58 -59 -60 -61 -62 -63
leaf_value=6.4017550363232317e-05 0.0085655353158005706 0.0012313891596863109 6.202051205248805e-05 0.0052656818888936422 0.0093893792536520748 0.0042854595929146646 0.0042926466116427753 -0.0012986353651428834 0.00089410774691923945 0.10062398733564533 -0.0012636466448544825 0.0075797680831783121 0.02473360336626414 0.00034244040385403854 0.00019802273476092204 0.087930848633772721 0.001059641303838274 -0.0010934585247148556 -0.00087185212773642777 -0.00036419154177046999 0.010166597171913129 0.011125881177708864 0.060458707221603292 0.0069899117446712488 0.09131806072996701 0.0035930888172925782 -0.0047673754375686028 -0.002983316467121945 0.0057833873608140428 0.0067646700347267115 0.0095867416330418058 0.00043034057513824945 -0.001797180686405403 -0.001654447066324974 0.01102262741877701 -0.0017888961879200195 0.0036171810386756774 0.0095397589737686653 0.0035565839042729533 -0.0046766463493729113 7.754157030746279e-05 -0.0054514320193947115 -0.00098701461505311394 0.0069629885696041206 0.0010211427578757039 0.045723238133686145 -0.00054613555634564859 6.9535697410022531e-05 0.035565180111208947 -0.00095988503145680998 0.0095616850655850221 0.0054037419104795148 7.6075518495846714e-05 0.014082954210651068 -0.0028500516716888748 0.011732988350326094 -0.001002604207145369 0.0015342225233594244 0.011429683851269398 -0.0032612600069208807 -0.0026014003877995098 0.00011601576445550951
leaf_weight=169.95715880393982 244.11116230487823 243.64438909292221 485.58820813894272 22.511850833892822 123.66276204586029 39.821103930473328 60.481784343719482 637.43514668941498 158.36467641592026 53.91458123922348 32.125571310520172 19.713501930236816 31.579846501350403 209.13809424638748 79.775906801223755 26.623079895973206 942.58054596185684 79.140966653823853 34.522498250007629 181.57611536979675 233.93944329023361 56.977222383022308 19.136586010456085 34.663925886154175 50.775730133056641 36.814518690109253 5134.4814280867577 1064.7189910411835 34.336028873920441 53.992020487785339 32.11034893989563 61.417453646659851 264.56634992361069 185.13027864694595 51.589620113372803 29.657215356826782 16.272279858589172 18.552767693996429 204.5332019329071 17.115246057510376 441.69005620479584 112.44328987598419 304.34239184856415 34.257704257965088 131.66541457176208 29.388061285018921 300.73224097490311 40.297547161579132 25.338325679302216 331.68077200651169 26.540738582611084 313.63506180047989 1033.8654828667641 31.939556300640106 67.592882335186005 33.398962318897247 230.81669628620148 29.356633186340332 51.784084379673004 486.69728046655655 3713.4199513792992 29.01398104429245
leaf_count=160 263 247 489 23 159 44 59 726 161 51 41 24 30 197 82 29 935 73 38 226 262 72 21 27 47 31 4822 1127 28 68 33 75 301 184 55 32 17 23 238 20 472 114 343 29 119 30 281 42 31 325 28 310 1040 40 57 34 235 33 68 488 3563 27
internal_value=-0.00129124 0.00351386 -0.00329712 0.0108199 0.00256603 0.00455777 0.0205856 -0.00201639 0.00931127 0.0295207 0.0128856 0.0202738 0.00820664 0.00708286 0.00796034 0.0132849 0.00311412 0.005669 0.00724988 0.00356544 0.0114175 0.00757247 0.0274384 -0.00525549 0.0320139 -0.00534656 -0.00544056 -0.000621566 -0.00169112 0.00098325 0.00162905 0.0103612 0.00319384 0.00545104 0.00405175 0.0132671 -0.000876359 -0.00211535 0.00170988 0.0203454 -0.0032718 0.000259493 0.00189793 0.000916351 0.00646679 0.00271793 -0.00315354 0.00115911 0.0106294 0.000941255 0.00179478 0.00262473 0.00171244 0.00474634 0.0110117 0.00366352 0.000855467 0.011821 0.019801 -0.00156514 -0.0035575 0.000493557
internal_weight=19276.9 5676.45 13600.5 651.125 5025.32 2078.74 136.908 8224.58 483.313 76.4264 324.949 129.447 514.217 482.637 195.502 115.726 1595.42 652.842 573.701 305.239 268.462 89.1028 89.6258 5375.92 70.4892 5341.25 5304.44 3695.83 2216.98 1478.84 710.573 95.7535 841.409 542.018 488.026 98.3621 299.391 283.119 389.663 68.7049 1506.41 614.819 502.376 470.266 165.923 238.526 4528.75 2946.59 65.6359 2880.95 2150.61 1818.93 1505.3 471.43 184.715 100.992 286.714 55.8974 83.7236 730.342 4043.17 329.746
internal_count=19249 5845 13404 653 5192 2214 133 8364 521 74 360 136 520 490 224 142 1693 758 685 385 300 113 92 5040 71 5013 4982 4004 2340 1664 741 103 938 597 529 107 341 324 422 75 1599 638 524 491 148 227 4360 2978 73 2905 2170 1845 1535 495 199 91 296 61 108 735 3871 308
cat_boundaries=0 1 2 3
cat_threshold=134 203 130
is_linear=0
shrinkage=0.05


Tree=14
num_leaves=63
num_cat=2
split_feature=34 5 37 49 52 60 15 49 52 49 15 50 37 52 34 59 37 42 22 38 1 15 44 29 37 43 29 15 61 33 43 32 51 1 8 22 61 5 42 52 17 17 44 14 49 27 60 16 15 52 51 31 43 42 42 43 47 43 43 13 14 32
split_gain=63.3349 11.7769 11.3919 7.33504 7.4281 6.60605 6.98573 6.23449 19.7495 14.3582 4.82478 5.08741 3.92864 3.91936 4.25752 3.50077 3.69356 3.41176 3.35627 3.32247 3.26208 3.08033 3.44272 4.27534 5.51303 3.04055 3.56 5.09119 4.96489 2.88467 3.5102 2.8106 3.88597 2.8001 3.33834 3.28302 2.73225 3.04146 2.71933 2.70547 3.40972 2.6877 2.64708 2.60738 2.59655 3.77934 3.52004 3.35452 3.30542 2.67966 2.75437 4.50914 3.99069 3.34336 2.99938 2.66813 2.58068 2.548 2.43706 3.57542 2.49081 8.04728
threshold=0.32055667042732244 -1.1794701814651487 0.20969402045011523 0.48177772760391241 0.43217669427394872 0 -0.10165903717279433 0.3932673186063767 0.35733072459697729 0.3990225493907929 0.097803320735692992 0.9732477366924287 0.32022726535797125 0.11665200069546701 0.40883933007717138 0.11466383934020997 0.28364412486553198 0.11172281205654146 13.500000000000002 0.25786894559860235 -0.59872043132781971 0.0018908712081611159 0.74540060758590709 0.42681646347045904 0.49999177455902105 0.064553439617156996 0.19463720917701724 0.056985281407833106 3.5000000000000004 0.81651803851127636 0.27543029189109808 0.45480865240097051 0.44131854176521307 -0.44843046367168421 0.0018740824307315054 25.500000000000004 4.5000000000000009 -1.6873692870140073 0.19822621345520022 0.35988263785839086 39.954534530639656 1.0000000180025095e-35 1.6532323360443117 -0.012633705977350472 0.17171423137187961 -0.46587803959846491 1 0.018389360047876838 -0.078360185027122484 0.35681150853633886 0.60560709238052379 0.27179314196109777 0.22248610854148868 0.15943574905395511 0.10027772933244707 0.086988002061843886 0.19233082234859469 0.12012890353798868 0.23093593120574954 -0.0023666580673307176 -0.0028663271805271502 0.69468274712562572
decision_type=2 2 2 2 2 1 2 2 2 2 2 2 2 2 2 2 2 2 2 2 2 2 2 2 2 2 2 2 2 2 2 2 2 2 2 2 2 2 2 2 2 2 2 2 2 2 1 2 2 2 2 2 2 2 2 2 2 2 2 2 2 2
left_child=2 3 17 12 -5 6 18 42 9 -9 11 56 -2 -12 31 19 -17 41 20 25 -3 33 23 -23 -25 26 27 28 -4 30 -14 32 -15 34 -10 -35 37 -6 -32 -20 -41 -1 43 -7 46 47 48 -46 -21 50 54 53 -53 -52 -47 -56 -8 -49 -13 -60 61 -61
right_child=1 5 15 4 36 7 10 8 21 -11 13 58 29 14 -16 16 -18 -19 39 44 -22 22 -24 24 -26 -27 -28 -29 -30 -31 38 -33 -34 35 -36 -37 -38 -39 -40 40 -42 -43 -44 -45 45 49 -48 57 -50 -51 51 52 -54 -55 55 -57 -58 -59 59 60 -62 -63
leaf_value=8.2051791256171357e-06 -0.0033039059038015186 0.0020706538642477701 0.0054635941816462991 0.10160765951875268 0.009349046638155575 0.015715162560420031 -3.079569629369505e-05 -0.0062965582716229054 -0.0008180482773078035 0.086229642533020012 -0.0030141576437848153 -0.0013289970265539216 0.0010729900478691713 0.013521049082882722 0.0076007186726409492 0.00031409691171404577 0.0040137806285635456 -0.0022545792334799949 0.0013444949430339416 0.0067848480689477984 0.012901447622260316 -0.0031380227897174402 -0.00093403380275338126 0.0084650083043969464 -0.0010020411497559958 -0.0023628671866702672 -0.00052192648977313072 -0.0069501536651315607 0.00022641596283468348 -0.0010823796540484416 0.0083371920984996427 0.020983131867842404 -0.00090524537833414076 0.0094931915614138111 -0.00034160234142876068 -0.00072015279872417485 0.060858919513147647 0.00091549145857208801 0.012745414478389366 0.029735695487316829 -0.0013519109368120231 -0.0052012992775604316 -0.0019096761991844874 6.3889490915602925e-05 0.00036618651649804605 0.0066775942905728421 -0.0024936633576494505 0.0071673757360438822 -0.00011231661454080832 -0.0059174952020014928 0.013584362755160362 -0.00045261213214340128 0.0060583145223675472 0.0025970216677524806 0.0077710354000909785 -0.0015010375525746661 0.0075395391632062936 0.0086225256322346386 -0.00041758671292943658 0.067507903703716898 0.0029621103803079418 -0.0031864308017713616
leaf_weight=172.824611723423 52.838770925998688 21.495100975036621 39.345938682556152 30.557499825954437 24.753348469734192 40.138162016868591 116.46818262338638 27.318540453910828 215.0318951010704 71.358272314071655 58.093656122684479 359.95991384983063 92.891699373722076 25.027097046375275 227.32421368360519 95.943037748336792 38.015880882740021 2209.493049621582 64.873099327087402 30.647543013095856 50.194076299667358 48.717542767524719 371.30864495038986 28.208898842334747 21.544418215751648 3058.2818102836609 190.23240327835083 29.516781747341156 29.566401600837708 55.275116741657257 80.718091726303101 26.802294015884399 21.083960950374603 170.30402064323425 24.079050540924072 80.005170524120331 34.411169350147247 57.279564201831818 60.545479655265808 40.445339143276215 18.215802609920502 3785.563881278038 338.88631838560104 2321.7552357316017 86.115974068641663 33.850586473941803 1462.1185775995255 20.029481589794159 1032.6931944489479 164.75831389427185 31.165140450000763 142.33871752023697 26.837516665458679 27.870732128620148 32.015283167362213 454.61946511268616 337.94708222150803 43.907840490341187 239.92188113927841 32.291976988315582 115.55783993005753 35.566131472587585
leaf_count=161 57 26 32 28 23 34 146 27 215 71 60 388 99 31 261 109 44 2058 68 31 54 52 377 28 20 2972 180 22 35 54 80 24 19 169 24 74 43 51 64 45 16 3551 339 2341 95 33 1542 22 1192 173 31 114 27 27 30 499 427 42 207 28 124 33
internal_value=-0.00132625 0.00291644 -0.0032622 0.010355 0.0197095 0.0022596 0.00475055 0.00105561 0.00431218 0.0256049 0.00368022 0.0021953 0.0063181 0.00879332 0.0110965 -0.00189099 0.00610274 -0.00483307 0.0137122 -0.00204619 0.0223581 0.00211405 -0.000768821 0.00752378 0.0178323 -0.00318005 0.001713 0.00943718 0.0168951 0.00861386 0.011041 0.0216416 0.0139253 0.00489103 0.000997019 0.00858899 0.013865 0.00879296 0.0160125 0.00864042 0.0164211 -0.00571335 -0.000214315 0.000376732 -0.000987335 0.00108207 -0.00186078 0.00843384 0.000335609 -0.000120922 0.00114405 0.0057256 0.00153783 0.0176188 -0.000855883 -0.001867 0.00640374 0.0171106 -0.000240274 0.0023243 0.0075827 0.015198
internal_weight=19276.9 6039.19 13237.8 489.271 147.002 5549.92 1791.27 3758.66 1057.88 98.6768 1596.04 1237.71 342.269 358.331 300.238 7069.87 133.959 6167.88 195.223 6935.91 71.6892 959.2 469.78 98.4709 49.7533 3346.94 288.662 98.4291 68.9123 289.43 234.155 72.9134 46.1111 489.42 239.111 250.309 116.444 82.0329 141.264 123.534 58.6611 3958.39 2700.78 2361.89 3588.97 1063.51 2525.46 150.053 1063.34 913.456 748.697 228.212 169.176 59.0359 520.485 486.635 454.415 63.9373 783.298 423.338 183.416 67.8581
internal_count=19249 6227 13022 499 145 5728 1957 3771 1057 98 1748 1353 354 395 335 7252 153 5770 209 7099 80 959 477 100 48 3241 269 89 67 297 243 74 50 482 239 243 117 74 144 129 61 3712 2714 2375 3858 1093 2765 159 1223 934 761 199 141 58 562 529 573 64 780 392 185 61
cat_boundaries=0 1 2
cat_threshold=130 234
is_linear=0
shrinkage=0.05


Tree=15
num_leaves=63
num_cat=3
split_feature=49 37 5 60 49 41 12 51 49 23 49 49 49 47 37 6 43 32 10 41 50 31 46 12 19 15 29 1 32 12 6 47 10 51 44 30 62 41 41 53 60 50 41 50 62 41 64 14 49 40 46 54 6 59 29 14 62 38 6 15 26 49
split_gain=57.5576 15.6005 12.513 7.93351 6.36346 5.89677 5.70617 5.43461 4.05185 9.22159 4.50453 14.1111 25.0094 5.54982 5.54842 3.89696 5.148 7.96632 4.11122 3.81075 4.95405 6.62342 6.28834 3.95089 3.84969 3.80321 4.75015 3.79291 3.7718 3.31203 3.52361 3.24528 4.20495 3.36274 4.48647 3.91179 3.74496 3.33349 3.73603 3.16079 3.15996 3.96606 3.08261 3.04721 2.8548 2.82125 3.38832 3.90413 3.82002 3.14476 3.89256 2.77102 2.75985 2.71109 2.67689 2.6741 2.67075 4.30956 2.74741 2.65529 2.8872 2.63722
threshold=0.19531775265932086 0.25057969987392431 -1.5790703892707822 0 0.48177772760391241 0.74805483222007763 0.064269445836544051 0.69294884800910961 0.20455498248338702 4.5000000000000009 0.38383288681507116 0.43627737462520605 0.40317822992801672 1.1070938706398012 0.42982988059520727 0.074012406170368208 0.090834230184555068 0.24390702694654467 0.26726178824901586 1.0024096369743349 1.2621551156044009 0.30572143197059637 0.2546211183071137 0.065103795379400267 1 -0.046209283173084252 0.7220122516155244 -0.36282277107238764 0.32331526279449468 0.099090315401554122 0.044594550505280502 0.88760411739349376 0.075106497853994383 0.87738579511642467 0.93172755837440502 0.40216577053070074 1.5000000000000002 0.37208130955696112 0.58591780066490184 0.034190179780125625 2 1.1981536746025088 1.4821023344993594 1.0120385289192202 10.500000000000002 1.2768195867538454 1.5455212593078616 0.0004797018191311509 0.094587855041027083 0.95240798592567455 0.013769341167062523 0.28446474671363836 0.094468373805284514 0.12135919556021692 1.0000000180025095e-35 0.0050676465034484872 12.500000000000002 0.23675053566694262 0.055999251082539565 -0.0080278106033802015 0.0097110955975949782 0.25063030421733862
decision_type=2 2 2 1 2 2 2 2 2 2 2 2 2 2 2 2 2 2 2 2 2 2 2 2 1 2 2 2 2 2 2 2 2 2 2 2 2 2 2 2 1 2 2 2 2 2 2 2 2 2 2 2 2 2 2 2 2 2 2 2 2 2
left_child=1 6 4 7 -2 31 44 39 9 -7 19 12 13 -12 -13 -8 -17 18 43 20 21 23 -22 24 52 45 29 -16 -26 30 40 32 -5 34 36 37 -33 -36 -39 55 41 -27 -6 -18 -1 46 47 48 -3 -49 -51 54 -10 -32 -46 -4 58 -58 -31 60 -29 -21
right_child=2 25 3 5 42 8 15 -9 10 -11 11 14 -14 -15 27 16 17 -19 -20 61 22 -23 -24 -25 28 26 -28 59 -30 56 53 33 -34 -35 35 -37 -38 38 -40 -41 -42 -43 -44 -45 51 -47 -48 49 -50 50 -52 -53 -54 -55 -56 -57 57 -59 -60 -61 -62 -63
leaf_value=-0.0043107414515831033 0.0047370642612149906 0.0080285556164241875 0.013021665638592328 -0.00078486883730753969 0.11356904837665549 0.021593423649917839 -0.0019719337010035867 0.00015184851134261159 0.013381861565889006 -0.0060703839945368473 0.0003478771906731432 -0.0039294516929542092 0.10156429227593983 0.0078699684147349562 0.0011774946650695507 -0.00088212408658351615 0.0016422718483808524 -5.145331748606097e-05 0.014871742176351961 0.0026807929612544024 0.011494108460764464 -0.0002043646529459113 -0.00075737422145175928 -0.001893086193636201 0.0052620050056672004 0.0011541306393062611 0.0096087383383481276 0.013089319848807053 -0.00053566867800972941 0.0043778814829090263 -0.0021567148967483437 -0.00045727979066616763 0.011699289032483387 -0.0013791783164529294 0.00060410242784408321 0.00048278925697605016 -0.0003141543633578298 0.010294473388236509 0.003369200036351128 0.033420266760037308 -0.0014168115758295076 0.003619602315675713 0.030621509015729478 0.0049961855863029196 0.0023753673458670938 -0.0019067742064667965 -0.00011418658256266701 0.001392456598748615 -0.0009683516763108913 0.0019682759029963528 0.0084922469121403339 0.0096267211152766437 0.0038135072389440445 0.0059513803601086886 -0.002674379559056886 -0.00055093229999786386 0.0032469680542461356 0.0010591997229347561 -0.0019758582973210636 0.00023070620525920127 0.0034261142321559135 -0.0006119488559086266
leaf_weight=4465.7776894569397 127.94231373071671 54.653148949146271 133.32492989301682 1118.7332813739777 25.144197702407837 24.858845949172974 814.04215747117996 84.072713434696198 23.504567086696625 21.197904407978058 140.82072603702545 155.16114616394043 80.143276214599609 42.815444648265839 487.75549429655075 275.3328412771225 38.976842701435089 111.98432582616806 39.674248933792114 242.82316398620605 38.735310554504395 506.58022928237915 25.017128467559814 38.189139723777771 105.77988612651825 263.96003276109695 42.856428980827332 152.62917113304138 54.988522291183472 47.126569330692291 2545.4515653848648 35.273773193359375 18.033021569252014 91.256984174251556 28.46677041053772 65.780230283737183 311.57066732645035 36.499534666538239 21.251516878604889 29.343289732933044 246.20983374118805 32.705408573150635 47.747870028018951 21.204908013343811 83.540199220180511 165.35100561380386 332.27169340848923 68.80747252702713 159.49696707725525 53.761093974113464 58.836927890777588 19.465782999992371 19.762050211429596 28.754535615444183 2934.1884618401527 27.545628011226654 19.51001513004303 723.66021752357483 358.84272247552872 69.340919435024261 47.065278708934784 789.8667203783989
leaf_count=3456 127 61 175 1197 24 23 745 105 21 20 138 145 78 35 475 216 36 104 28 235 34 481 20 42 107 266 53 149 44 34 2734 16 22 68 25 60 286 30 22 38 287 34 49 16 104 168 365 67 168 63 61 24 20 35 3647 35 24 913 303 73 48 782
internal_value=-0.00122194 -0.00289791 0.00323227 0.00274585 0.015475 0.00225151 -0.00418072 0.0108849 0.00357205 0.0182995 0.00334526 0.00576586 0.0159527 0.00574215 0.00281244 -0.00111897 0.00241188 0.00827442 0.0185371 0.0018 0.00436163 0.00321301 0.0177483 0.0100117 0.01278 -0.000725909 -0.00134214 0.00458205 0.00915856 -0.00150975 -0.002356 -7.79913e-05 -0.00164247 0.0029271 0.00454717 0.0117115 0.00139065 0.0187205 0.0256329 0.0159597 0.00129798 0.00468866 0.0272904 0.0101486 -0.00471102 0.00224125 0.00358408 0.00671045 0.00210849 0.0121114 0.0172662 -0.00352359 0.0260691 -0.00312856 -0.00364643 0.0131379 0.000781413 0.00256617 -0.00247329 0.00935195 0.0122797 -0.000210964
internal_weight=19275.5 14006.4 5269.02 5068.19 200.834 4793.9 8804.19 274.287 3067.03 46.0568 3020.98 1175.73 263.779 183.636 911.952 1301.22 487.173 211.84 99.856 1845.25 812.557 748.804 63.7524 242.224 204.035 5202.26 4309.08 756.791 160.768 4266.22 3117.08 1726.87 1136.77 590.099 498.842 151.998 346.844 86.2178 57.7511 190.214 542.875 296.665 72.8921 60.1818 7502.97 893.178 727.827 395.556 214.15 181.405 112.598 3037.19 43.2666 2574.21 3017.73 160.871 1149.14 743.17 405.969 269.035 199.694 1032.69
internal_count=19261 14012 5249 5049 200 4696 8376 353 2970 43 2927 1141 251 173 890 1145 400 184 80 1786 769 715 54 234 192 5636 4683 745 151 4630 3356 1726 1219 507 439 137 302 77 52 248 587 300 73 52 7231 953 785 420 229 191 124 3775 41 2769 3751 210 1274 937 337 270 197 1017
cat_boundaries=0 1 2 3
cat_threshold=128 4 921
is_linear=0
shrinkage=0.05


Tree=16
num_leaves=63
num_cat=1
split_feature=49 33 5 29 40 20 52 50 52 52 1 2 48 62 51 48 13 31 0 64 62 32 22 22 49 49 22 22 40 52 18 49 51 1 36 45 49 13 52 46 28 17 0 52 51 36 5 30 52 46 40 8 5 44 10 5 43 17 1 49 31 49
split_gain=51.5333 11.216 9.86322 6.5538 6.1927 5.58189 5.04824 8.57449 6.34134 6.72586 4.68148 4.52454 4.44387 4.24548 3.82403 3.79093 5.01604 4.1166 3.78324 4.14063 3.56037 4.99891 3.54681 7.26332 3.95724 6.88988 3.3979 3.48588 3.27019 3.24811 3.18535 5.95651 3.20304 3.0445 3.00084 4.87961 4.02371 4.70242 4.22055 3.81984 3.12254 2.93149 3.14466 2.92012 2.82448 5.69664 6.08903 3.32441 2.8166 6.70397 4.53411 2.69766 2.61356 2.57591 2.55223 3.20723 2.45695 2.43854 2.53154 2.72687 2.96634 2.66922
threshold=0.19531775265932086 0.27541807293891912 -1.5790703892707822 0.30784033238887792 1.4710816740989687 0.051341203972697265 0.27623905241489416 1.0959005951881411 0.27185554802417761 0.2733099907636643 2.0291272401809697 -0.25876078009605402 0.62645298242568981 13.500000000000002 0.67571011185646068 0.45134837925434118 -0.002794489148072898 0.50390121340751659 0.05870377458631993 1.5455212593078616 9.5000000000000018 0.46945025026798254 12.500000000000002 21.500000000000004 0.24413558095693591 0.34896737337112432 11.500000000000002 29.500000000000004 1.3167716264724734 0.10447174683213235 0 0.17540148645639422 0.65806812047958385 0.46420465409755712 0.33560234308242803 -0.075510829687118516 0.34154866635799414 0.0026130351470783357 0.37108451128005987 0.12826365977525714 0.38851104676723486 82.922176361083999 -0.021163668483495709 0.21482205390930179 0.64077427983284008 0.23875955492258075 0.85975682735443126 0.29127556085586553 0.36212956905364996 0.01856649108231068 1.0605916380882265 -0.039770632982254021 1.0953177809715273 0.47908368706703192 -0.0600210353732109 0.087108399718999877 0.37450134754180914 84.95471572875978 -0.7413806915283202 0.11684326082468034 0.27304878830909735 0.11763934046030046
decision_type=2 2 2 2 2 2 2 2 2 2 2 2 2 2 2 2 2 2 2 2 2 2 2 2 2 2 2 2 2 2 1 2 2 2 2 2 2 2 2 2 2 2 2 2 2 2 2 2 2 2 2 2 2 2 2 2 2 2 2 2 2 2
left_child=1 5 10 6 14 20 7 8 26 -10 12 51 -2 30 15 41 17 -17 34 -20 -1 29 54 24 -24 -26 28 -28 -4 -22 31 -3 -33 -14 35 -16 43 48 -39 -37 -41 42 -5 -36 -13 46 53 -47 49 -38 -51 -7 -32 -46 55 -18 -19 58 -15 -60 -61 -62
right_child=2 13 3 4 -6 11 -8 -9 9 -11 -12 44 33 57 18 16 22 56 19 -21 21 -23 23 -25 25 -27 27 -29 -30 -31 52 32 -34 -35 36 39 37 38 -40 40 -42 -43 -44 -45 45 47 -48 -49 -50 50 -52 -53 -54 -55 -56 -57 -58 -59 59 60 61 -63
leaf_value=-0.0040191579902152195 -0.0022989414438400828 -0.0005505101962459541 0.00075519452648165064 0.011901422900527175 0.023701527154705332 0.0040162223797716784 -0.0011189056057987784 0.0084747775012655128 0.013790081754550777 0.0010966653347631251 0.054247022443938364 -5.894580686682805e-06 0.02829832262959564 -0.0022072387517180353 0.050507562763640261 -0.0001851494348854843 0.0020460953628368139 0.011492121911732905 2.8156763326492058e-05 0.024278001287540443 -0.00032288984507243827 0.0033676966059026565 0.013590871313422204 0.010325499301860969 0.0090818512392455749 0.0804966732087391 -0.0018959707678458668 0.0046463707648877585 0.0020400619508764623 -0.0027599233661374568 -0.0029767973649429957 0.00054340321915016809 0.0055828929889254579 0.0047216499692628588 0.0022684147551886216 -0.0013156362455454349 0.076761318107749527 0.06191112581838229 0.0027037343635400116 0.0098849141078962699 0.00071916427626172183 0.012370582356662713 -0.00080779419091992974 -0.0022365367421825545 0.00024659531125392482 -0.0031125092185420259 -0.004453717417865116 0.00069293617256919017 6.3442803091312562e-06 0.0060693904269998825 -0.0018538306630244445 -0.0021859771169431652 0.00016787018289132484 0.014735668209547113 0.0058043539324387329 -0.003197675813804951 0.0098488886629097827 0.0074400066784674375 -0.0006881730522745711 -0.001317597196190093 0.0057427715587554107 0.0020756986333287709
leaf_weight=4557.3164573907852 35.699361026287079 493.33324664831161 154.01795542240143 84.267674922943115 49.375349164009094 26.561345636844635 987.20105177164078 35.095276594161987 34.773479342460632 62.158465087413788 62.3162761926651 581.06241935491562 46.513223946094513 264.15956819057465 34.663746535778046 243.10137611627579 30.063575625419617 21.951694309711456 51.542469024658203 52.957171499729156 868.65485292673111 44.655101418495178 33.347983062267303 102.89187532663345 83.008855283260345 38.961303174495697 390.01915019750595 27.484833359718323 33.164477407932281 3215.7456468939781 959.81032800674438 37.238785564899445 24.495058536529541 56.305520296096802 46.218319416046143 92.370969295501709 40.861859619617462 36.935682475566864 129.68778741359711 40.218638181686401 28.059820652008057 26.000987946987152 305.26753604412079 415.98014849424362 32.328423500061035 77.337088465690613 33.527544617652893 24.845269381999969 897.1456845998764 108.71832352876663 130.27228361368179 769.62505573034286 277.41084110736847 39.929604530334473 57.559693276882172 56.190209090709686 106.65155917406082 64.278130948543549 507.50115716457367 240.37192475795746 29.028830945491791 837.22641497850418
leaf_count=3453 38 435 159 98 57 30 981 27 34 64 59 597 49 339 28 275 35 29 50 49 1064 58 35 115 96 39 395 28 36 3930 808 32 16 54 29 69 39 34 132 33 24 28 339 368 19 64 23 16 855 90 122 740 229 23 66 62 129 82 651 308 37 1058
internal_value=-0.00123634 -0.00282219 0.00297828 0.00254628 0.00383718 -0.00367544 3.90539e-05 0.00317377 0.00195774 0.0138234 0.0138485 -0.000942838 0.0086625 -0.000474215 0.00357159 0.00584077 0.00791153 0.0037036 0.00228737 0.0115662 -0.00417353 -0.00310685 0.0117878 0.0153029 0.0221346 0.0178566 4.54158e-05 -0.00245585 0.00564944 -0.00328988 -0.00223011 0.000909569 0.015543 0.0139515 0.00179977 0.00769014 0.00115952 0.00254573 0.0104095 0.00397486 0.0129459 0.00197201 0.000871337 -0.00285909 0.00173611 0.00673518 0.0148673 -0.00164114 0.00142744 0.00580603 0.00257822 -0.00360387 -0.0036427 0.0230364 0.00543553 0 0.0109347 0.0011433 0.000812415 0.00155722 0.00295036 0.00431569
internal_weight=19275.5 14006.4 5269.02 5068.19 3344.27 10271.6 1723.91 736.714 701.618 96.9319 200.834 1585.22 138.518 3734.85 3294.9 1189.26 773.728 371.705 2105.63 104.5 8686.37 4129.06 402.023 258.21 155.318 121.97 604.686 417.504 187.182 4084.4 1792.29 555.067 61.7338 102.819 2001.13 195.313 1805.82 1343.62 166.623 160.649 68.2785 415.536 389.535 462.198 789.03 207.968 105.786 102.182 1177 279.852 238.991 796.186 1237.22 72.258 143.813 86.2538 128.603 1942.57 1878.29 1614.13 1106.63 866.255
internal_count=19261 14012 5249 5049 3325 10017 1724 743 716 98 200 1512 141 3995 3268 1346 881 433 1922 99 8505 5052 448 285 170 135 618 423 195 4994 1520 483 48 103 1823 154 1669 1272 166 126 57 465 437 397 742 145 65 80 1106 251 212 770 1037 42 163 97 158 2475 2393 2054 1403 1095
cat_boundaries=0 1
cat_threshold=1
is_linear=0
shrinkage=0.05


Tree=17
num_leaves=63
num_cat=2
split_feature=34 35 36 5 0 51 49 46 49 49 37 62 49 37 42 26 48 44 1 1 11 31 20 52 22 44 1 52 5 51 35 34 45 49 19 52 42 52 20 41 54 49 46 49 22 46 32 49 49 62 31 30 46 1 40 40 11 60 42 44 44 12
split_gain=44.4565 10.0237 9.31273 5.83387 3.36092 3.95787 4.54756 3.72095 3.72447 3.67491 5.2516 3.23465 4.1972 3.63432 3.86511 4.40791 5.22177 6.44304 3.23063 3.14134 3.13039 3.36427 3.10516 2.94842 4.25356 5.28712 2.78629 2.69401 4.43667 3.34588 2.78785 2.69364 2.71763 2.63545 2.92165 3.78394 2.61665 2.79643 3.49357 2.59918 2.58049 3.38333 2.93072 2.55291 3.9865 4.5016 2.52048 2.42672 2.53517 2.324 2.31865 2.31708 2.41009 2.55852 2.25275 2.16888 2.13645 2.13416 2.5586 3.01391 2.78004 2.11584
threshold=0.30310133099555975 0.18430854380130771 0.49068126082420355 -1.5790703892707822 0.05870377458631993 0.67417106032371532 0.24035316705703738 0.38310323655605322 0.27245976030826574 0.29518809914588934 0.38960914313793188 14.500000000000002 0.17579917609691623 0.36913043260574346 0.19033200293779376 0.0036973459646105771 0.61226853728294384 1.3940908312797549 1.9609983563423159 -0.53293633460998524 -0.049755709245800965 0.24328359961509707 0.038152085617184646 0.2169860973954201 12.500000000000002 1.035388767719269 -0.10220359265804289 0.27488447725772863 0.44897562265396124 0.70568448305130016 0.37488067150115972 0.29462423920631414 0.086808603256940856 0.20928391069173816 0 0.27623905241489416 0.22763665765523913 0.36484922468662268 0.014411281794309618 0.80494302511215221 0.21289268136024478 0.11721582338213922 0.099221169948577895 0.38383288681507116 25.500000000000004 -0.15291276574134824 1.168018698692322 0.11684326082468034 0.11804671958088876 5.5000000000000009 0.41068388521671301 0.45394806563854223 0.32327027618885046 -1.0000000180025095e-35 1.1591345667839053 1.0985434651374819 -0.099772490561008439 1 0.36160707473754888 0.5903402864933015 0.86652287840843212 0.073255546391010298
decision_type=2 2 2 2 2 2 2 2 2 2 2 2 2 2 2 2 2 2 2 2 2 2 2 2 2 2 2 2 2 2 2 2 2 2 1 2 2 2 2 2 2 2 2 2 2 2 2 2 2 2 2 2 2 2 2 2 2 1 2 2 2 2
left_child=1 23 11 18 5 6 51 8 -8 54 -11 12 -2 14 15 16 -14 55 49 -13 21 -3 -21 -1 -25 -26 -22 28 29 61 -29 32 -23 40 -35 39 -12 38 -38 -36 42 -42 -28 -15 45 -45 -6 -24 -49 -4 -19 -5 -53 -54 -10 -18 -39 58 59 -50 -61 -16
right_child=2 20 3 4 46 -7 7 -9 9 10 36 19 13 43 27 -17 17 50 -20 22 26 31 47 24 25 -27 33 30 -30 -31 -32 -33 -34 34 35 -37 37 56 -40 -41 41 -43 -44 44 -46 -47 -48 48 57 -51 -52 52 53 -55 -56 -57 -58 -59 -60 60 -62 -63
leaf_value=-0.004120505128776113 -0.0018404667410785215 -0.0011374947082036773 -0.0013688565094364185 0.01415762866853823 0.013936578093886196 0.001344411323649003 0.014643253379247573 -0.00082542548901784604 -0.0034188167256080149 -0.0025838659034476382 0.0022479170651843183 -0.00048432102280672186 0.00017781433500800464 -0.0011219677698300855 -0.0014578435073849573 -0.0012360399929060685 0.046580633800288485 -0.0010646349017243164 0.082121601451895732 0.00079696040019061338 -0.0020044569791375171 0.0065868971434516477 -0.00016892343256866838 -0.0025787493367050497 0.0053044061866169296 -0.00078805953747871119 -0.00036670462211392616 -0.0014622519735847936 -0.0014077097642075601 0.0080627349402124723 0.010185828141228249 -0.0035161525081210095 -0.0041441070980160798 -0.00021036508378942972 0.0037719963963023656 0.00077093818436193846 0.000573435945738704 0.010233644274478482 0.030680177526739516 0.015361190825835966 3.3416838917973982e-05 0.010663436263931276 -0.0017580790205049407 -0.00031419621465282322 -0.0022978645865782215 0.056590510200239565 0.021579076019207416 0.0078712735458075552 0.010253817178264077 0.024576802843428558 0.00438870854789056 -0.0012320805758040622 0.0095520553968170257 -0.0001532439038949951 0.0082669201171781566 -0.00068936704133691217 0.0024990721622909608 0.0017232566501819869 -0.00079465625340877652 0.0013360787670933212 0.0072063702770050614 0.0048396647029014042
leaf_weight=4222.9405835866928 1016.7271852493286 138.61632764339447 27.999334275722504 57.032099783420563 110.41083234548569 1256.5645034909248 41.830660998821259 81.219564378261566 39.2807297706604 35.721545159816742 22.863208115100861 565.12710559368134 93.389401793479919 652.68625700473785 53.197953760623932 71.134921550750732 61.559673726558685 56.413300931453705 35.7547527551651 665.10973572731018 4315.7464094758034 69.272351026535034 137.38298892974854 101.08963197469711 39.375175476074219 52.909128904342651 1997.0668821334839 354.22170013189316 90.207793295383453 33.760043621063232 31.664310336112976 21.073581755161285 22.293398141860962 142.29254323244095 29.98515385389328 61.462004780769348 22.794454097747803 28.262453734874725 87.719823122024536 28.398575127124786 49.32239842414856 21.281059682369232 1075.1082783341408 25.213885605335236 55.687645077705383 34.797467947006226 21.911918640136719 15.397471904754637 70.881122052669525 59.662518501281738 25.855615139007568 165.0067834854126 31.732270181179047 27.550571143627167 16.082598805427551 33.11378800868988 33.348512709140778 196.73955494165421 45.449133396148682 95.964518487453461 160.36884504556656 42.430705904960632
leaf_count=3930 914 139 18 73 120 1203 51 95 44 34 30 725 93 547 48 55 49 41 34 851 4378 74 180 102 40 54 1993 269 62 23 23 23 21 146 33 64 26 37 102 26 55 22 1054 24 49 32 20 20 91 69 17 209 40 33 20 29 43 253 58 123 202 28
internal_value=-0.0012869 -0.00307746 0.00193309 0.00461463 0.00398402 0.00345593 0.00649961 0.00986622 0.0122391 0.010166 0.012943 0.000671032 -0.000438134 0.00106851 0.00314323 0.00739769 0.0103158 0.0153634 0.015187 0.00222561 -0.00201778 0.00346589 0.00350634 -0.00498908 0.00102614 0.00880466 -0.00219692 0.000734806 0.00516052 0.0111003 -0.00177147 0.0098868 0.0136105 -0.00112517 0.00368489 0.00943769 0.0161763 0.0182864 0.0230772 0.0185453 -0.00152807 0.00790346 -0.0017467 -0.00148191 0.0053458 0.0142949 0.0117082 0.00577777 0.00718258 0.00991221 0.00504185 0.00158404 -0.000684543 0.00792709 -0.00131903 0.024265 0.00958852 0.00662654 0.0087859 0.0105677 0.00800586 0.00623989
internal_weight=19275.5 12388.2 6887.23 2202.75 2079.33 1947.01 690.445 409.124 327.904 286.073 230.71 4684.48 2732.06 1715.33 946.949 341.467 270.332 176.942 123.417 1952.42 7971.92 251.256 1387.29 4416.31 193.374 92.2843 7720.66 605.483 219.596 129.389 385.886 112.639 91.5657 3404.92 262.138 119.846 194.988 172.125 110.514 58.3837 3142.78 70.6035 3072.18 768.385 115.699 60.0114 132.323 722.184 584.801 87.6619 82.2689 281.322 224.29 59.2828 55.3633 94.6735 61.611 569.403 372.664 327.214 256.333 95.6287
internal_count=19261 12154 7107 2301 2180 2040 837 482 387 336 272 4806 2303 1389 737 284 229 136 121 2503 8028 257 1778 4126 196 94 7771 453 161 99 292 118 95 3393 269 123 238 208 128 59 3124 77 3047 652 105 56 140 927 747 87 58 355 282 73 64 78 80 727 474 416 325 76
cat_boundaries=0 1 2
cat_threshold=1 707
is_linear=0
shrinkage=0.05


Tree=18
num_leaves=63
num_cat=5
split_feature=37 36 37 2 49 12 62 44 62 49 52 60 11 17 46 48 41 22 40 28 60 52 51 53 9 60 20 46 38 38 39 61 50 7 10 42 50 53 52 32 44 42 36 50 11 21 13 20 42 46 10 12 48 26 22 3 42 32 46 49 62 53
split_gain=36.8856 9.49372 5.76986 4.34815 6.66 4.00291 3.93531 3.7697 4.15132 3.7392 23.6488 3.34549 3.78618 3.23804 4.39908 3.08274 3.6532 3.46144 3.75153 3.38995 2.91275 3.23046 4.08569 4.29429 2.91109 3.90325 2.89934 2.85457 3.54207 4.98649 5.75236 2.7181 2.70149 4.05372 4.19796 6.10323 2.67512 2.60622 2.58891 2.58714 4.5927 5.60893 2.53255 3.35853 2.51931 2.45914 2.38288 5.26803 2.54939 2.32541 2.41965 2.29084 3.23805 2.27768 2.23348 2.21481 2.1832 2.37284 5.71661 5.46231 2.5876 2.37415
threshold=0.2726119607686997 0.49068126082420355 0.15959656238555911 3.4866937398910527 0.48177772760391241 -0.35986056923866266 16.500000000000004 0.30439813435077673 5.5000000000000009 0.40317822992801672 0.35733072459697729 0 -0.048378208652138703 61.44885444641114 -0.32944159209728235 0.54144558310508739 0.70023638010025036 28.500000000000004 0.90013957023620617 0.23248696327209475 1 0.14067187160253528 0.69294884800910961 -0.12295493111014365 0.087258476763963713 2 0.1021598018705845 0.040274932980537421 0.28738234937191015 0.3281844705343247 1.3999549150466921 2.5000000000000004 1.1981536746025088 3 0.075106497853994383 0.13012252748012546 1.0432910919189455 -0.1120154596865177 0.27185554802417761 0.21787642687559131 0.60919895768165599 0.15315176546573642 0.49780920147895819 0.84467417001724254 -0.00070955249248072494 4 -0.0019088601693511007 0.019202596507966522 0.085923101752996459 0.14092556387186053 0.0049505187198519715 0.020509707741439346 0.66987913846969616 0.00032551240292377775 18.500000000000004 0.35582217574119573 0.1172301732003689 0.24181764572858813 -0.035564800724387162 0.11374756321310998 25.500000000000004 0.36316613852977758
decision_type=2 2 2 2 2 2 2 2 2 2 2 1 2 2 2 2 2 2 2 2 1 2 2 2 2 1 2 2 2 2 2 2 2 9 2 2 2 2 2 2 2 2 2 2 2 9 2 2 2 2 2 2 2 2 2 2 2 2 2 2 2 2
left_child=2 9 7 5 -5 6 -3 8 -1 11 -11 12 49 -14 38 16 46 32 19 -19 21 -7 23 -23 -18 36 -25 -16 -29 30 53 44 -17 34 -34 -36 -26 -12 -15 -9 41 -41 43 -22 -10 -20 47 48 -4 54 -51 52 -47 -30 -2 -42 -35 58 59 -58 61 -59
right_child=1 3 15 4 -6 20 -8 39 31 10 37 -13 13 14 27 17 24 18 45 -21 42 22 -24 26 25 -27 -28 28 29 -31 -32 -33 33 56 35 -37 -38 -39 -40 40 55 -43 -44 -45 -46 51 -48 -49 -50 50 -52 -53 -54 -55 -56 -57 57 60 -60 -61 -62 -63
leaf_value=-0.0024029367917210789 0.0062575522862790669 0.0027780245963688389 0.00035590086489520892 0.00017660477726942904 0.078015521379300956 -0.00070508804791948878 0.050268157702566922 -0.0054249941303421007 0.0070635353563892507 0.10638506483096251 0.0084423732305290208 -0.00028451634498341684 -0.00057012324304643591 0.022362518451224108 -0.00065992121597934503 -0.0017700685902319769 -0.0030626384883753023 -0.0027990857795473769 -0.0043049817357136907 0.00075305765088686492 -0.00056623535587670679 0.00732728618286781 -9.4960556572964988e-05 0.023163416822015795 0.0053349961562998904 -0.0016832252451966234 0.007853574111319251 -0.00031759733678484727 0.0066060434023884097 0.0014596908243965036 -0.0029853218607315633 0.00012832518636073654 7.8561561004042438e-05 -0.003355451236042892 0.0068719142626675958 -0.001627667571284125 1.6632256684123713e-05 -0.0013972048088950273 0.0071207716203768312 0.0077820391955136133 -0.0040218114314913558 -0.0053130034185071787 0.0018291827778313425 0.039100227706019335 0.0020880257128345625 0.0017174094222307508 -0.0014146485753343319 -0.0037902432731899056 0.0094169389644856924 -0.00024675450911625931 0.0063371788680926305 -3.4065790435602876e-05 0.0046778186685103489 0.011414601765258593 0.00091608114032389054 0.006142943793707621 0.00013434511090956169 -0.0022324163185346341 -0.0010684371598224135 0.014257347426154324 0.0022146732165222588 0.00051872443659040275
leaf_weight=81.62777853012085 46.230484306812286 47.042983293533325 27.644794106483459 31.927584230899811 33.208680331707001 62.799438536167145 31.918674349784851 1996.0697856545448 19.826019883155823 45.256070554256439 34.742184519767761 4478.1835133433342 759.36365395784378 20.702375411987305 251.2623039484024 2839.43625831604 2724.9513555169106 32.249805390834808 111.70397889614105 24.586759209632874 39.056296110153198 73.797908306121826 71.829858183860779 58.62978333234787 50.168628573417664 337.55773520469666 61.097498774528503 85.008091568946838 27.861467301845551 104.07136243581772 19.573907673358917 89.97398167848587 88.000768601894379 138.08008676767349 38.151058912277222 23.514705061912537 48.85576456785202 167.97408908605576 23.473876476287842 30.276304543018341 308.61962026357651 21.417310535907745 1646.1302722096443 23.772587239742279 26.570366084575653 55.710411250591278 776.65784853696823 78.26271778345108 33.465687334537506 61.77987676858902 17.447555840015411 103.11015915870667 35.290428519248962 30.053970754146576 25.283810019493103 43.672856450080872 33.847872138023376 446.27966803312302 138.16797757148743 37.747022151947021 24.512027084827423 29.977043032646179
leaf_count=56 47 32 32 37 32 81 41 1803 21 45 37 4683 859 28 286 2456 2929 23 97 19 40 96 90 75 63 348 78 77 26 131 19 107 78 133 30 19 55 171 21 26 266 21 1660 22 29 58 856 84 33 59 17 89 28 32 28 33 34 388 106 34 34 23
internal_value=-0.00135293 0.00114076 -0.00327113 0.00397781 0.0167136 0.00358265 0.014639 -0.00531892 0.000956305 0.000141533 0.0061564 -0.000108389 0.00195062 0.00110278 0.00398134 -0.00262282 -0.00360319 -0.00166985 0.00299311 0.0147824 0.00315094 0.0074251 0.0100677 0.013846 -0.00440912 -0.000605427 0.0197018 0.00267616 0.00628221 0.010229 0.0198351 0.00631339 -0.00211186 0.000120643 0.00770921 0.0177044 0.00766058 -0.00112137 0.0191272 -0.005891 -0.00222264 0.0116547 0.00227017 0.0121427 0.0161382 0.000781574 -0.00081602 0.005192 0.0161944 0.00947306 0.00348479 0.00410362 0.0100961 0.0277529 0.0160232 -0.00427585 -0.00121258 -8.71184e-05 0.00436871 0.015831 -0.00196407 -0.00278925
internal_weight=19275.5 8379.48 10896 2181.21 65.1363 2116.08 78.9617 2618.05 217.998 6198.27 247.972 5950.3 1472.11 1321.37 562.007 8277.93 4077.56 4200.37 362.652 56.8366 2037.11 328.154 265.355 193.525 3161.53 436.582 119.727 517.831 266.569 181.561 77.4893 136.37 3837.71 998.278 149.667 61.6658 99.0244 202.716 44.1763 2400.06 403.986 51.6936 1708.96 62.8289 46.3964 305.815 916.031 139.373 61.1105 150.742 79.2274 194.111 91.0008 57.9154 71.5143 352.292 848.612 710.532 209.763 71.5949 500.769 476.257
internal_count=19261 8850 10411 2284 69 2215 73 2362 213 6566 253 6313 1630 1479 620 8049 4400 3649 314 42 2142 420 339 249 3395 466 153 571 285 208 77 157 3335 879 127 49 118 208 49 2149 346 47 1722 62 50 272 1005 149 65 151 76 175 86 58 75 299 752 619 174 68 445 411
cat_boundaries=0 1 2 3 4 5
cat_threshold=1154 128 1155 1 17
is_linear=0
shrinkage=0.05


Tree=19
num_leaves=63
num_cat=3
split_feature=35 38 35 2 49 49 52 60 8 6 51 15 60 17 62 52 40 16 52 39 52 44 52 48 46 6 32 62 52 44 46 12 61 12 1 14 13 38 17 35 51 38 49 49 6 50 39 41 13 48 6 60 12 64 29 1 6 32 1 39 14 36
split_gain=33.7783 9.36359 5.14188 4.69432 5.12218 4.22875 36.3546 3.98746 5.10371 3.64092 4.03242 3.48699 4.77126 3.35024 3.50479 3.39648 3.31199 3.15695 5.10945 3.11608 3.03915 5.09546 2.87424 3.30645 2.82144 3.03317 4.3895 6.66855 6.89816 2.8964 3.16426 2.96002 2.81388 2.79732 2.72493 3.05038 2.8919 2.49465 2.29886 2.27847 2.46571 2.24516 2.22744 5.27833 3.56976 3.51034 3.87428 3.78986 2.73671 2.63107 2.77153 4.10142 2.25075 2.4315 2.30303 2.27427 2.16968 3.21954 2.84337 2.83316 2.16044 4.1887
threshold=0.26177068054676061 0.60490554571151745 0.18341858685016635 3.1024719476699834 0.48177772760391241 0.40317822992801672 0.35733072459697729 0 -0.18804178386926648 0.13741204142570498 0.8212411403656007 -0.070581354200839982 1 1.0000000180025095e-35 4.5000000000000009 0.2169860973954201 1.3597757220268252 0.075096391141414656 0.14986605197191241 0.99351403117179882 0.35591617226600653 1.035388767719269 0.38657271862030035 0.76726719737052929 0.099221169948577895 0.072057407349348082 0.24863669276237491 2.5000000000000004 0.12515293806791308 1.2796807885169985 -0.21006401628255841 -0.036301996558904641 2.5000000000000004 -0.0099047939293086511 -0.55332234501838673 0.005811570445075632 0.010017932392656805 0.61501377820968639 82.922176361083999 0.3774008452892304 0.27380275726318365 0.21058517694473269 0.17171423137187961 0.28104312717914587 0.11545156687498094 1.2421755194664004 0.95709875226020824 0.97891518473625194 0.0021129357628524308 0.62645298242568981 0.042137360200285918 2 0.077704366296529784 8.0595977306365985 0.40127742290496832 1.8497089743614199 0.074570942670106902 0.28939558565616613 1.7263661026954653 1.3115323781967165 0.002215818734839559 0.37180224061012274
decision_type=2 2 2 2 2 2 2 1 2 2 2 2 1 2 2 2 2 2 2 2 2 2 2 2 2 2 2 2 2 2 2 2 2 2 2 2 2 2 2 2 2 2 2 2 2 2 2 2 2 2 2 1 2 2 2 2 2 2 2 2 2 2
left_child=2 5 13 7 -5 11 -7 -3 -9 10 16 12 -2 14 -1 17 -10 -15 -19 -8 21 -17 -21 -24 25 -4 27 28 -27 -28 31 -31 33 -16 38 42 39 -11 -13 -37 -41 -29 49 44 45 -44 -47 -48 -45 50 51 -36 55 -54 -55 -52 59 -58 -59 -14 -46 -62
right_child=1 3 24 4 -6 6 19 8 9 37 -12 34 56 15 32 20 -18 18 -20 22 -22 -23 23 -25 -26 26 29 41 -30 30 -32 -33 -34 -35 35 36 -38 -39 -40 40 -42 -43 43 48 60 46 47 -49 -50 -51 52 -53 53 54 -56 -57 57 58 -60 -61 61 -63
leaf_value=-0.0022989564063972518 -0.0010580938079259379 0.00078853699610494934 -0.0015553573829918384 0.00062369667589338713 0.071299353817510347 0.09392163266557306 -0.00096947777986513433 0.042491973606045612 0.0056370751318192474 0.009284725202446437 0.01909056370652077 -0.0011226536009209392 0.0046196625658619485 -0.0042124359160492118 0.0067103585885697871 0.0048049182737236089 0.023456602242051511 -0.0022476228200837001 0.0031399209433507799 -0.00017868089016719881 -0.0035099952868317659 -0.00083922088411862716 0.021188317063767326 0.0010442689757184931 -0.0022445728283175177 -0.0019401971526531476 -0.001804401886816634 0.0029651770065252103 0.005569867759948114 0.0045967975569130683 -0.00037067794033859847 0.00082089470465544214 1.7100058966806887e-05 0.0019836244271928343 -0.0019693295487245828 0.0033251876276254367 -0.0013693852915117211 0.0024505970963358049 0.0020251793066687839 0.011964038231543007 0.019496914403872068 -0.00041349714789080673 0.002147639860561862 -0.0012417144294031264 -0.001659408682618303 0.0084353501342337208 0.008982939018100591 -0.001308002422486805 0.0019964601154421006 -0.0019615833434339512 -0.0020286780437338337 0.0045716800418100431 0.00017903311168818438 0.0076320733681321147 0.0028245056505652902 0.0043910726257381577 -0.0027723589582428904 0.0032751796749171283 -0.0020553004619320967 0.0074702254939182982 -0.0062291932151712437 0.0095532323949174269
leaf_weight=61.455292224884033 339.13173568248749 566.83975899219513 3376.1006996035576 25.825623095035553 28.623932898044586 69.582910776138306 321.27546072006226 79.457248747348785 94.84044998884201 24.30404257774353 17.381654858589172 1705.0958806276321 107.57620346546173 3759.5547060966492 20.959372699260712 37.600407898426056 16.807406485080719 236.59236639738083 39.560200273990631 78.395064175128937 102.66809123754501 67.099995672702789 35.086613833904266 40.811247050762177 1494.4309114813805 41.721845388412476 534.66931122541428 42.100701749324799 71.505640268325806 21.877535581588745 83.042111754417419 30.27082347869873 77.421645045280457 32.957646608352661 96.301625192165375 56.16711300611496 23.107176125049591 537.3789353966713 57.305738508701324 16.702818930149078 24.951357245445251 273.6006110906601 657.54204326868057 458.55137145519257 208.1905677318573 31.321683645248413 43.756540656089783 43.605936586856842 145.46188443899155 594.70457750558853 795.75112062692642 169.57194995880127 719.07604265213013 18.807010650634766 27.35565185546875 74.090342998504639 67.26117205619812 294.63133007287979 44.786280632019043 59.705493211746216 24.13867861032486 29.01515144109726
leaf_count=41 365 535 3381 30 28 68 310 84 119 24 9 1800 108 3491 21 40 21 222 32 78 99 67 37 36 1427 21 511 41 37 21 86 29 94 34 113 69 29 614 49 22 32 276 668 453 190 26 40 30 153 567 918 178 832 22 32 84 71 295 44 61 18 28
internal_value=-0.00129908 0.000967439 -0.00323172 0.0047337 0.0191374 0.000265991 0.00450587 0.00414199 0.00645146 0.00514302 0.0127282 -6.67039e-05 0.00281152 -0.00452224 0.00190468 -0.00481548 0.00916154 -0.00513641 5.39719e-06 -0.000425704 0.00140571 0.00741479 0.00540034 0.0123355 -0.00227182 -0.00164172 0.000636445 0.00458857 0.0149955 -0.00188705 0.00463309 0.014282 0.00653571 0.0152966 -0.000504091 0.000179172 0.00800366 0.00338971 -0.00215769 0.0117802 0.0206678 0.00083667 -4.85111e-05 0.00138064 0.00354565 0.00524865 0.013177 0.00767232 -0.0023301 -0.000990591 -7.97953e-05 0.00465082 -0.000852317 0.00112087 0.0122356 -0.00259389 0.00553554 0.00363987 0.00562804 0.01044 -0.00149344 0.00746296
internal_weight=19275.5 8870.27 10405.2 1391.46 54.4496 7478.82 545.151 1337.01 770.17 690.712 129.03 6933.66 913.092 4435.87 192.794 4243.08 111.648 4035.71 276.153 475.568 207.368 104.7 154.293 75.8979 5969.32 4474.89 1098.79 428.929 113.227 669.86 135.19 52.1484 131.339 53.917 6020.57 4258.17 120.928 561.683 1762.4 97.8213 41.6542 315.701 4137.24 1641.58 1037.57 776.226 118.684 87.3625 604.013 2495.66 1900.95 265.874 1635.08 765.239 46.1627 869.841 573.96 406.679 339.418 167.282 261.344 53.1538
internal_count=19261 9290 9971 1464 58 7826 529 1406 871 787 149 7297 944 4141 190 3951 140 3745 254 461 206 107 151 73 5830 4403 1022 375 58 647 136 50 149 55 6353 4504 152 638 1849 123 54 317 4352 1606 1000 764 96 70 606 2746 2179 291 1888 886 54 1002 579 410 339 169 236 46
cat_boundaries=0 1 2 3
cat_threshold=1077 300 3172
is_linear=0
shrinkage=0.05


Tree=20
num_leaves=63
num_cat=3
split_feature=34 35 32 1 14 9 60 31 17 37 49 52 52 49 20 13 11 22 10 60 49 52 49 50 53 13 49 53 62 9 38 48 63 34 40 48 22 22 37 49 20 52 52 40 60 14 10 53 35 31 52 22 48 43 52 31 14 3 42 46 13 53
split_gain=31.8937 7.36474 7.05369 4.17755 4.15404 4.0541 5.13968 5.69127 4.03882 4.24932 3.81306 6.23988 4.09662 6.15366 4.06738 3.62238 3.30915 5.0406 4.57225 3.29766 3.96896 8.18749 16.7813 3.36484 3.25766 3.07926 2.97229 2.93515 2.73787 2.6447 4.46678 4.12766 2.68668 4.42649 2.61772 2.61523 2.68964 3.91875 3.44865 3.02248 6.32512 2.99071 2.82694 2.50128 2.38371 2.79997 6.27545 2.48815 3.98067 2.3805 4.67899 3.77441 3.40175 3.01877 4.15262 3.18809 2.37975 2.37235 2.34677 2.28472 2.25571 2.23206
threshold=0.30764006078243261 0.7851042151451112 0.21573194861412051 2.5043708086013798 -0.016985953785479065 0.093760482966899886 0 0.21176473796367648 9.6090183258056658 0.14573737233877185 0.17677643150091174 0.27623905241489416 0.27185554802417761 0.22996978461742404 0.013785732444375755 -0.00095902747125364829 -0.030661353841423985 19.500000000000004 0.012353047728538515 1 0.38771647214889532 0.35733072459697729 0.41007965803146368 0.96972137689590465 0.018122859299182895 -0.0091613852418959123 0.14025089889764789 0.67399418354034435 4.5000000000000009 0.14138265699148181 0.23675053566694262 0.72006678581237804 1.0000000180025095e-35 0.14569697529077533 1.4710816740989687 0.13974979519844058 11.500000000000002 23.500000000000004 0.46026153862476354 0.34896737337112432 0.068644810467958464 0.15171632170677188 1.0091204047203066 1.0120003819465639 2 0.0016236207447946074 0.14544548839330676 0.17114324867725375 0.21550665050745013 0.49387653172016149 0.37170025706291204 8.5000000000000018 0.61667656898498546 0.40959095954895025 0.17238476127386096 0.64285311102867138 -0.0068386059720069161 -0.20442035794258115 0.20456960797309878 0.96966055035591137 0.0024326173588633542 0.011152832303196194
decision_type=2 2 2 2 2 2 1 2 2 2 2 2 2 2 2 2 2 2 2 1 2 2 2 2 2 2 2 2 2 2 2 2 2 2 2 2 2 2 2 2 2 2 2 2 1 2 2 2 2 2 2 2 2 2 2 2 2 2 2 2 2 2
left_child=2 19 5 4 24 8 -7 -8 28 -10 16 12 14 -14 15 -12 17 18 -4 23 27 22 -22 34 61 -6 -20 -21 -1 32 31 43 -18 -34 35 58 41 38 39 -38 -41 57 -40 -31 45 47 -47 -11 -49 59 51 52 -51 54 -53 -56 -43 -37 -2 -25 -17 -3
right_child=1 3 10 -5 25 6 7 -9 9 44 11 -13 13 -15 -16 60 29 -19 26 20 21 -23 -24 49 -26 -27 -28 -29 -30 30 -32 -33 33 -35 -36 36 37 -39 42 40 -42 56 -44 -45 -46 46 -48 48 -50 50 -52 53 -54 -55 55 -57 -58 -59 -60 -61 -62 -63
leaf_value=-0.0019597833638343941 0.0039594344145624464 0.021360505337033209 0.00058076516948178669 0.07054977761946038 0.00030754201306772979 -0.0022778507710386874 0.0070767930088288513 0.00042767990775908208 -0.0060655355386274902 -0.0018393988266027117 0.0054368426340630632 -0.0017889588592799128 0.011126784584582872 -0.00017405445324062408 -7.3234421819845516e-05 0.00037672581851679602 -0.00053017228039068114 -0.002421609233199837 0.0062359772475670816 -0.00044470167381184154 0.0018804647835684097 0.00025690724045712222 0.081275899637228838 -0.00048334396838211415 0.025160526593296297 0.01765819147527772 0.0027009941308860086 0.043463872594992112 0.003286352296612974 0.0055949578733747564 -0.00081657317283939938 -0.0016117313969508246 0.024639951621941186 -0.0026045308413770816 0.026557792271547448 0.0083375219634148328 0.0029273995529827792 0.0011704002420670574 0.021857995596010583 0.065869699422236069 -0.00072961386198488749 0.006957570760968812 0.0017466057831288656 0.0015357397661187166 -0.0026329307075066647 0.0048914790238314522 -0.0034654009760434258 -0.00086587706246923912 0.0091856820688147999 0.0039608669110121402 -0.0010481032695080772 -0.00069792173291788611 0.0066634740740245503 -0.0042962644933860821 0.0197883223603013 0.0050187738797290498 -0.0012476159136333099 0.0019613649494537393 -0.0011775421018536626 0.0073099413839539081 0.01071289558063198 -0.0007712015475464407
leaf_weight=90.470949470996857 148.4056356549263 56.411989331245422 181.34512323141098 32.976918041706085 307.25270903110504 198.86246395111084 39.670572519302368 81.482643961906433 1496.9338058829308 508.3580117225647 28.949110329151154 482.29732090234756 52.708970129489899 41.766403079032898 333.66469442844391 77.158544182777405 1265.2630980014801 214.35335248708725 39.222473859786987 2637.3495771884918 92.560687005519867 732.77380663156509 39.188101470470428 815.91096216440201 19.293114840984344 188.378910779953 53.988351464271545 27.008801102638245 144.90658783912659 41.205448806285858 225.87094020843506 34.624541640281677 34.195327937602997 3520.9011423587799 16.601187527179718 23.350435733795166 149.44328457117081 164.08275461196899 94.381637275218964 17.254069805145264 17.515448331832886 29.055685222148895 36.952238917350769 26.443030893802643 3161.1747268438339 49.691534221172333 57.30872118473053 70.43136602640152 21.155508935451508 38.832054257392883 142.16246700286865 61.747945845127106 52.283827841281891 59.422897458076477 35.97533243894577 31.145181655883789 186.62619680166245 45.059715449810028 206.84861314296722 21.042989075183868 30.400536835193634 25.692931294441223
leaf_count=60 178 66 206 33 312 150 42 85 1328 496 30 496 53 41 343 73 1659 231 39 2540 90 718 37 851 19 213 57 27 163 37 247 18 21 3119 22 30 185 209 121 21 22 37 47 27 3174 35 60 67 26 50 115 80 47 58 37 40 228 53 245 26 26 20
internal_value=-0.00134525 0.00148366 -0.00281634 0.0066241 0.00565377 -0.00407374 0.00138752 0.00908152 -0.00438671 -0.00466824 -0.00170186 0.00106595 0.00463663 0.0141446 0.0027129 0.00998105 -0.00221678 0.00170789 0.00619995 0.00093594 -3.76236e-05 0.00290433 0.0143771 0.00236328 0.0148866 0.00375217 0.0151996 -0.00099431 0.00200822 -0.00259047 0.00174296 0.0104153 -0.00288653 -0.0035912 0.00434706 0.00404802 0.00569707 0.00798347 0.0112445 0.0067806 0.0200691 0.00181792 0.0174578 0.0176057 -0.00378983 -0.00109541 0.00632345 -0.00244599 0.00511299 0.000587893 0.00365389 0.00741635 0.0157796 0.00333654 0.0076508 0.0162569 -0.00105131 0.0109253 0.000488235 -0.000950714 0.00568392 0.0104288
internal_weight=19157.8 6552.99 12604.8 630.007 597.03 5920.45 320.016 121.153 5600.43 5365.05 6684.36 1046.95 564.648 94.4754 470.173 136.508 5637.41 488.909 274.556 5922.98 3528.88 864.523 131.749 2394.1 101.398 495.632 93.2108 2664.36 235.378 5148.5 328.144 102.273 4820.36 3555.1 1135.58 1118.98 763.721 479.629 315.547 184.213 34.7695 284.092 131.334 67.6485 3868.12 706.945 107 599.945 91.5869 1258.52 421.57 279.407 91.1159 188.291 128.868 67.1205 215.682 68.4102 355.254 836.954 107.559 82.1049
internal_count=19186 6777 12409 663 630 5686 277 127 5409 5186 6723 1062 566 94 472 129 5661 533 302 6114 3412 845 127 2702 105 525 96 2567 223 5128 329 82 4799 3140 1398 1376 953 605 396 228 43 348 168 64 3858 684 95 589 93 1304 427 312 97 215 157 77 265 83 423 877 99 86
cat_boundaries=0 1 2 3
cat_threshold=1040 1762 70
is_linear=0
shrinkage=0.05


Tree=21
num_leaves=63
num_cat=5
split_feature=38 49 52 49 5 1 9 52 60 52 60 42 36 19 22 10 10 10 8 45 60 62 51 3 10 45 3 51 14 51 5 20 50 49 54 50 34 22 17 12 12 14 62 48 49 52 48 40 60 46 28 9 22 5 17 41 40 20 5 51 43 53
split_gain=29.6926 9.31753 15.0695 23.4026 7.54789 5.60177 5.13903 5.09726 5.64614 6.18165 4.74901 3.89872 4.93871 3.73469 3.23982 3.16138 3.10382 3.06964 3.02236 3.39352 2.8251 3.32984 2.64922 3.24609 3.57095 3.17472 2.56213 2.53618 2.80218 2.48118 3.45932 2.83572 2.28628 2.29811 2.24316 2.22841 2.15458 2.52872 2.13782 3.3238 2.11917 2.1132 2.08958 2.00716 2.67832 4.42947 2.52948 3.48485 2.41706 2.93488 3.80758 3.13599 2.66554 3.6636 2.59871 2.87409 2.28708 3.69493 2.18726 2.68072 3.63958 2.18331
threshold=0.26524735987186437 0.38771647214889532 0.35733072459697729 0.3990225493907929 -0.49164694547653193 3.0811895132064824 0.093760482966899886 0.23121363669633868 0 0.35591617226600653 1 0.031827682629227645 0.14255308359861377 2 15.500000000000002 0.26359871029853826 -0.19768491387367246 -0.46472573280334467 -0.082997709512710557 0.81070208549499523 3 4.5000000000000009 0.78017225861549389 -0.32477006316184992 -0.3405527919530868 0.20545387268066409 0.074300538748502745 0.33731031417846685 0.0030630646506324415 0.64759582281112682 0.41972216963768011 0.025221204385161403 0.89671641588211071 0.3990225493907929 0.2122372314333916 0.86748099327087413 0.31214599311351782 21.500000000000004 34.026264190673835 -0.0067645052913576356 -0.22409866005182263 -0.01988410763442516 12.500000000000002 0.54617235064506542 0.10081614181399347 0.1645256578922272 0.69378870725631725 1.3167716264724734 4 0.24792591482400897 0.32503533363342291 -0.046590646728873246 13.500000000000002 0.49854831397533422 61.20147895812989 1.0052531957626345 1.2935822010040285 0.029192483983933929 0.25962489843368536 0.67417106032371532 0.10416668653488161 0.14451469480991366
decision_type=2 2 2 2 2 2 2 2 1 2 1 2 2 1 2 2 2 2 2 2 1 2 2 2 2 2 2 2 2 2 2 2 2 2 2 2 2 2 2 2 2 2 2 2 2 2 2 2 1 2 2 2 2 2 2 2 2 2 2 2 2 2
left_child=6 10 3 16 5 17 7 11 -9 13 40 20 15 -10 -5 -13 -3 18 19 26 21 -1 -19 -24 -25 -26 41 28 -8 31 -31 -29 33 -6 43 -35 37 -23 -15 -40 -2 -4 -30 56 45 58 48 -48 49 50 51 -46 -52 -54 -53 -56 -14 -58 59 61 -61 -45
right_child=1 2 4 14 32 -7 27 8 9 -11 -12 12 34 38 -16 -17 -18 22 -20 -21 -22 36 23 24 25 -27 -28 29 42 30 -32 -33 -34 35 -36 -37 -38 -39 39 -41 -42 -43 -44 44 46 -47 47 -49 -50 -51 52 54 53 -55 55 -57 57 -59 -60 60 -62 -63
leaf_value=-0.00058457844897919962 0.0066096922229203717 0.025977164602656189 0.021505448686073115 0.019026714442891925 0.0069270046542910194 0.065028358605105335 0.00089448751963537576 -0.0021249412354211752 0.024298189965920883 -0.0073196034582758366 -0.00059558492723504614 -0.0063050551907075404 -0.0031496285575454892 -0.0050043258343688973 0.085700492397355874 0.006340729865609511 -0.00085129396593992552 -0.00056725044903638993 -0.0047403340001910543 0.0019700358925922811 -0.0020510892738984515 0.0016968678715447135 0.00029088557840754593 0.0023632714313667094 0.0042019033090381379 0.040472703474313719 0.026742209800910934 0.001041614122747564 0.0015815218344914378 0.0050619110750688874 0.00013171386941760179 -0.0023460325183778138 -0.0011022276366209726 -0.000205186533258606 0.00060498872677956783 0.0033050888286182672 0.00097987804318249447 0.011676748787604413 -0.0030706112309963726 -0.00016535173057859176 0.00074341822576960747 0.0021622015100325243 0.033482689224336372 -0.0013011135521398488 0.0024009535719042938 0.001138460394275585 -0.0032623304220290362 0.0027829561232727176 -0.0034552073036769439 -0.0036501204736133722 -7.227355622585474e-05 -0.0018431924553935942 0.0035650200948032732 0.0078528712986506485 -0.0016846092840288294 0.0036804417623307085 -0.0012454427337359577 0.00091656330518806179 -0.0046358423491124293 0.005692261029762855 -0.00041208510530338919 0.006639867510451725
leaf_weight=128.77508366107941 56.40202808380127 26.4750936627388 33.636425912380219 39.580303907394409 29.681718230247498 20.452641248703003 51.001609563827515 236.47245711088181 42.7764692902565 50.226420640945435 4064.1546143889427 1252.8283625841141 3293.2994645833969 24.175304472446442 59.083338022232056 22.098589479923248 101.96928292512894 193.5800616145134 21.721612632274628 26.57614004611969 170.15873342752457 51.00177127122879 145.63348996639252 55.96193528175354 42.603513598442078 35.519231379032135 19.797173917293549 40.261503458023071 26.296628475189209 52.214262783527374 185.20391976833344 399.22975468635559 396.11925482749939 418.38895118236542 126.76152002811432 34.575153470039368 115.32748985290527 33.525050520896912 33.129348456859589 19.476298034191132 3291.4416975975037 22.506655275821686 20.023662030696869 178.32419258356094 32.229140400886536 20.964151859283447 1192.7125002145767 23.254870772361755 877.34136658906937 161.09490352869034 21.097695469856262 398.78966808319092 20.455315053462982 18.712159633636475 116.6688739657402 72.185539841651917 306.35704165697098 40.714532852172852 79.543840527534485 34.886343896389008 34.341563165187836 17.995689392089844
leaf_count=78 70 29 26 39 30 18 54 234 40 40 4179 1102 3446 22 59 14 96 213 25 26 199 54 138 50 36 34 21 32 22 32 128 381 384 446 133 34 132 35 33 19 3672 27 24 188 34 12 950 21 818 137 18 347 23 19 96 73 360 42 70 24 30 18
internal_value=-0.00136617 0.000695065 0.00400603 0.0160079 0.00218066 0.0064151 -0.00324565 -0.00357334 0.0018943 0.00856454 -7.43585e-05 -0.00382515 -0.00408194 0.0152599 0.0343108 -0.00695041 0.00189389 0.00552118 0.0125299 0.0161271 0.000459777 0.00314263 0.00366862 0.00678161 0.0123976 0.0193073 0.0215046 0.00066189 0.00820721 -0.000416598 0.00369231 -0.00264799 -0.000791904 0.00151115 -0.00356371 0.000614908 0.00728421 0.0133594 0.00854974 0.0142168 0.00131733 0.0158454 0.0170961 -0.00368442 -0.00278731 0.00123524 -0.00329082 -0.00503878 -0.00205093 -0.000104741 0.00132545 0.000149906 0.0133138 0.0210205 -0.000675921 0.00414338 -0.00449632 -0.000619094 -0.000108998 0.00205529 0.0105134 -0.000905644
internal_weight=19157.8 9135.86 1723.86 227.108 1496.75 617.989 10021.9 9247.7 406.256 169.784 7412 8841.45 8342.66 119.557 98.6636 1274.93 128.444 597.536 124.238 102.516 498.788 328.629 473.298 279.718 134.085 78.1227 75.9403 774.231 97.3219 676.909 237.418 439.491 878.765 482.646 7067.73 452.964 199.854 84.5268 76.781 52.6056 3347.84 56.1431 46.3203 6940.97 3300.6 366.056 2934.54 1215.97 1718.57 841.233 680.138 619.873 60.2652 39.1675 587.644 188.854 3640.37 347.072 345.092 265.548 69.2279 196.32
internal_count=19186 9652 1731 223 1508 614 9534 8861 388 154 7921 8473 7975 114 98 1116 125 596 125 100 498 299 471 258 120 70 74 673 100 573 160 413 894 510 6859 480 221 89 74 52 3742 53 46 6726 2878 342 2536 971 1565 747 610 550 60 42 516 169 3848 402 330 260 54 206
cat_boundaries=0 1 2 3 4 5
cat_threshold=2314 1194 4 667 661
is_linear=0
shrinkage=0.05


Tree=22
num_leaves=63
num_cat=3
split_feature=38 49 52 15 2 60 52 60 41 12 37 52 10 52 52 42 49 52 31 34 17 50 22 2 52 31 50 43 10 12 30 44 39 40 44 46 17 34 2 14 48 62 17 0 40 22 1 62 27 1 40 31 17 40 5 10 50 29 1 10 26 60
split_gain=27.0756 8.19249 36.9318 8.86276 6.10774 4.21779 4.70823 4.02202 3.76057 3.72322 3.6264 3.49771 13.8384 3.37818 3.2491 4.13802 3.50866 2.99859 2.88996 3.59691 3.22424 2.78863 2.52116 2.4803 2.44553 2.36826 2.6856 4.67347 3.4537 2.36404 2.58389 2.47937 4.15313 4.25887 2.84619 2.83503 2.53765 2.32035 2.28176 2.24976 2.24258 2.219 2.16112 2.13111 2.69007 2.08106 2.81604 2.93394 3.82959 2.1347 2.59533 2.06612 3.43633 2.89792 2.02618 6.10627 5.21978 2.50636 2.2694 2.02221 1.9711 1.9669
threshold=0.26524735987186437 0.40317822992801672 0.35733072459697729 -0.022970449179410931 3.7447247505187993 0 0.22481594979763034 1 0.99639150500297557 -0.27904190123081202 0.15801459550857547 0.17238476127386096 0.016440353356301788 1.0274471044540407 0.092828299850225462 0.1172301732003689 0.12340427190065385 0.089254703372716918 0.41764198243618017 0.34826494753360754 83.568683624267592 2.0630561113357548 13.500000000000002 -0.51952695846557606 1.0228908061981203 0.18856325745582583 0.98790702223777782 0.1341705918312073 -0.32277667522430414 0.082903154194355025 0.1214154325425625 0.49236139655113226 0.76881724596023571 1.0055216550827029 0.51618286967277538 0.59261637926101696 90.099479675292983 0.20348539203405383 0.79924121499061596 -0.011589084751904009 0.45134837925434118 27.500000000000004 31.395536422729496 0.043315205723047263 0.97834092378616344 25.500000000000004 -0.6054086685180663 9.5000000000000018 0.087056625634431853 1.3252528905868532 0.8669290840625764 0.34824407100677496 82.317512512207045 0.91075143218040477 -0.94722557067871083 0.016440353356301788 1.1842547655105593 0.19120281189680102 3.6043645143508916 0.33089020848274237 -0.00029744241328444326 2
decision_type=2 2 2 2 2 1 2 1 2 2 2 2 2 2 2 2 2 2 2 2 2 2 2 2 2 2 2 2 2 2 2 2 2 2 2 2 2 2 2 2 2 2 2 2 2 2 2 2 2 2 2 2 2 2 2 2 2 2 2 2 2 1
left_child=5 7 -3 4 9 6 8 18 17 43 11 42 -13 -9 -10 16 -16 37 23 -20 24 29 -8 -2 39 -25 27 -27 -29 30 38 35 33 -33 -34 36 -31 -1 61 -21 -30 -42 -7 44 -4 46 -11 48 60 50 -49 52 53 -28 55 -32 57 -57 -56 -44 -48 -12
right_child=1 2 3 -5 -6 10 22 13 14 45 21 12 -14 -15 15 -17 -18 -19 19 20 -22 -23 -24 25 -26 26 51 28 40 31 54 32 34 -35 -36 -37 -38 -39 -40 -41 41 -43 59 -45 -46 -47 47 49 -50 -51 -52 -53 -54 -55 58 56 -58 -59 -60 -61 -62 -63
leaf_value=0.031808554763119556 -0.001446566957722767 0.073152550516867296 0.017781313701365025 -0.00060597846423920141 0.063770870808232072 -0.0016752064915865139 0.00070136803206465319 -0.00038285454381216063 0.0051848388364103722 -0.00055666278754650249 0.0026271651314619376 -0.0053951530135502111 0.022145728340523356 0.0063770328285044703 0.0048088918022637407 -0.00060771439666681699 0.0016094937783234732 -0.0019012145761703209 0.0047598687677856306 0.012652496266515724 0.01834317599412949 0.0057274754250028447 0.0060778786214147843 -0.0038105110017884638 -0.0042279050012989112 -0.0008129154254859106 0.0026820062644176551 -0.002011490112327255 0.005436981011977743 -0.0025614091044483507 -0.0030844674299203242 0.012953414619485071 0.0055576823076252703 -0.0018971077985867502 -0.00067642089837383469 0.0029607845489464965 0.0039228819806848498 0.00042519468572745913 0.0028577374797727987 0.0030689303442242967 0.0088109036093349143 0.0097339896699142458 -0.0048322975033168424 0.01595076563508473 0.0092384480618993622 -0.00045155720416302785 0.0099254233125274545 0.0084917166151574804 0.012960702781529913 0.11252559168880936 -0.0016385544737472337 -0.00085218785720606299 0.011835797023580197 -0.00026569763795177004 -0.0025243812228544164 0.0030088201986174469 0.0053940512964471936 -0.0049207860312932552 0.0071057447286077746 0.0059385168779827885 -0.0017356696810092165 -0.00088647892518588516
leaf_weight=20.028779208660126 491.08596360683441 76.890358746051788 40.37087219953537 640.52610522508621 29.036690413951874 405.37782424688339 30.220712065696716 5087.1005969047546 20.240085363388062 129.54997539520264 118.0740447640419 127.00820821523666 23.525845289230347 25.986271023750305 29.715951561927795 249.98854541778564 35.648934543132782 860.72788447141647 16.220714509487152 59.136152029037476 36.148528456687927 37.64629715681076 31.953356266021729 70.191806316375732 50.253107726573944 212.41954565048218 36.398034572601318 37.721745669841766 229.00198924541473 296.85935807228088 342.10704201459885 35.398090660572052 33.521699607372284 40.518797099590302 178.9907740354538 29.281014621257782 34.42117303609848 100.89387971162796 18.313911080360413 765.68145924806595 38.245481073856354 20.651068508625031 1869.4934803247452 25.974793434143066 86.183540403842926 172.80026239156723 30.274829983711243 16.298075973987579 45.719382405281067 17.788717031478882 78.214451313018799 192.67070865631104 18.971116900444031 330.82575798034668 4680.9396712779999 45.664731085300446 51.332528293132782 52.821128726005554 25.501470923423767 30.407053351402283 27.52221417427063 165.31082117557526
leaf_count=23 581 77 47 645 27 372 36 5210 25 138 98 123 14 27 37 306 45 1035 17 74 41 36 38 72 40 256 35 33 293 233 344 25 32 36 145 29 23 122 21 909 45 29 1643 23 84 170 23 20 34 21 94 171 21 374 4338 39 38 48 25 14 21 191
internal_value=-0.00134908 0.000619199 0.00411344 0.0021748 0.00606635 -0.00314382 -0.000552278 -2.17377e-05 -0.00119479 0.00508285 -0.00355212 -0.00518449 0.0021746 -0.000836794 0.00336699 0.00209954 0.0132946 -0.00275958 0.0015729 0.00381924 0.00339586 -0.00290901 0.0128713 0.000337706 0.00278346 0.00157667 0.00214019 0.00468336 0.00844797 -0.00299277 -0.00332957 -0.000130686 0.00331595 0.0133472 -0.000248633 -0.00290182 -0.00423205 0.00459176 0.0011561 0.00344037 0.0103179 0.0190777 -0.00566728 0.011958 0.00920419 0.0030475 0.00529141 0.00878942 0.0148706 0.00313118 8.01237e-05 -0.000215378 0.00188539 0.000796371 -0.00359088 -0.000525681 0.00787748 0.00108055 -0.00391018 -0.00637596 0.00618526 3.01757e-05
internal_weight=19157.8 9135.86 1417.15 1340.26 699.734 10021.9 1379.42 7718.71 1317.24 670.697 8642.51 2455.81 150.534 5113.09 335.594 315.353 65.3649 981.651 2605.62 927.44 911.219 6186.7 62.1741 1678.18 875.071 1187.1 1116.91 538.04 325.62 6149.06 5500.07 648.991 288.429 75.9169 212.512 360.562 331.281 120.923 301.699 824.818 287.899 58.8965 2305.28 152.529 126.554 518.168 345.368 215.818 103.516 112.301 94.5125 578.866 386.195 367.224 5198.37 491.925 149.818 98.4859 4706.44 1899.9 57.797 283.385
internal_count=19186 9652 1424 1347 702 9534 1667 8228 1593 675 7867 2166 137 5237 413 388 82 1180 2991 1081 1064 5701 74 1910 1023 1329 1257 656 400 5665 5142 523 238 61 177 285 256 145 310 983 367 74 2029 154 131 521 351 213 78 135 114 601 430 409 4832 469 125 87 4363 1657 44 289
cat_boundaries=0 1 2 3
cat_threshold=645 1186 24
is_linear=0
shrinkage=0.05


Tree=23
num_leaves=63
num_cat=3
split_feature=37 49 52 15 2 36 17 50 60 39 14 52 40 37 22 20 49 14 11 53 33 50 47 43 2 22 51 40 52 16 60 49 30 47 5 48 43 52 51 51 49 39 5 35 37 20 60 1 64 29 29 10 5 48 43 36 2 28 10 20 14 52
split_gain=25.733 6.94079 34.8731 7.13883 5.48591 4.91387 4.75559 3.89516 3.79232 3.37277 3.29354 2.98659 3.4634 5.67972 2.93571 3.00062 3.28295 2.85132 3.65286 3.30535 2.75294 2.58502 4.00856 2.57621 2.33107 3.33593 3.59025 4.6964 2.99578 2.31682 2.9606 2.98015 2.78169 3.43812 3.47654 2.73442 2.41742 2.3046 2.77033 5.06238 3.97645 3.37379 3.14259 2.4114 2.50695 2.33038 2.28617 2.27387 2.15156 2.62739 3.5689 2.13026 2.84895 4.10913 3.52531 2.12684 2.12486 4.6259 2.10784 2.10568 2.03217 3.06049
threshold=0.26866385340690618 0.40317822992801672 0.35733072459697729 -0.022970449179410931 3.7447247505187993 0.16631573438644412 34.026264190673835 2.0630561113357548 0 0.82373756170272838 0.0017364015220664444 0.11521410197019578 1.233348071575165 0.14015617966651919 15.500000000000002 0.043896200135350234 0.38383288681507116 -0.016985953785479065 -0.087702073156833635 0.018122859299182895 0.91355228424072277 0.92579057812690746 1.3093248009681704 0.084398295730352416 -0.17258500307798383 27.500000000000004 0.65162843465805065 0.92164599895477306 0.12913255393505099 -0.03971880488097667 1 0.21520669758319858 0.23019444197416308 1.0025665760040285 -0.54965287446975697 0.59081223607063305 0.23528728634119037 1.0274471044540407 0.67119145393371593 0.62819236516952526 0.15716271847486499 0.58154612779617321 -1.2907888293266294 0.35186374187469488 0.30989465117454534 0.025479083880782131 2 0.53319004178047191 1.5455212593078616 0.35824955999851232 0.26210518181324011 0.027476965449750427 0.028741336427628997 0.79629853367805492 0.42906071245670324 0.25697018206119543 0.43400473892688757 0.31863111257553106 -0.19768491387367246 0.042366972193121917 -0.0022861487232148643 0.33151155710220342
decision_type=2 2 2 2 2 2 2 2 1 2 2 2 2 2 2 2 2 2 2 2 2 2 2 2 2 2 2 2 2 2 1 2 2 2 2 2 2 2 2 2 2 2 2 2 2 2 1 2 2 2 2 2 2 2 2 2 2 2 2 2 2 2
left_child=5 8 -3 4 17 6 10 24 14 -9 11 12 -1 -14 15 23 51 18 19 20 -4 22 56 -2 29 46 -27 -28 -29 30 -7 32 33 55 35 -35 -31 38 39 47 -41 -42 45 44 -43 -40 -26 -10 49 50 -25 52 53 54 58 -32 -16 -58 -17 -46 -49 -62
right_child=1 2 3 -5 -6 7 -8 9 37 -11 -12 -13 13 -15 21 16 -18 -19 -20 -21 -22 -23 -24 48 25 26 27 28 -30 36 31 -33 -34 34 -36 -37 -38 -39 42 40 41 43 -44 -45 59 -47 -48 60 -50 -51 -52 -53 -54 -55 -56 -57 57 -59 -60 -61 61 -63
leaf_value=-0.00045703881483894024 0.002799563756760182 0.071435043190843012 -0.0033120200060404365 -0.00054133228480483526 0.060582327267820472 -0.0039197736979545931 -0.0042863028487805264 0.017374019716121392 -0.0006928509372951142 -0.0045472149710990024 0.0042265361206853492 -0.0060682962076355901 -0.0083677201151890271 0.001573304775510127 -0.00015197614300842545 0.0098282868389178712 0.020598744389803345 0.0022555472558129343 -0.00091800886399347474 0.015421537265177193 0.021150813994947504 -0.00081627065324376693 0.01048829153909705 -0.00063224581113221492 0.00021572618631902907 -2.1066679740239239e-05 0.004557361394499514 0.0044932461405145872 -0.00233425685309769 -0.0023125140671074336 -0.0011396886497810176 0.0045218753293963469 -0.003333091496331278 0.0033040908729943643 -0.001560041340816957 0.0054455566712052986 0.0017465316445622423 0.0060581811870792481 0.020648913354117001 -0.0011381413416420821 0.0059718657888200933 0.0035129881512058316 -0.0016289103193000171 0.0011457002273073779 0.0026148663978940697 -0.0027913455233165964 -0.0014200823147398458 -0.0015435599689084091 -0.0013500328612979702 -0.00052603185440773807 0.0062803259547613375 0.0013781689555737719 0.0044151479091092015 0.00039850482138291681 -0.00027729218057352402 0.0021564939867178309 0.013461008662319463 0.005595072850844718 0.0110041791283986 0.010351043118166942 0.00066272020017675299 0.022809954378644279
leaf_weight=416.92140382528305 43.34046345949173 74.87024337053299 19.625633955001831 624.81733751296997 29.036690413951874 245.21316862106323 2121.0172147154808 33.29846465587616 2466.2842726111412 21.648879826068878 23.596402108669281 168.64297103881836 33.816775321960449 30.375659108161926 287.85954678058624 33.654825389385223 21.528470873832703 565.73897796869278 18.65735536813736 30.912296772003174 35.762850642204285 672.74074274301529 29.411105513572693 37.597651660442352 644.84143173694611 321.93199133872986 33.0332270860672 26.912459373474121 48.483021020889282 3414.6224644184113 214.09296977519989 46.557147145271301 187.28437560796738 25.553182184696198 64.225482523441315 51.000232338905334 48.587609112262726 23.629328548908234 20.998536050319672 133.43311727046967 33.437447547912598 81.880251884460449 1258.8947156667709 132.61203241348267 25.625775456428528 30.766568660736084 2429.882511138916 126.50582247972488 196.66982555389404 129.49932062625885 48.280420958995819 209.69383388757706 140.64149206876755 44.452198028564453 18.511382043361664 21.742591977119446 22.221190512180328 66.359218895435333 54.019381821155548 20.690999448299408 643.83372843265533 30.016721546649933
leaf_count=395 44 75 21 629 27 272 1919 32 2691 20 17 164 26 27 352 41 16 569 20 25 40 725 38 47 757 335 20 23 42 3329 211 45 171 27 59 48 47 25 22 142 32 70 1163 141 25 29 2208 137 185 162 61 268 168 22 23 24 29 84 64 21 702 33
internal_value=-0.00135412 0.000700715 0.00391844 0.00203655 0.00550664 -0.00298802 -0.0047912 -0.00234781 6.44083e-05 0.0108898 -0.001121 -0.00179545 0.000201811 0.0110129 0.00186858 0.00386165 0.00644851 0.00457421 0.0121562 0.0165087 0.00904056 7.40884e-05 0.00322956 0.000881802 -0.00244156 -0.00148084 0.00263667 0.0105013 0.00352438 -0.00322004 -0.000882503 0.000997479 1.35151e-07 0.00248531 0.00866992 0.0158598 -0.0037961 -0.00067482 -0.000750801 -4.87337e-05 0.00506446 0.00831364 -0.00272573 0.00636476 0.0112584 0.00931202 -0.00205885 -0.000719836 -0.000327245 0.00311145 0.00989458 0.00561101 0.00838129 0.0131681 0.0185078 -0.00118742 0.00182336 0.00859213 0.0226925 0.0205878 0.00159273 0.00268895
internal_weight=19157.8 8484.51 1399.42 1324.55 699.734 10673.3 2794.37 7878.91 7085.09 54.9473 673.353 649.757 481.114 64.1924 2056.48 977.889 522.502 670.697 104.958 86.3008 55.3885 1078.59 405.851 455.388 7823.96 3505.08 430.361 108.429 75.3955 4318.88 855.669 610.456 563.899 376.614 140.779 76.5534 3463.21 5028.61 5004.98 3694.32 427.68 294.247 1310.66 260.809 128.197 51.7651 3074.72 3266.64 412.047 215.377 85.8781 500.973 291.279 150.638 106.186 235.836 376.44 88.5804 87.6742 46.3168 800.356 673.85
internal_count=19186 8968 1406 1331 702 10218 2548 7670 7562 52 629 612 448 53 2329 1101 602 675 106 86 61 1228 503 499 7618 3385 420 85 65 4233 857 585 540 369 134 75 3376 5233 5208 3994 431 289 1214 257 116 51 2965 3563 455 270 108 586 318 150 128 235 465 113 105 46 872 735
cat_boundaries=0 1 2 3
cat_threshold=1154 2568 1732
is_linear=0
shrinkage=0.05


Tree=24
num_leaves=63
num_cat=3
split_feature=38 33 62 51 35 60 60 12 1 1 49 52 29 22 60 51 52 49 8 17 51 28 40 22 0 29 41 52 42 6 51 52 52 9 62 40 51 6 42 61 29 6 20 20 51 62 62 48 54 42 37 17 5 15 45 42 37 0 51 35 6 29
split_gain=24.3584 6.64406 4.84528 5.06466 4.52415 3.72007 3.14498 3.76179 3.19235 2.91983 4.48155 27.2849 2.86228 2.85158 2.58984 3.29757 3.87851 10.5268 2.56403 2.70376 2.70841 5.16843 3.54259 2.51025 2.48498 3.08073 2.46204 3.18501 3.5005 2.40333 2.49652 3.3832 3.77772 3.75059 2.83395 2.76703 4.43995 2.34175 2.32511 2.31519 2.27723 2.21933 2.42584 2.97294 2.53117 3.33724 2.23147 2.03113 1.97475 1.96679 1.94076 1.93859 2.17216 2.35795 2.68907 1.87083 3.71061 1.82217 1.80952 2.4296 2.9978 3.01424
threshold=0.26524735987186437 0.69389244914054882 10.500000000000002 0.78419244289398204 0.19764529168605807 0 1 -0.35986056923866266 3.2193472385406499 -0.55332234501838673 0.3990225493907929 0.35733072459697729 0.13130211830139163 15.500000000000002 2 0.67119145393371593 0.21482205390930179 0.2234204784035683 0.073266636580228819 34.026264190673835 0.64963471889495861 0.12523175030946734 1.3945670723915102 19.500000000000004 0.030478958040475849 2.2126414775848393 1.008092522621155 0.092581417411565795 0.11327081918716432 0.027171401306986812 0.65162843465805065 0.12913255393505099 0.12327622622251512 -0.045350346714258187 4.5000000000000009 0.99195384979248058 0.15141404420137408 0.070885930210351958 0.18786567449569705 2.5000000000000004 0.69374299049377453 0.044594550505280502 0.054155280813574798 0.067736458033323302 0.44131854176521307 5.5000000000000009 2.5000000000000004 0.61226853728294384 0.31905514001846319 0.11037845164537431 0.41701808571815496 51.176891326904304 -0.37287534773349756 -0.19814258813858029 0.20545387268066409 0.28013701736927038 0.31864073872566229 0.0074400859884917745 0.69064247608184826 0.23244472593069079 0.038016086444258697 0.21172270178794864
decision_type=2 2 2 2 2 1 1 2 2 2 2 2 2 2 1 2 2 2 2 2 2 2 2 2 2 2 2 2 2 2 2 2 2 2 2 2 2 2 2 2 2 2 2 2 2 2 2 2 2 2 2 2 2 2 2 2 2 2 2 2 2 2
left_child=2 9 4 5 18 12 7 -3 24 23 14 13 -4 -12 15 16 41 -18 19 20 22 -22 -1 -2 -8 -26 50 -28 -29 39 35 32 34 -33 -32 -31 -37 38 -19 -6 47 -11 55 44 -44 -46 -45 -13 -7 -21 -14 52 53 -9 -55 -43 -57 -17 59 60 -35 -62
right_child=1 6 3 -5 29 48 8 51 -10 10 11 40 26 -15 -16 57 17 37 -20 49 21 -23 -24 -25 25 -27 27 28 -30 30 31 33 -34 58 -36 36 -38 -39 -40 -41 -42 42 43 46 45 -47 -48 -49 -50 -51 -52 -53 -54 54 -56 56 -58 -59 -60 -61 61 -63
leaf_value=-0.002441628202006824 -1.7707362800792326e-05 0.052446595956624653 0.00092331924586368805 0.0050003138691294639 1.5602942572168212e-05 -0.0023318761895797682 -0.0001290182041312362 0.00016538530294662459 0.041636943074167404 0.003145808073832418 0.015011899944333685 0.026005806255128373 -0.0013314162024350208 0.086402052905649007 -0.0004212017338919849 0.00019075612205852395 0.026659648063380149 0.0056689657748336068 0.00037043566496801692 -0.0045071761116717525 -0.0073605179409177036 -0.0037641736639184202 0.00055080652242600679 -0.0018789127294903231 0.0037905348698577426 0.014382150490071639 0.0050629504032155444 0.0037631712678589252 -0.00024521954341223949 -0.0030974588285689313 -0.002000467546631518 0.0053037920126277477 0.012126196485094238 -0.0018484337631670259 0.0039581792592855098 0.0023587093242008173 -0.0012513612102923017 0.0020982387227263866 0.00076145261310904273 0.0092897672395729821 0.0037700573587106673 -0.00070896518499832253 0.011284820705063377 0.0014894057831297139 0.0017274782784488093 -0.0030642230112765097 1.5193569679042285e-05 -0.00057315388398885268 0.0073947310440310339 -0.002614904808795419 0.0033778739877837918 0.014940939866444253 -0.001179908059451229 0.0048641749979817413 0.049363719042530188 0.00062373374368770518 0.0013670070013843518 -0.0013357757169786414 -0.0029498054530469431 -0.0021598958438902704 -0.0032888415018838182 0.0021973875875871867
leaf_weight=495.95184993743896 1781.8315356969833 18.698086977005005 293.08420503139496 22.865515112876892 176.91158896684647 1832.7764024138451 434.98657381534576 46.409596383571625 25.865579426288605 179.89999061822891 36.966419100761414 29.60187429189682 1362.8798272609711 46.007567763328552 1835.9369933605194 642.58798986673355 37.927102506160736 21.916348993778229 31.678760826587677 2064.7206408977509 30.525863528251648 35.789440870285034 51.681631326675415 1088.5008566975594 125.82359194755554 22.613400280475616 14.859364211559294 77.559958279132843 362.76288360357285 725.06969106197357 74.223664164543152 29.092017114162445 59.607534646987915 50.319888532161713 34.016181290149689 45.373698592185974 616.97484093904495 240.82855659723282 42.502096474170685 37.27876079082489 23.973599135875702 779.01177209615707 77.868155479431152 23.627460598945618 29.105301022529602 59.956962108612061 388.26791369915009 416.92817443609238 15.687555134296415 895.74830448627472 19.600209891796112 86.752931892871857 60.288658320903778 50.711642205715179 16.682331681251526 21.871660709381104 94.62144947052002 347.28814351558685 337.96153634786606 127.67575949430466 46.754175543785095 52.501343369483948
leaf_count=400 1897 24 358 28 145 2346 418 58 24 201 36 33 1619 45 2077 523 41 24 19 1630 21 26 39 1165 118 20 19 95 435 530 37 20 36 34 29 37 513 265 48 33 21 862 100 13 22 65 475 405 20 675 25 109 72 63 21 15 107 285 210 89 31 35
internal_value=-0.00132522 0.000541651 -0.00302752 -0.00167692 -0.00392455 -0.00181317 0.00464877 0.00896791 0.00247009 9.8345e-05 0.000786299 0.00504777 -0.000375583 0.031466 0.000296152 0.00120323 0.0023775 0.00721752 -0.00504709 -0.00517358 -0.00214047 0.00737239 -0.00330269 -0.00118857 0.00173745 0.0073219 -0.0011114 0.00207217 0.00128906 -0.00224528 -0.00273877 -0.000529901 0.00578257 -0.00218276 0.000166123 -0.00402804 -0.00168102 0.00410685 0.01258 0.00279813 0.000372564 0.00137003 0.000726271 0.00325055 0.00888084 0.00304789 0.000955006 -0.00042404 -0.00344679 -0.00580081 -0.00216329 0.00770283 0.00461232 0.00868612 0.0146515 -0.000899941 0.00499593 -0.00114904 -0.00302002 -7.8347e-06 0.00429716 0.00935292
internal_weight=19157.8 9135.86 10021.9 4002.08 6019.86 3979.21 888.832 279.543 609.289 8247.03 5376.7 553.478 2130.75 82.974 4823.22 2987.28 1997.4 343.174 3606.1 3574.42 613.949 66.3153 547.633 2870.33 583.424 148.437 1837.66 455.182 440.323 2413.76 2199.57 812.152 167.847 644.305 108.24 1387.42 662.349 305.247 64.4184 214.19 470.504 1654.23 1474.33 578.826 166.93 89.0623 411.895 446.53 1848.46 2960.47 1382.48 260.845 174.092 113.804 67.394 895.505 116.493 989.876 615.213 277.251 149.575 99.2555
internal_count=19186 9652 9534 4945 4589 4917 927 347 580 8725 5663 540 2551 81 5123 3046 2238 378 2810 2791 486 47 439 3062 556 138 2193 549 530 1779 1601 521 102 419 66 1080 550 337 72 178 459 1860 1659 675 187 87 488 438 2366 2305 1644 323 214 142 84 984 122 808 399 189 100 66
cat_boundaries=0 1 2 3
cat_threshold=663 2728 1203
is_linear=0
shrinkage=0.05


Tree=25
num_leaves=63
num_cat=0
split_feature=36 37 0 3 62 49 49 49 37 48 6 32 62 20 3 1 49 62 35 1 40 20 47 51 40 20 6 45 44 5 9 56 32 14 16 49 50 44 30 3 35 44 17 32 26 51 62 44 45 44 20 48 53 2 46 17 17 40 37 10 42 51
split_gain=21.1421 7.32506 6.51588 4.30701 3.61773 3.3117 18.8318 11.501 3.95201 3.76261 3.60694 3.32309 3.27417 3.25449 3.76468 3.03741 3.24674 3.00743 3.23967 2.77794 2.71921 2.70583 2.57457 2.79196 4.07928 2.76139 2.56114 3.49278 2.7815 2.42381 6.11478 3.07148 2.68622 2.44831 3.53912 7.02947 6.57805 3.03765 4.06018 3.07145 2.50407 2.40736 2.3475 2.34504 2.27122 2.18497 2.18087 3.03586 3.6225 2.0917 2.07672 2.05657 2.84132 1.98561 2.12597 2.8345 1.9608 2.57099 2.93935 2.16094 1.93839 3.35141
threshold=0.30286504328250891 0.15959656238555911 -0.061345558613538735 -0.040798919275403016 10.500000000000002 0.40317822992801672 0.43627737462520605 0.41007965803146368 0.76116698980331432 0.90872332453727733 0.12867187708616259 0.52286040782928478 13.500000000000002 0.033085687085986144 -0.45524668693542475 -0.86541900038719166 1.4036130905151369 5.5000000000000009 0.22315558791160586 3.4086514711380009 1.2226802706718447 0.17280313372612002 0.99360433220863353 0.86598873138427745 0.93472421169281017 0.031129498034715656 0.099705860018730177 0.056212270632386215 0.72896561026573192 0.0059961613733321437 0.088809352368116393 0.0090688634663820284 0.21684595197439197 -0.00086496930452994991 -0.062911152839660631 0.20928391069173816 1.3850249648094179 1.7606845498085024 0.25114655494689947 0.30429424345493322 0.3457006067037583 0.45010691881179815 26.443598747253422 0.78866443037986766 -0.012005831580609081 0.87738579511642467 16.500000000000004 0.75374704599380504 -0.26937186717987055 1.0093696117401125 0.052460001781582839 0.72488069534301769 -0.087633296847343431 -0.2269695848226547 -0.02712366264313459 91.867729187011733 37.658164978027351 1.233348071575165 0.12590000033378604 0.33089020848274237 0.36160707473754888 0.8212411403656007
decision_type=2 2 2 2 2 2 2 2 2 2 2 2 2 2 2 2 2 2 2 2 2 2 2 2 2 2 2 2 2 2 2 2 2 2 2 2 2 2 2 2 2 2 2 2 2 2 2 2 2 2 2 2 2 2 2 2 2 2 2 2 2 2
left_child=1 4 19 -3 56 9 7 43 11 12 -10 -8 17 -14 -15 -12 51 18 -4 20 49 46 42 24 41 -26 28 -28 -27 30 31 33 -33 -5 36 40 37 38 39 -35 -36 -24 -20 -7 -16 -18 47 48 -13 -2 -6 -17 -53 -31 55 -55 57 -1 -59 -58 -49 -62
right_child=2 3 5 29 50 6 8 -9 10 -11 15 21 13 14 44 16 45 -19 22 -21 -22 -23 23 -25 25 26 27 -29 -30 53 -32 32 -34 34 35 -37 -38 -39 -40 -41 -42 -43 -44 -45 -46 -47 -48 60 -50 -51 -52 52 -54 54 -56 -57 59 58 -60 -61 61 -63
leaf_value=-0.003099145071281987 0.046259682661671762 -0.0016116105425919903 0.012688823240176573 -0.0014518673692524853 -0.0013923054131176754 0.011239070850326738 -0.0026948604405683998 0.082081950260366562 0.039482811271352364 0.0038698433635905582 -0.0013270536071577745 0.0041442623403673941 -0.00069242306822034924 -0.00062291514677445818 0.0094707999689045211 0.022219588000355912 -0.0011123749125706351 -0.0013035339500418908 0.0044620924116140995 0.045772915781439563 0.03956448776973516 -0.0010882415099532151 0.003090997620080129 -0.0029650990942787898 0.0044218642102362912 -0.00042391881527566335 0.0019123198601459187 -0.00058394628895164799 -0.0025629556188505234 -0.0033399132384127118 0.018478308253279715 0.0092026241062307564 -0.0014786689544890735 2.2476751017360273e-05 -0.00041943542128893008 0.009191934159076761 0.0074296974670096166 -0.0026790137251093056 -0.0019956433096842553 0.0075937418540306363 0.0052870344556971149 -0.00055402693251466358 -0.00066385770135747319 -0.0043859671736597439 0.0024147728377813512 0.0031074476980608892 -0.00098119689592710566 -0.00040068851012287912 0.0070192509681219172 0.0038221593490557152 0.0080850902545508471 -0.0020819178310953145 0.010764540806340657 0.00022388652753470574 -0.0011047939338681989 0.0054409066661209211 -0.0043779418097800336 -0.0075541929892385231 0.0010371169333499243 0.0054896479720802846 0.0031517770117198626 -1.4679080960423491e-05
leaf_weight=390.36500895023346 27.237844824790955 5285.2367700338364 37.468372046947479 497.29474365711212 555.56644350290298 21.780402839183807 290.96046406030655 62.713905513286591 22.864440739154816 21.451799392700195 104.92588323354721 42.497320771217346 922.5715623497963 429.73880761861801 24.551192581653595 24.055660903453827 91.017494142055511 1229.0405760407448 46.829814314842224 26.666666686534882 19.755505979061127 124.04925113916397 38.891536116600037 60.645906448364258 47.208371877670288 36.384480595588684 58.507945775985718 48.309995651245117 67.532314419746399 259.74098336696625 38.36142486333847 23.652249276638031 17.11893892288208 40.996352434158325 1068.3661543130875 42.982409954071045 26.321911692619324 62.595460891723633 43.878146529197693 25.750073373317719 59.004660725593567 273.1045835018158 428.05314570665359 26.686517119407654 1368.1073124408722 42.327886998653412 106.69699913263321 119.39579457044601 27.16289097070694 134.20185571908951 29.064701795578003 35.696290194988251 115.92717081308365 902.59071558713913 1503.8246763944626 23.597245156764984 1555.0296810865402 40.323951184749603 41.517086505889893 26.642638921737671 43.402985334396362 35.925197243690491
leaf_count=316 30 5232 28 530 708 22 273 62 25 11 106 39 1173 556 31 27 88 1249 39 27 21 117 23 31 30 27 36 31 44 256 33 22 19 39 1021 41 21 68 36 24 67 176 311 26 1741 39 140 112 27 140 34 42 119 895 1454 16 1251 29 31 13 44 25
internal_value=-0.00114792 -0.00235706 0.00112329 -0.00173353 -0.0046996 0.0008427 0.00305859 0.0227561 0.00126783 0.000264641 0.00508536 -0.000836796 0.000175845 0.00135239 0.0025781 0.00399982 0.00650048 -0.0011836 0.000659047 0.00983724 0.00757138 0.00163139 0.000163745 0.00226182 0.00335356 0.00800558 0.00551821 0.0109513 -2.36829e-05 -0.000619787 0.000722407 0.000321831 0.0138812 2.23481e-05 0.00111588 6.19632e-05 0.00726916 0.00368936 0.00868386 0.0164532 -0.000691171 -0.000477815 -0.0026116 0.0043302 0.00384144 0.000577073 0.00375583 0.00616412 0.0151561 0.00538061 -0.00121825 0.0109652 0.00874785 -0.00159286 -0.00114601 0.000734342 -0.00568802 -0.00284095 0.00518371 -0.00653462 0.00298092 0.00904031
internal_weight=19244.2 12559.8 6684.35 9921.31 2638.51 6476.48 1338.09 111.181 1226.91 5138.4 436.815 790.091 5116.95 2744.97 1822.4 413.95 309.025 2371.98 1142.94 207.862 181.195 499.13 1105.47 630.585 569.939 257.943 210.735 106.818 103.917 4636.08 1946.32 1907.96 40.7712 1867.19 1369.9 1170.35 199.542 173.22 110.625 66.7464 1127.37 311.996 474.883 48.4669 1392.66 133.345 375.081 268.384 69.6602 161.44 584.631 175.679 151.623 2689.75 2430.01 926.188 2053.88 472.206 81.841 1581.67 198.724 79.3282
internal_count=19244 12156 7088 9774 2382 6870 1333 110 1223 5537 446 777 5526 3501 2328 421 315 2025 776 218 191 504 748 398 367 168 138 67 71 4542 1921 1888 41 1847 1317 1129 188 167 99 63 1088 199 350 48 1772 127 387 247 66 170 742 188 161 2621 2365 911 1640 376 60 1264 181 69
is_linear=0
shrinkage=0.05


Tree=26
num_leaves=63
num_cat=4
split_feature=52 52 52 49 37 28 52 23 6 49 49 50 62 8 46 60 11 10 60 12 60 30 32 23 43 47 51 3 10 46 43 50 6 31 36 53 6 0 43 32 57 34 13 2 30 48 31 3 52 49 6 7 34 10 2 43 50 62 27 5 12 1
split_gain=21.7248 12.6071 12.4965 9.85705 8.22158 6.32969 6.21043 5.31909 6.27994 10.4198 7.76634 4.13555 3.74768 4.03349 3.43971 3.35673 3.15324 4.16833 3.67629 3.40876 3.12331 4.17179 3.1214 3.09453 3.04682 2.93493 3.0915 3.44768 2.80734 3.27383 2.78281 2.67608 2.60805 2.59819 2.521 2.53166 2.50571 2.65835 2.69781 2.27257 3.8798 2.4533 4.24392 2.63663 2.37953 2.26821 2.24896 2.26803 2.1829 2.48682 2.16442 2.14097 2.31432 2.11958 3.82195 2.11291 2.3526 2.07971 2.05393 2.02533 2.171 2.39399
threshold=0.23121363669633868 0.27488447725772863 0.27185554802417761 0.24413558095693591 0.19781202822923663 0.37820500135421758 0.26331080496311193 2.5000000000000004 0.12525862455368045 0.41007965803146368 0.43627737462520605 0.55664601922035228 10.500000000000002 0.073266636580228819 0.24792591482400897 0 -0.030661353841423985 0.0032994532957673077 1 0.1009606681764126 2 0.1376948952674866 0.78866443037986766 3.5000000000000004 0.37450134754180914 1.0702704191207888 0.69709023833274852 0.13519353419542315 -0.245441660284996 0.016138718463480476 0.42906071245670324 0.84874257445335399 0.37267923355102545 0.16051609814167025 0.19011510908603671 0.26311305165290838 0.055999251082539565 0.025578717701137069 0.10357666015625001 0.23633949458599093 0.1546617075800896 0.20575919002294543 -0.00047810490650590504 -0.68730729818344105 0.20766232162714007 0.87372455000877391 0.44715185463428503 0.57619166374206554 0.15655788034200671 0.14901225268840793 0.064087979495525374 3 0.29850994050502783 -0.13668605685234067 0.20937586575746539 0.14319565892219546 0.82890796661376964 4.5000000000000009 -0.28885284066200251 0.8880102038383485 -0.31272475421428675 -0.12202076241374014
decision_type=2 2 2 2 2 2 2 2 2 2 2 2 2 2 2 1 2 2 1 2 1 2 2 2 2 2 2 2 2 2 2 2 2 2 2 2 2 2 2 2 2 2 2 2 2 2 2 2 2 2 2 9 2 2 2 2 2 2 2 2 2 2
left_child=4 2 6 11 12 31 -2 25 9 22 -11 -4 13 53 -12 34 17 18 23 20 -18 51 28 30 57 -7 27 -27 29 -9 58 32 33 -3 35 -14 37 38 -21 40 -23 42 43 -41 -44 -28 50 -48 -38 -50 -30 -22 -53 54 -1 -35 -57 -19 -6 60 -10 -62
right_child=1 5 3 -5 16 7 -8 8 59 10 14 -13 15 -15 -16 -17 19 24 -20 36 21 39 -24 -25 -26 26 45 -29 46 -31 -32 -33 -34 55 -36 -37 48 -39 -40 41 -42 -43 44 -45 -46 -47 47 -49 49 -51 -52 52 -54 -55 -56 56 -58 -59 -60 -61 61 -63
leaf_value=-0.0036300493508217876 0.0060381385829825886 0.01244968975266604 0.0046403490313733035 -0.0033077995716254364 -0.00025691398860103746 -0.00063883188308249447 -0.0011172067374517036 0.00083966741657440789 0.019199506411470231 0.081150297107172753 0.00085720023987218843 0.018117864381112053 0.006007689468018002 0.00056560060972270568 0.035111728555054803 -0.0019236794594728185 -0.0019654737103449978 0.0055708675955327969 -0.001596047996973371 0.0061358872199986127 0.0021826106708367518 -0.0014787256073510392 -0.0031648242232305405 -0.0014179507826637796 -0.0023461398018899322 0.020900530806296027 -0.00029977385068052367 -0.0017144126622440803 0.0032931489880727478 0.022323428445065404 -0.0021297366837222664 -0.0010414866865814775 0.0052928123250965192 -0.0019805238260518841 -0.00047408277586780682 -0.0027665231599901282 -0.00052254661830644091 -0.00052390681719004467 0.0008187285133732209 0.0010361754070065815 0.0022898655743468764 -0.00052543682561744518 -0.003208657272354701 0.0049598081778655162 0.004496676338384159 0.0029520753131578453 0.010677117307810402 0.0073800057965373034 0.0035779452684662179 0.00038413458722520445 -0.0023783469554907403 -0.00034352278202198772 0.0051843559153638896 -0.0032080862114087605 -0.0022455587968294899 0.00028723766955291721 0.006554539282401484 0.0016246975153811488 0.0048459960979409583 0.0088078073969936055 -0.00096023926371309747 0.0035734210341830108
leaf_weight=89.637073397636414 108.62536853551865 34.006295204162598 26.053674161434174 22.037573635578156 58.344286143779755 536.25679409503937 176.19725823402405 28.105999410152435 111.30027234554291 50.128092706203461 44.14345395565033 71.447958827018738 119.51565879583359 49.193251252174377 41.994201362133026 1256.1262917518616 1731.1933901309967 67.847639083862305 493.46312260627747 30.319289863109589 22.637651205062866 1852.6899670958519 81.986582696437836 139.8106883764267 40.600855648517609 32.275582790374756 171.45763748884201 18.185602366924286 33.342528522014618 58.837634801864624 31.843164384365082 1099.4880529642105 25.256131231784821 280.19538778066635 181.8347447514534 33.182716906070709 1064.6582394838333 60.581511735916138 31.786349534988403 22.768554329872131 31.741165101528168 2822.0772812962532 116.07028031349182 41.5403853058815 19.962646186351776 29.279376983642578 21.100940227508545 18.168615520000458 44.701790928840637 309.31545871496201 86.661455988883972 76.477529287338257 63.263558328151703 3295.7485187649727 35.626633644104004 685.94041049480438 34.480258882045746 317.24631756544113 169.28054565191269 21.364772140979767 263.87351214885712 310.8905918598175
leaf_count=75 112 35 32 22 67 547 177 25 115 49 46 67 147 30 44 1583 2097 38 486 25 24 1703 75 160 49 36 154 22 38 57 39 999 24 320 224 43 1131 58 35 24 28 2824 117 42 20 27 22 19 48 315 86 71 62 2564 28 739 34 371 197 24 275 297
internal_value=-0.00116645 0.00186369 0.0102887 0.0238596 -0.00209781 0.00103511 0.0045691 0.0030933 0.00522872 0.00974852 0.021377 0.0306884 -0.00373081 -0.00465284 0.012161 -0.00171599 -0.00124176 0.00102812 -0.00090856 -0.00160112 -0.00208246 -0.00144482 0.00490026 0.00262636 0.0051006 -7.85689e-05 0.0043738 0.0154353 0.00771961 0.0149602 0.00592935 -0.000830179 0.000959119 0.000565795 0.0026881 0.00750724 0.000519274 0.00737192 0.0146325 -0.00170945 -0.00307318 -0.000857458 0.00448226 0.015058 -0.000488055 0.00156197 0.00372888 0.0141015 -7.02973e-05 0.00332665 0.000284043 0.00642839 0.00406533 -0.00485831 0.00149368 9.81827e-05 0.00153594 0.00648145 0.00787712 0.00225318 0.00177161 0.000524034
internal_weight=19244.2 4523.08 404.362 119.539 14721.1 4118.72 284.823 1959.35 1171.9 464.47 136.266 97.5016 5060.86 3470.21 86.1377 1590.66 9660.22 1318.44 892.742 8341.79 6800.42 5069.23 328.204 399.279 425.695 787.455 251.198 50.4612 246.217 86.9436 259.468 2159.37 1059.88 1034.62 334.533 152.698 1541.36 122.687 62.1056 4906.85 1884.43 3022.42 200.342 64.3089 136.033 200.737 159.274 39.2696 1418.68 354.017 120.004 162.379 139.741 3421.01 125.264 1000.62 720.421 385.094 227.625 707.429 686.064 574.764
internal_count=19244 4519 410 121 14725 4109 289 1958 1172 461 139 99 4694 2697 90 1997 10031 1407 949 8624 7012 4915 322 463 458 786 239 58 247 82 303 2151 1152 1128 414 190 1612 118 60 4758 1731 3027 203 66 137 181 165 41 1494 363 124 157 133 2667 103 1093 773 409 264 711 687 572
cat_boundaries=0 1 2 3 4
cat_threshold=147 1223 2309 2
is_linear=0
shrinkage=0.05


end of trees

feature_importances:
index_vol_60d=117
index_vol_30d=103
day_of_month=80
sector_id=54
correlation_60d=52
liquidity_rank=46
dist_to_sma_200=44
vol_asymmetry_20d=44
vol_ratio_park_rv=41
beta_60d=41
rsi_14=40
vp_position=39
rv_60d=39
gk_vol_20d=38
volume_zscore_60=37
sma_50_slope_norm=37
parkinson_vol_20d=36
correlation_30d=35
volume_zscore_20=34
vp_width_pct=34
trend_strength=34
vol_ratio_20_60=34
up_vol_20d=33
vol_momentum_10d=32
sma_20_slope_norm=31
gk_vol_10d=31
parkinson_vol_10d=30
down_vol_20d=30
dist_to_ema_50=29
momentum_10=28
dist_to_ema_20=25
ewma_vol_20d=25
beta_change=25
rv_10d=23
vol_ratio_5_20=21
rv_5d=19
dist_to_sma_20=18
dist_to_sma_50=18
beta_30d=18
ewma_vol_10d=17
vol_momentum_5d=17
rv_30d=16
volume_ratio_20=15
sector_encoded=15
log_return=14
rv_20d=13
momentum_20=12
lot_size_log=12
trend_signal=10
overnight_gap_zscore=8
overnight_gap=7
ivr=5
price_position_ma=3
week_of_month=3
vds=3
hvc=3
vp_above_va=2
is_blue_chip=2
day_of_week=1
pocs=1

parameters:
[boosting: gbdt]
[objective: quantile]
[metric: quantile]
[tree_learner: serial]
[device_type: cpu]
[data_sample_strategy: bagging]
[data: ]
[valid: ]
[num_iterations: 1000]
[learning_rate: 0.05]
[num_leaves: 63]
[num_threads: -1]
[seed: 42]
[deterministic: 0]
[force_col_wise: 0]
[force_row_wise: 0]
[histogram_pool_size: -1]
[max_depth: -1]
[min_data_in_leaf: 20]
[min_sum_hessian_in_leaf: 0.001]
[bagging_fraction: 0.8]
[pos_bagging_fraction: 1]
[neg_bagging_fraction: 1]
[bagging_freq: 5]
[bagging_seed: 400]
[bagging_by_query: 0]
[feature_fraction: 0.8]
[feature_fraction_bynode: 1]
[feature_fraction_seed: 30056]
[extra_trees: 0]
[extra_seed: 12879]
[early_stopping_round: 0]
[early_stopping_min_delta: 0]
[first_metric_only: 0]
[max_delta_step: 0]
[lambda_l1: 0.1]
[lambda_l2: 0.1]
[linear_lambda: 0]
[min_gain_to_split: 0]
[drop_rate: 0.1]
[max_drop: 50]
[skip_drop: 0.5]
[xgboost_dart_mode: 0]
[uniform_drop: 0]
[drop_seed: 17869]
[top_rate: 0.2]
[other_rate: 0.1]
[min_data_per_group: 100]
[max_cat_threshold: 32]
[cat_l2: 10]
[cat_smooth: 10]
[max_cat_to_onehot: 4]
[top_k: 20]
[monotone_constraints: ]
[monotone_constraints_method: basic]
[monotone_penalty: 0]
[feature_contri: ]
[forcedsplits_filename: ]
[refit_decay_rate: 0.9]
[cegb_tradeoff: 1]
[cegb_penalty_split: 0]
[cegb_penalty_feature_lazy: ]
[cegb_penalty_feature_coupled: ]
[path_smooth: 0]
[interaction_constraints: ]
[verbosity: -1]
[saved_feature_importance_type: 0]
[use_quantized_grad: 0]
[num_grad_quant_bins: 4]
[quant_train_renew_leaf: 0]
[stochastic_rounding: 1]
[linear_tree: 0]
[max_bin: 255]
[max_bin_by_feature: ]
[min_data_in_bin: 3]
[bin_construct_sample_cnt: 200000]
[data_random_seed: 175]
[is_enable_sparse: 1]
[enable_bundle: 1]
[use_missing: 1]
[zero_as_missing: 0]
[feature_pre_filter: 1]
[pre_partition: 0]
[two_round: 0]
[header: 0]
[label_column: ]
[weight_column: ]
[group_column: ]
[ignore_column: ]
[categorical_feature: 4,7,18,19,21,24,25,60]
[forcedbins_filename: ]
[precise_float_parser: 0]
[parser_config_file: ]
[objective_seed: 16083]
[num_class: 1]
[is_unbalance: 0]
[scale_pos_weight: 1]
[sigmoid: 1]
[boost_from_average: 1]
[reg_sqrt: 0]
[alpha: 0.84]
[fair_c: 1]
[poisson_max_delta_step: 0.7]
[tweedie_variance_power: 1.5]
[lambdarank_truncation_level: 30]
[lambdarank_norm: 1]
[label_gain: ]
[lambdarank_position_bias_regularization: 0]
[eval_at: ]
[multi_error_top_k: 1]
[auc_mu_weights: ]
[num_machines: 1]
[local_listen_port: 12400]
[time_out: 120]
[machine_list_filename: ]
[machines: ]
[gpu_platform_id: -1]
[gpu_device_id: -1]
[gpu_use_dp: 0]
[num_gpu: 1]

end of parameters

pandas_categorical:[[0, 1], [-1.0, 0.0, 1.0], [-1, 0, 1], [-1, 0, 1], [0, 1, 2, 3, 4, 5], [0, 1], [0, 1], ["Conglomerate", "Finance", "Metals", "Mining", "OilGas", "RealEstate", "Retail", "Tech", "Telecom", "Transport", "Unknown", "Utilities"]]
