model,mae,rmse
Naive,0.1203546528142607,0.17276638375723227
EWMA,0.11665867065159331,0.16923776740669536
