model,mae,rmse
Naive,0.1267868652384903,0.19687989605560824
EWMA,0.11972663463298948,0.18276582007319078
