model,mae,rmse
Naive,0.11301383107868651,0.2653228461201118
EWMA,0.11170300997100709,0.2590141244021957
