model,mae,rmse
Naive,0.14654366057899745,0.3431498133928713
EWMA,0.14125481650438726,0.3201103705206356
