model,mae,rmse
Naive,0.17816144257315705,0.3161887277865053
EWMA,0.1832003948776446,0.3157082350431025
