model,mae,rmse
Naive,0.12700793668692245,0.20438889865880172
EWMA,0.12515138693191563,0.20020857475882506
