model,mae,rmse
Naive,0.13513561636911936,0.18606207035819883
EWMA,0.12866499786328744,0.17645703878279317
