model,mae,rmse
Naive,0.13757491761255117,0.23642470118664466
EWMA,0.13312927743674555,0.2241055978510693
