model,mae,rmse
Naive,0.15607131218506426,0.2662294412230668
EWMA,0.14878827791245164,0.2541638822683063
