model,mae,rmse
Naive,0.13042642180751288,0.1987923431008377
EWMA,0.12617290711471438,0.19117344221885363
