model,mae,rmse
Naive,0.1458196365391773,0.2453711704672238
EWMA,0.14316641292963908,0.23983254542052737
