model,mae,rmse
Naive,0.2115122521553623,0.31933516522603317
EWMA,0.20250196394996878,0.303251705769725
