model,mae,rmse
Naive,0.17160909808156177,0.25294952841454216
EWMA,0.16449452782765236,0.23691100098429058
