model,mae,rmse
Naive,0.127845984665275,0.22283667552384742
EWMA,0.12567244303655434,0.21329516414890828
