model,mae,rmse
Naive,0.14765366982291844,0.3050120266023866
EWMA,0.1449801621535302,0.2911549472743565
