model,mae,rmse
Naive,0.1299874560824969,0.2005173686842747
EWMA,0.12406392776502685,0.19050595949228744
