model,mae,rmse
Naive,0.14292018428516426,0.2685970538186673
EWMA,0.13785462652926808,0.26068947989060776
