model,mae,rmse
Naive,0.16148104546147313,0.2761268925223531
EWMA,0.15915577385779028,0.26405141600609255
