model,mae,rmse
Naive,0.1480544073036089,0.28111531697359693
EWMA,0.14430654839853987,0.27322540556488106
