model,mae,rmse
Naive,0.21313961504049264,0.3159931436109812
EWMA,0.20819092653028012,0.31393169051855024
