model,mae,rmse
Naive,0.26163185453013504,0.5201337414172308
EWMA,0.254077699184955,0.5052954161607586
