model,mae,rmse
Naive,0.19586039989538367,0.35484354699789694
EWMA,0.19565986659144946,0.3422760564684682
