model,mae,rmse
Naive,0.11430983051056046,0.1369546833807143
EWMA,0.1100817083076107,0.13437125856614413
