,volatility,volume,trend,calendar,market,intraday,metadata,other
volatility,0.3635097887881911,0.07070570461832633,-0.06851181951179307,0.010641774757992514,0.14630040033796476,,0.004833040785082626,0.2059359745830708
volume,0.07070570461832636,0.24376148545115245,0.08327802082513916,-0.00695110034778722,0.0006358404650517246,,-0.005120895489732502,0.04988386505905556
trend,-0.06851181951179307,0.08327802082513916,0.32700187288359917,0.009752516203043937,-0.069067244700188,,-0.015075739122978365,0.005815317012328364
calendar,0.010641774757992516,-0.006951100347787217,0.009752516203043937,0.0803495193966369,0.00703532878147387,,0.0002650079360441149,0.009769417061951693
market,0.1463004003379648,0.0006358404650517243,-0.069067244700188,0.00703532878147387,0.22244302806293131,,-0.019858417383163046,0.07202794950833846
intraday,,,,,,,,
metadata,0.004833040785082626,-0.005120895489732503,-0.015075739122978367,0.0002650079360441147,-0.019858417383163046,,-0.11395795870018462,-0.00312151864617887
other,0.2059359745830708,0.04988386505905556,0.00581531701232836,0.009769417061951691,0.07202794950833846,,-0.0031215186461788693,0.08790361474589584
